epoch,iter,loss,ce,dice,nPre,nPost,clip
1,1,1.880553,0.885478,0.995075,5.2091,1.0000,1
1,2,1.766698,0.769357,0.997341,1.6296,1.0000,1
1,3,1.630666,0.633023,0.997643,3.6262,1.0000,1
1,4,1.574974,0.575748,0.999226,1.9958,1.0000,1
1,5,1.439191,0.441077,0.998114,2.9418,1.0000,1
1,6,1.823353,0.831207,0.992146,2.0034,1.0000,1
1,7,1.516161,0.517314,0.998847,1.2824,1.0000,1
1,8,2.539472,1.552209,0.987263,7.2401,1.0000,1
1,9,1.581825,0.586373,0.995452,1.6828,1.0000,1
1,10,2.166906,1.173283,0.993623,5.0791,1.0000,1
1,11,1.490226,0.491328,0.998898,1.1100,1.0000,1
1,12,1.392559,0.393798,0.998761,1.9620,1.0000,1
1,13,1.847683,0.852824,0.994859,1.4619,1.0000,1
1,14,1.466462,0.468994,0.997468,0.6421,0.6421,0
1,15,2.236265,1.245005,0.991260,5.5496,1.0000,1
1,16,1.843872,0.852920,0.990952,2.6727,1.0000,1
1,17,1.540512,0.544034,0.996478,0.2326,0.2326,0
1,18,1.393987,0.394969,0.999017,2.2328,1.0000,1
1,19,1.626937,0.631888,0.995049,0.9112,0.9112,0
1,20,1.583252,0.585666,0.997586,0.4550,0.4550,0
1,21,1.711104,0.716060,0.995044,0.3838,0.3838,0
1,22,1.479130,0.481368,0.997763,1.3864,1.0000,1
1,23,1.814984,0.823671,0.991313,2.2735,1.0000,1
1,24,1.593922,0.598277,0.995645,1.2027,1.0000,1
1,25,1.539583,0.543524,0.996058,0.6422,0.6422,0
1,26,1.580749,0.582550,0.998199,2.7481,1.0000,1
1,27,1.340752,0.341846,0.998906,2.3680,1.0000,1
1,28,1.501545,0.503785,0.997760,1.2381,1.0000,1
1,29,1.410902,0.415541,0.995361,7.4077,1.0000,1
1,30,1.774046,0.775131,0.998915,11.5740,1.0000,1
1,31,1.732299,0.733148,0.999151,16.1275,1.0000,1
1,32,1.157166,0.157916,0.999251,2.4675,1.0000,1
1,33,1.448544,0.450530,0.998014,3.7950,1.0000,1
1,34,1.531765,0.535220,0.996545,1.9885,1.0000,1
1,35,1.592695,0.599051,0.993644,0.8894,0.8894,0
1,36,1.458469,0.461243,0.997226,1.1315,1.0000,1
1,37,1.484176,0.485697,0.998480,1.4884,1.0000,1
1,38,1.276157,0.276279,0.999878,2.0602,1.0000,1
1,39,1.430077,0.432341,0.997736,2.2104,1.0000,1
1,40,1.404780,0.407392,0.997388,1.9968,1.0000,1
1,41,1.863652,0.870831,0.992821,25.8754,1.0000,1
1,42,1.380688,0.384615,0.996073,1.2722,1.0000,1
1,43,1.506587,0.512977,0.993610,4.2586,1.0000,1
1,44,1.195672,0.195739,0.999933,2.3437,1.0000,1
1,45,1.867383,0.872972,0.994411,68.1757,1.0000,1
1,46,2.078076,1.086306,0.991770,14.0349,1.0000,1
1,47,1.615394,0.621488,0.993906,4.8130,1.0000,1
1,48,1.177329,0.177929,0.999400,2.5075,1.0000,1
1,49,1.347177,0.349983,0.997194,2.0858,1.0000,1
1,50,1.442661,0.446602,0.996060,1.4763,1.0000,1
1,51,1.278421,0.280164,0.998257,1.3934,1.0000,1
1,52,1.398645,0.402266,0.996379,1.9732,1.0000,1
1,53,1.477057,0.482238,0.994819,0.8829,0.8829,0
1,54,1.273339,0.277952,0.995387,0.4246,0.4246,0
1,55,1.434489,0.438770,0.995719,0.3629,0.3629,0
1,56,1.532874,0.537552,0.995322,0.2741,0.2741,0
1,57,1.806318,0.812618,0.993700,8.0186,1.0000,1
1,58,1.389579,0.392509,0.997069,2.0311,1.0000,1
1,59,1.686217,0.697930,0.988287,2.9102,1.0000,1
1,60,1.496616,0.501409,0.995207,0.2899,0.2899,0
1,61,1.500460,0.502925,0.997535,1.3120,1.0000,1
1,62,1.358924,0.361805,0.997119,2.1758,1.0000,1
1,63,1.207236,0.208325,0.998911,2.4129,1.0000,1
1,64,1.130810,0.131190,0.999620,1.9508,1.0000,1
1,65,1.461456,0.466039,0.995417,1.8850,1.0000,1
1,66,1.684518,0.691602,0.992916,1.4850,1.0000,1
1,67,1.175991,0.176801,0.999190,3.0912,1.0000,1
1,68,1.136510,0.137231,0.999279,1.2262,1.0000,1
1,69,1.173418,0.174521,0.998897,6.6256,1.0000,1
1,70,1.265809,0.267533,0.998276,1.1585,1.0000,1
1,71,1.226160,0.228295,0.997865,0.8754,0.8754,0
1,72,1.496681,0.502333,0.994348,3.6027,1.0000,1
1,73,2.108280,1.120524,0.987757,8.9525,1.0000,1
1,74,1.453268,0.457966,0.995302,3.3667,1.0000,1
1,75,2.551219,1.565474,0.985745,13.5675,1.0000,1
1,76,1.440298,0.440442,0.999856,6.2212,1.0000,1
1,77,2.057731,1.066271,0.991460,7.9633,1.0000,1
1,78,1.160323,0.161092,0.999231,2.2988,1.0000,1
1,79,1.696095,0.709027,0.987068,2.9684,1.0000,1
1,80,1.489877,0.493310,0.996567,1.0118,1.0000,1
1,81,1.799002,0.812459,0.986543,3.5276,1.0000,1
1,82,1.760768,0.769779,0.990990,1.5491,1.0000,1
1,83,1.271629,0.272651,0.998978,0.8492,0.8492,0
1,84,1.810301,0.819221,0.991080,0.6534,0.6534,0
1,85,1.402120,0.404365,0.997756,1.8327,1.0000,1
1,86,1.265504,0.265944,0.999560,2.9843,1.0000,1
1,87,1.403388,0.406878,0.996510,2.6129,1.0000,1
1,88,1.707889,0.721492,0.986398,2.0438,1.0000,1
1,89,1.426193,0.431293,0.994900,1.3977,1.0000,1
1,90,1.593600,0.601270,0.992330,2.3439,1.0000,1
1,91,1.241491,0.244907,0.996584,2.5679,1.0000,1
1,92,1.841371,0.858309,0.983062,10.8752,1.0000,1
1,93,1.473409,0.482086,0.991322,1.8971,1.0000,1
1,94,1.310965,0.312077,0.998888,2.9992,1.0000,1
1,95,2.496899,1.516135,0.980764,23.0135,1.0000,1
1,96,1.723298,0.731923,0.991376,8.4031,1.0000,1
1,97,1.213815,0.214807,0.999008,4.5197,1.0000,1
1,98,1.531555,0.542646,0.988908,4.4119,1.0000,1
1,99,1.409259,0.414949,0.994310,1.4205,1.0000,1
1,100,2.071197,1.073531,0.997666,1.8377,1.0000,1
1,101,1.347727,0.351393,0.996334,3.5108,1.0000,1
1,102,1.409513,0.415661,0.993852,1.5415,1.0000,1
1,103,1.450634,0.457109,0.993525,1.8540,1.0000,1
1,104,3.460484,2.471656,0.988827,4.5547,1.0000,1
1,105,1.713405,0.716809,0.996596,1.7697,1.0000,1
1,106,1.484826,0.489284,0.995542,5.1415,1.0000,1
1,107,1.310024,0.317628,0.992396,7.3317,1.0000,1
1,108,1.312050,0.314811,0.997239,2.7061,1.0000,1
1,109,1.333494,0.334914,0.998580,5.9876,1.0000,1
1,110,1.543007,0.548677,0.994330,3.7909,1.0000,1
1,111,1.543275,0.554733,0.988542,6.0084,1.0000,1
1,112,1.208207,0.212546,0.995661,1.9493,1.0000,1
1,113,1.236551,0.238232,0.998319,1.3678,1.0000,1
1,114,1.296346,0.300080,0.996267,0.5267,0.5267,0
1,115,1.141970,0.148814,0.993155,0.2385,0.2385,0
1,116,1.419932,0.422739,0.997193,3.4545,1.0000,1
1,117,1.534979,0.543671,0.991308,2.1068,1.0000,1
1,118,1.485782,0.496414,0.989368,1.7655,1.0000,1
1,119,1.239606,0.245648,0.993958,1.1226,1.0000,1
1,120,1.560432,0.565084,0.995348,0.8119,0.8119,0
1,121,1.440666,0.448234,0.992432,0.9994,0.9994,0
1,122,1.510821,0.517715,0.993106,1.7764,1.0000,1
1,123,2.175476,1.186403,0.989073,9.4382,1.0000,1
1,124,1.153594,0.154442,0.999152,1.7488,1.0000,1
1,125,1.668112,0.672870,0.995242,4.9404,1.0000,1
1,126,1.489174,0.508466,0.980709,2.3336,1.0000,1
1,127,1.704629,0.710150,0.994478,9.2505,1.0000,1
1,128,1.488551,0.501338,0.987213,1.1360,1.0000,1
1,129,1.308569,0.315546,0.993023,0.7860,0.7860,0
1,130,1.639792,0.648319,0.991473,2.5055,1.0000,1
1,131,1.680843,0.691429,0.989414,2.5054,1.0000,1
1,132,1.510645,0.514178,0.996467,2.3607,1.0000,1
1,133,1.307529,0.312147,0.995382,2.0182,1.0000,1
1,134,1.683602,0.702731,0.980871,5.1169,1.0000,1
1,135,1.311648,0.312992,0.998656,3.5216,1.0000,1
1,136,1.609436,0.619145,0.990291,1.2125,1.0000,1
1,137,1.504923,0.509599,0.995325,0.8403,0.8403,0
1,138,1.341000,0.344957,0.996044,0.7971,0.7971,0
1,139,1.801818,0.820709,0.981109,4.1262,1.0000,1
1,140,1.552135,0.557085,0.995050,1.3867,1.0000,1
1,141,1.312688,0.315235,0.997453,0.1769,0.1769,0
1,142,1.244944,0.247226,0.997718,3.0787,1.0000,1
1,143,1.528862,0.535260,0.993602,1.8647,1.0000,1
1,144,1.312455,0.313861,0.998594,1.7139,1.0000,1
1,145,1.262814,0.271175,0.991638,1.0246,1.0000,1
1,146,1.463491,0.465820,0.997671,1.7969,1.0000,1
1,147,1.425878,0.430631,0.995247,5.5614,1.0000,1
1,148,1.791034,0.795681,0.995353,9.0205,1.0000,1
1,149,2.355246,1.371170,0.984076,17.5591,1.0000,1
1,150,1.292281,0.297208,0.995073,1.6597,1.0000,1
1,151,1.220898,0.226785,0.994113,0.3817,0.3817,0
1,152,1.171301,0.172175,0.999126,2.0290,1.0000,1
1,153,1.328791,0.331056,0.997735,1.7259,1.0000,1
1,154,1.309630,0.311783,0.997847,0.6356,0.6356,0
1,155,1.579459,0.588415,0.991045,3.0655,1.0000,1
1,156,2.053606,1.062873,0.990732,8.7315,1.0000,1
1,157,1.205057,0.206877,0.998180,0.7191,0.7191,0
1,158,1.522250,0.528788,0.993462,0.3718,0.3718,0
1,159,1.411060,0.417187,0.993873,1.7718,1.0000,1
1,160,1.706218,0.717074,0.989144,2.0278,1.0000,1
1,161,1.450093,0.453537,0.996557,0.8946,0.8946,0
1,162,1.751815,0.759602,0.992213,4.1816,1.0000,1
1,163,1.273732,0.274864,0.998868,3.3380,1.0000,1
1,164,1.475342,0.485160,0.990182,2.1023,1.0000,1
1,165,1.212355,0.213787,0.998568,1.9850,1.0000,1
1,166,1.505589,0.511378,0.994211,2.4744,1.0000,1
1,167,1.446025,0.458396,0.987630,1.4205,1.0000,1
1,168,1.303992,0.305563,0.998429,4.0199,1.0000,1
1,169,1.328734,0.333739,0.994995,2.5201,1.0000,1
1,170,1.376779,0.385016,0.991763,1.4687,1.0000,1
1,171,1.367508,0.370752,0.996756,2.8973,1.0000,1
1,172,1.440584,0.448526,0.992058,0.7396,0.7396,0
1,173,1.196317,0.197388,0.998929,2.9632,1.0000,1
1,174,2.083605,1.095503,0.988102,12.5459,1.0000,1
1,175,1.724423,0.734012,0.990411,4.2955,1.0000,1
1,176,1.817409,0.826179,0.991230,10.5469,1.0000,1
1,177,1.649410,0.657744,0.991666,2.5675,1.0000,1
1,178,1.233179,0.237933,0.995245,0.9204,0.9204,0
1,179,1.492903,0.507640,0.985263,5.8135,1.0000,1
1,180,1.288472,0.289780,0.998691,2.5644,1.0000,1
1,181,1.389306,0.396286,0.993020,1.6203,1.0000,1
1,182,1.794810,0.806191,0.988619,11.0494,1.0000,1
1,183,1.379674,0.385918,0.993755,1.8538,1.0000,1
1,184,1.203912,0.208313,0.995599,0.7009,0.7009,0
1,185,1.261804,0.266613,0.995191,2.3954,1.0000,1
1,186,1.314301,0.315923,0.998379,1.8798,1.0000,1
1,187,1.144368,0.144479,0.999889,1.4882,1.0000,1
1,188,1.289614,0.297622,0.991992,0.6767,0.6767,0
1,189,1.452816,0.466087,0.986730,0.9955,0.9955,0
1,190,1.428945,0.432270,0.996675,0.7735,0.7735,0
1,191,1.489624,0.491421,0.998203,1.9143,1.0000,1
1,192,1.241720,0.242658,0.999062,0.4001,0.4001,0
1,193,1.853316,0.864969,0.988347,7.8427,1.0000,1
1,194,1.342993,0.347703,0.995290,2.0913,1.0000,1
1,195,1.950507,0.962539,0.987968,7.1682,1.0000,1
1,196,1.420333,0.424480,0.995854,3.3608,1.0000,1
1,197,1.320562,0.324297,0.996265,0.8067,0.8067,0
1,198,1.329883,0.335564,0.994319,1.0348,1.0000,1
1,199,1.710129,0.718605,0.991524,2.4613,1.0000,1
1,200,1.344123,0.346103,0.998020,2.9446,1.0000,1
1,201,1.465240,0.469385,0.995856,4.1244,1.0000,1
1,202,1.238050,0.239432,0.998618,1.0365,1.0000,1
1,203,1.531398,0.537672,0.993726,1.3776,1.0000,1
1,204,1.387247,0.391566,0.995681,0.8858,0.8858,0
1,205,1.293511,0.296746,0.996765,2.3075,1.0000,1
1,206,1.272918,0.275221,0.997696,2.0218,1.0000,1
1,207,1.254769,0.260329,0.994441,0.4423,0.4423,0
1,208,1.283123,0.284150,0.998974,1.6044,1.0000,1
1,209,1.449931,0.456200,0.993731,2.2606,1.0000,1
1,210,1.873089,0.879301,0.993788,7.0489,1.0000,1
1,211,1.333982,0.335636,0.998346,0.6683,0.6683,0
1,212,1.656324,0.666913,0.989411,2.7265,1.0000,1
1,213,1.249200,0.251350,0.997850,0.8294,0.8294,0
1,214,1.211835,0.212860,0.998975,2.5242,1.0000,1
1,215,1.622390,0.626602,0.995788,50.9580,1.0000,1
1,216,1.528430,0.531375,0.997056,53.0706,1.0000,1
1,217,1.942290,0.949913,0.992376,43.8389,1.0000,1
1,218,1.208052,0.212382,0.995669,0.3405,0.3405,0
1,219,1.570570,0.577425,0.993146,3.8220,1.0000,1
1,220,1.201893,0.207578,0.994315,0.6936,0.6936,0
1,221,1.455000,0.464015,0.990985,1.3110,1.0000,1
1,222,1.337909,0.341522,0.996387,0.6421,0.6421,0
1,223,1.640159,0.648432,0.991726,0.6753,0.6753,0
1,224,1.276203,0.279147,0.997055,1.1754,1.0000,1
1,225,1.515757,0.520876,0.994881,0.5566,0.5566,0
1,226,1.282721,0.291518,0.991203,0.7967,0.7967,0
1,227,1.456414,0.462875,0.993539,0.6514,0.6514,0
1,228,1.416437,0.422274,0.994163,1.4012,1.0000,1
1,229,1.353155,0.356681,0.996474,1.1951,1.0000,1
1,230,1.335207,0.340988,0.994219,0.8833,0.8833,0
1,231,1.654715,0.656627,0.998088,6.5645,1.0000,1
1,232,1.240696,0.242248,0.998448,1.4626,1.0000,1
1,233,1.204986,0.207686,0.997300,1.2276,1.0000,1
1,234,1.476101,0.482261,0.993840,0.8877,0.8877,0
1,235,2.174589,1.182543,0.992046,12.9564,1.0000,1
1,236,1.917837,0.932589,0.985247,11.9371,1.0000,1
1,237,1.418022,0.419512,0.998510,2.1216,1.0000,1
1,238,1.344885,0.348981,0.995905,2.5503,1.0000,1
1,239,1.460899,0.464636,0.996263,1.6795,1.0000,1
1,240,1.536722,0.539078,0.997643,6.1598,1.0000,1
1,241,1.188890,0.191547,0.997342,2.7544,1.0000,1
1,242,1.761373,0.771299,0.990074,1.2871,1.0000,1
1,243,1.879799,0.888800,0.990999,9.2166,1.0000,1
1,244,1.444595,0.448376,0.996220,2.6399,1.0000,1
1,245,1.134983,0.135687,0.999296,1.6282,1.0000,1
1,246,1.320631,0.322562,0.998068,1.4667,1.0000,1
1,247,1.910773,0.920729,0.990044,8.2078,1.0000,1
1,248,1.469016,0.475929,0.993087,1.8181,1.0000,1
1,249,1.264926,0.268213,0.996713,1.2945,1.0000,1
1,250,1.430284,0.434952,0.995332,0.4831,0.4831,0
1,251,1.521906,0.526180,0.995726,1.4870,1.0000,1
1,252,1.212607,0.214535,0.998072,1.6640,1.0000,1
1,253,1.372315,0.374989,0.997326,3.4993,1.0000,1
1,254,1.257766,0.261753,0.996013,0.8133,0.8133,0
1,255,1.316933,0.321143,0.995790,1.6964,1.0000,1
1,256,1.627154,0.632597,0.994557,3.8284,1.0000,1
1,257,1.780442,0.794026,0.986417,4.7510,1.0000,1
1,258,1.645273,0.650430,0.994843,2.3382,1.0000,1
1,259,1.333472,0.336493,0.996980,1.0601,1.0000,1
1,260,1.419560,0.422966,0.996594,2.6743,1.0000,1
1,261,1.123143,0.124287,0.998856,1.2312,1.0000,1
1,262,1.723794,0.731336,0.992458,5.3458,1.0000,1
1,263,1.583114,0.585788,0.997326,8.5797,1.0000,1
1,264,1.418262,0.424337,0.993925,1.2890,1.0000,1
1,265,1.415820,0.419557,0.996263,1.0089,1.0000,1
1,266,1.390322,0.393783,0.996539,2.1919,1.0000,1
1,267,1.407514,0.411977,0.995536,1.2389,1.0000,1
1,268,1.280321,0.285757,0.994564,1.9562,1.0000,1
1,269,1.229794,0.231741,0.998053,2.8910,1.0000,1
1,270,1.646107,0.662912,0.983196,4.4342,1.0000,1
1,271,1.774440,0.778529,0.995911,5.0693,1.0000,1
1,272,1.576723,0.587132,0.989591,4.7838,1.0000,1
1,273,1.319704,0.322806,0.996898,1.9812,1.0000,1
1,274,1.907658,0.917697,0.989962,2.3198,1.0000,1
1,275,1.369025,0.376027,0.992998,1.4260,1.0000,1
1,276,1.218729,0.221456,0.997272,0.7635,0.7635,0
1,277,1.618148,0.630233,0.987915,4.9009,1.0000,1
1,278,1.133654,0.134475,0.999179,1.7797,1.0000,1
1,279,1.986012,0.986889,0.999123,4.0930,1.0000,1
1,280,1.485482,0.495807,0.989675,4.1489,1.0000,1
1,281,1.526589,0.531656,0.994933,4.5346,1.0000,1
1,282,1.554482,0.560217,0.994266,2.6551,1.0000,1
1,283,1.227058,0.228181,0.998877,1.8296,1.0000,1
1,284,1.216345,0.218247,0.998098,1.2848,1.0000,1
1,285,1.342855,0.346864,0.995991,3.4785,1.0000,1
1,286,1.454937,0.461407,0.993530,5.0540,1.0000,1
1,287,1.540128,0.555099,0.985029,6.4886,1.0000,1
1,288,1.644543,0.652102,0.992441,3.9468,1.0000,1
1,289,1.726699,0.736634,0.990065,5.2113,1.0000,1
1,290,1.270330,0.272108,0.998222,0.2631,0.2631,0
1,291,1.226230,0.232176,0.994054,1.3765,1.0000,1
1,292,1.418598,0.421773,0.996825,1.9165,1.0000,1
1,293,1.295626,0.306180,0.989446,1.7528,1.0000,1
1,294,1.505607,0.510081,0.995526,2.4606,1.0000,1
1,295,1.255385,0.261975,0.993411,1.3983,1.0000,1
1,296,1.371606,0.374789,0.996817,2.7037,1.0000,1
1,297,1.334191,0.335536,0.998656,3.8182,1.0000,1
1,298,1.491123,0.501954,0.989169,3.8004,1.0000,1
1,299,1.172500,0.173627,0.998872,1.2840,1.0000,1
1,300,1.390529,0.396374,0.994155,0.7235,0.7235,0
1,301,1.546154,0.549642,0.996512,6.6656,1.0000,1
1,302,1.494835,0.497969,0.996866,1.6428,1.0000,1
1,303,1.498665,0.505176,0.993490,1.3838,1.0000,1
1,304,1.762384,0.774886,0.987498,6.7427,1.0000,1
1,305,1.188188,0.188245,0.999943,4.1663,1.0000,1
1,306,1.461819,0.469716,0.992102,1.5429,1.0000,1
1,307,1.457707,0.463870,0.993837,0.8946,0.8946,0
1,308,1.640478,0.649654,0.990823,2.9129,1.0000,1
1,309,2.046259,1.062402,0.983857,5.9188,1.0000,1
1,310,1.318988,0.321502,0.997486,1.2080,1.0000,1
1,311,1.463800,0.466949,0.996852,2.8017,1.0000,1
1,312,1.788860,0.796313,0.992547,6.6838,1.0000,1
1,313,1.300955,0.305261,0.995694,0.7346,0.7346,0
1,314,1.572578,0.578188,0.994390,5.7525,1.0000,1
1,315,1.291680,0.293688,0.997992,1.3362,1.0000,1
1,316,1.081942,0.082260,0.999682,1.0449,1.0000,1
1,317,1.712272,0.724113,0.988159,1.1952,1.0000,1
1,318,1.297604,0.299014,0.998589,1.1524,1.0000,1
1,319,1.433974,0.439958,0.994016,1.2811,1.0000,1
1,320,1.992660,1.008836,0.983823,11.1756,1.0000,1
1,321,1.455161,0.462134,0.993028,1.9577,1.0000,1
1,322,1.167097,0.167457,0.999641,0.5448,0.5448,0
1,323,1.545212,0.555360,0.989852,1.1487,1.0000,1
1,324,1.230760,0.234121,0.996639,1.6068,1.0000,1
1,325,1.262447,0.266726,0.995721,1.9850,1.0000,1
1,326,1.631123,0.638511,0.992612,1.9892,1.0000,1
1,327,1.210228,0.211824,0.998404,3.2873,1.0000,1
1,328,1.317684,0.325969,0.991715,3.7060,1.0000,1
1,329,1.259155,0.263799,0.995356,1.7417,1.0000,1
1,330,1.513924,0.522896,0.991028,2.1667,1.0000,1
1,331,1.247813,0.253179,0.994634,1.7467,1.0000,1
1,332,1.246059,0.248917,0.997142,0.9447,0.9447,0
1,333,1.600250,0.605815,0.994435,3.4896,1.0000,1
1,334,1.295460,0.298421,0.997039,1.0685,1.0000,1
1,335,1.347214,0.362531,0.984683,1.0012,1.0000,1
1,336,1.337264,0.339381,0.997883,2.7041,1.0000,1
1,337,1.595861,0.605189,0.990672,2.9140,1.0000,1
1,338,1.318686,0.322530,0.996157,0.6127,0.6127,0
1,339,1.195729,0.199956,0.995772,1.1142,1.0000,1
1,340,1.507908,0.513252,0.994656,3.7779,1.0000,1
1,341,1.296232,0.303138,0.993093,0.6011,0.6011,0
1,342,2.196447,1.202562,0.993885,11.2928,1.0000,1
1,343,1.236739,0.237963,0.998777,1.8698,1.0000,1
1,344,1.341442,0.343121,0.998320,3.4140,1.0000,1
1,345,1.438097,0.441144,0.996953,3.0910,1.0000,1
1,346,1.303331,0.311449,0.991882,0.7173,0.7173,0
1,347,1.698441,0.703915,0.994526,3.8346,1.0000,1
1,348,1.447232,0.449232,0.998000,4.1252,1.0000,1
1,349,1.202412,0.206705,0.995707,0.7869,0.7869,0
1,350,2.043369,1.062297,0.981072,13.7050,1.0000,1
1,351,1.408533,0.415305,0.993228,2.0610,1.0000,1
1,352,1.401585,0.404052,0.997533,0.6955,0.6955,0
1,353,1.594611,0.604744,0.989867,1.7503,1.0000,1
1,354,1.448646,0.450684,0.997962,2.0678,1.0000,1
1,355,1.343725,0.347557,0.996168,1.2147,1.0000,1
1,356,1.576539,0.583893,0.992646,1.4828,1.0000,1
1,357,1.562541,0.568899,0.993643,1.7050,1.0000,1
1,358,1.875690,0.884164,0.991526,7.7316,1.0000,1
1,359,1.310954,0.312400,0.998554,1.0050,1.0000,1
1,360,2.093520,1.106394,0.987126,8.2449,1.0000,1
1,361,1.303562,0.306994,0.996568,0.9288,0.9288,0
1,362,1.150090,0.150635,0.999455,2.8903,1.0000,1
1,363,1.466880,0.470765,0.996116,1.6763,1.0000,1
1,364,1.328317,0.331696,0.996621,0.5523,0.5523,0
1,365,1.347404,0.349680,0.997724,3.9255,1.0000,1
1,366,1.302042,0.306322,0.995720,1.0327,1.0000,1
1,367,1.364774,0.369921,0.994853,0.9364,0.9364,0
1,368,1.564447,0.566137,0.998310,3.4506,1.0000,1
1,369,1.341080,0.345142,0.995938,1.0012,1.0000,1
1,370,1.506846,0.513030,0.993816,1.5893,1.0000,1
1,371,1.384682,0.388430,0.996252,0.6643,0.6643,0
1,372,1.309474,0.312208,0.997265,0.7957,0.7957,0
1,373,1.370914,0.376993,0.993921,1.5342,1.0000,1
1,374,1.259390,0.262102,0.997287,1.0873,1.0000,1
1,375,1.400606,0.405003,0.995603,0.7795,0.7795,0
1,376,1.820272,0.823352,0.996920,5.1328,1.0000,1
1,377,1.157908,0.160498,0.997409,0.5321,0.5321,0
1,378,1.211382,0.213212,0.998170,0.9574,0.9574,0
1,379,1.946321,0.957382,0.988939,11.1804,1.0000,1
1,380,1.835308,0.844861,0.990447,9.2098,1.0000,1
1,381,1.421298,0.425955,0.995343,1.7717,1.0000,1
1,382,1.528665,0.536356,0.992309,2.6001,1.0000,1
1,383,1.134356,0.137824,0.996531,0.7457,0.7457,0
1,384,2.024268,1.035581,0.988687,8.2565,1.0000,1
1,385,1.427894,0.434112,0.993782,1.9194,1.0000,1
1,386,1.400346,0.405881,0.994465,0.5422,0.5422,0
1,387,1.208099,0.210549,0.997550,0.7991,0.7991,0
1,388,1.287720,0.291357,0.996364,1.7092,1.0000,1
1,389,1.197863,0.198897,0.998965,2.6512,1.0000,1
1,390,1.469515,0.475592,0.993922,2.2828,1.0000,1
1,391,1.480891,0.486573,0.994319,3.1911,1.0000,1
1,392,1.405118,0.407366,0.997752,0.9989,0.9989,0
1,393,1.283855,0.286415,0.997440,3.0882,1.0000,1
1,394,1.156488,0.157901,0.998588,1.5414,1.0000,1
1,395,1.155650,0.157216,0.998433,0.8951,0.8951,0
1,396,1.704494,0.721061,0.983433,5.0323,1.0000,1
1,397,1.160280,0.160447,0.999833,2.1647,1.0000,1
1,398,1.361217,0.367140,0.994077,1.6028,1.0000,1
1,399,1.707709,0.716982,0.990727,8.1054,1.0000,1
1,400,1.664789,0.675062,0.989728,8.7515,1.0000,1
1,401,1.976994,0.990333,0.986661,9.6141,1.0000,1
1,402,1.523233,0.528049,0.995184,2.3701,1.0000,1
1,403,1.271953,0.276355,0.995598,1.3236,1.0000,1
1,404,1.963022,0.968869,0.994153,9.5697,1.0000,1
1,405,1.746893,0.753682,0.993211,7.3663,1.0000,1
1,406,2.070381,1.084473,0.985908,10.4983,1.0000,1
1,407,2.141955,1.153477,0.988478,12.2296,1.0000,1
1,408,1.535382,0.543775,0.991606,3.8941,1.0000,1
1,409,1.362697,0.365391,0.997305,0.5177,0.5177,0
1,410,1.277697,0.280051,0.997646,2.3276,1.0000,1
1,411,1.405455,0.409292,0.996163,0.7408,0.7408,0
1,412,1.295876,0.297372,0.998504,5.4030,1.0000,1
1,413,1.701917,0.724330,0.977586,3.3883,1.0000,1
1,414,1.591130,0.599266,0.991864,1.5735,1.0000,1
1,415,1.148169,0.148426,0.999743,2.9800,1.0000,1
1,416,1.679542,0.694062,0.985480,1.8186,1.0000,1
1,417,1.429411,0.430283,0.999128,4.4386,1.0000,1
1,418,1.499120,0.503712,0.995408,3.0262,1.0000,1
1,419,1.919609,0.927753,0.991855,4.1849,1.0000,1
1,420,1.483700,0.487050,0.996649,3.4147,1.0000,1
1,421,1.258803,0.263107,0.995696,2.2519,1.0000,1
1,422,1.572454,0.580471,0.991983,2.8944,1.0000,1
1,423,1.313379,0.317412,0.995967,1.7868,1.0000,1
1,424,1.256059,0.259278,0.996781,1.2761,1.0000,1
1,425,1.428937,0.430271,0.998666,2.5238,1.0000,1
1,426,1.309060,0.313566,0.995494,0.6507,0.6507,0
1,427,1.251252,0.258294,0.992958,0.6061,0.6061,0
1,428,1.261677,0.264685,0.996993,0.7953,0.7953,0
1,429,1.246636,0.252021,0.994615,2.5228,1.0000,1
1,430,1.160138,0.160819,0.999319,1.4799,1.0000,1
1,431,1.050028,0.050767,0.999261,0.6452,0.6452,0
1,432,1.392558,0.398365,0.994193,2.6579,1.0000,1
1,433,1.844728,0.853743,0.990985,17.9721,1.0000,1
1,434,2.049146,1.061242,0.987904,14.0875,1.0000,1
1,435,1.813833,0.824004,0.989829,15.1860,1.0000,1
1,436,1.150388,0.151183,0.999205,0.8971,0.8971,0
1,437,1.838516,0.850826,0.987690,10.5757,1.0000,1
1,438,1.595325,0.599745,0.995580,2.9123,1.0000,1
1,439,1.242949,0.246156,0.996792,1.0843,1.0000,1
1,440,1.704777,0.713028,0.991749,4.1120,1.0000,1
1,441,1.135739,0.137343,0.998396,1.5703,1.0000,1
1,442,1.226776,0.230685,0.996091,1.7351,1.0000,1
1,443,1.808698,0.820731,0.987966,5.3794,1.0000,1
1,444,1.141402,0.142162,0.999239,1.6103,1.0000,1
1,445,1.477477,0.484163,0.993314,2.4065,1.0000,1
1,446,1.425848,0.434831,0.991017,3.0986,1.0000,1
1,447,1.331680,0.338389,0.993291,1.1454,1.0000,1
1,448,1.175216,0.175664,0.999552,1.5510,1.0000,1
1,449,1.951809,0.959180,0.992630,11.2051,1.0000,1
1,450,1.269427,0.272046,0.997381,1.2243,1.0000,1
1,451,1.662576,0.670148,0.992428,1.0662,1.0000,1
1,452,1.306522,0.307449,0.999073,3.1594,1.0000,1
1,453,1.569179,0.573828,0.995351,2.0596,1.0000,1
1,454,1.555982,0.564791,0.991191,0.9844,0.9844,0
1,455,1.403666,0.411386,0.992280,2.0507,1.0000,1
1,456,1.772572,0.782991,0.989581,0.8862,0.8862,0
1,457,1.123377,0.124027,0.999351,1.8776,1.0000,1
1,458,1.685786,0.694205,0.991581,2.0432,1.0000,1
1,459,1.730541,0.735358,0.995183,3.1369,1.0000,1
1,460,1.599015,0.616871,0.982143,1.5275,1.0000,1
1,461,1.548362,0.553066,0.995296,1.1445,1.0000,1
1,462,1.395015,0.400214,0.994801,2.5587,1.0000,1
1,463,1.546850,0.552197,0.994653,2.5503,1.0000,1
1,464,1.350200,0.355097,0.995104,1.1757,1.0000,1
1,465,1.676526,0.683917,0.992609,2.5170,1.0000,1
1,466,1.283919,0.285476,0.998443,0.7074,0.7074,0
1,467,1.426970,0.436009,0.990961,1.5054,1.0000,1
1,468,1.239669,0.244030,0.995639,1.6292,1.0000,1
1,469,1.549762,0.557396,0.992366,2.6718,1.0000,1
1,470,1.383685,0.388043,0.995642,2.8124,1.0000,1
1,471,1.633927,0.637214,0.996713,4.2871,1.0000,1
1,472,1.305796,0.308493,0.997303,2.3031,1.0000,1
1,473,1.306440,0.310235,0.996205,2.3582,1.0000,1
1,474,1.377556,0.384198,0.993358,1.6071,1.0000,1
1,475,1.091073,0.091459,0.999614,1.9547,1.0000,1
1,476,1.427890,0.431387,0.996503,1.5371,1.0000,1
1,477,1.437509,0.441834,0.995675,1.7664,1.0000,1
1,478,1.768979,0.779010,0.989969,13.7963,1.0000,1
1,479,1.272981,0.275283,0.997698,0.8818,0.8818,0
1,480,1.314834,0.317198,0.997637,0.9582,0.9582,0
1,481,1.295377,0.300714,0.994663,0.7575,0.7575,0
1,482,2.718078,1.721683,0.996395,11.5747,1.0000,1
1,483,1.743131,0.744522,0.998609,24.9697,1.0000,1
1,484,1.561805,0.569164,0.992642,5.2928,1.0000,1
1,485,1.669832,0.672162,0.997670,33.1683,1.0000,1
1,486,1.179396,0.181395,0.998001,4.1721,1.0000,1
1,487,2.125092,1.136393,0.988699,10.7196,1.0000,1
1,488,1.312087,0.316186,0.995901,5.4793,1.0000,1
1,489,1.479335,0.486520,0.992815,4.9174,1.0000,1
1,490,1.202030,0.203926,0.998103,0.3953,0.3953,0
1,491,1.077779,0.078121,0.999658,1.6039,1.0000,1
1,492,1.949503,0.964612,0.984891,7.2036,1.0000,1
1,493,1.118742,0.119332,0.999410,0.4642,0.4642,0
1,494,1.223759,0.225573,0.998187,0.8757,0.8757,0
1,495,1.334896,0.339091,0.995805,1.8171,1.0000,1
1,496,1.752612,0.770440,0.982172,5.9783,1.0000,1
1,497,1.301181,0.302843,0.998338,1.2656,1.0000,1
1,498,1.648958,0.658465,0.990494,3.9951,1.0000,1
1,499,1.593684,0.603975,0.989710,1.6112,1.0000,1
1,500,1.547972,0.560197,0.987776,1.5764,1.0000,1
1,501,1.309425,0.312038,0.997387,1.0157,1.0000,1
1,502,1.569049,0.577687,0.991362,2.2603,1.0000,1
1,503,1.694645,0.702112,0.992533,2.6922,1.0000,1
1,504,1.310411,0.315562,0.994848,2.0111,1.0000,1
1,505,1.442498,0.447011,0.995488,1.0667,1.0000,1
1,506,1.397594,0.402844,0.994750,2.5917,1.0000,1
1,507,1.269828,0.272569,0.997259,1.6428,1.0000,1
1,508,1.285155,0.285733,0.999422,4.9037,1.0000,1
1,509,1.490429,0.498785,0.991644,1.3848,1.0000,1
1,510,1.685188,0.690880,0.994307,3.6559,1.0000,1
1,511,1.308376,0.313424,0.994952,0.9403,0.9403,0
1,512,1.350861,0.352021,0.998840,2.1851,1.0000,1
1,513,1.271321,0.274928,0.996393,1.4637,1.0000,1
1,514,1.417110,0.421743,0.995367,2.9451,1.0000,1
1,515,1.726885,0.734208,0.992677,7.4250,1.0000,1
1,516,1.232822,0.236626,0.996196,1.8101,1.0000,1
1,517,1.921022,0.935118,0.985903,12.0140,1.0000,1
1,518,1.278292,0.280633,0.997658,1.0125,1.0000,1
1,519,1.120145,0.120510,0.999635,1.1801,1.0000,1
1,520,1.276187,0.278777,0.997410,2.0308,1.0000,1
1,521,1.310241,0.314410,0.995831,1.4785,1.0000,1
1,522,1.713855,0.725018,0.988836,7.3853,1.0000,1
1,523,1.104628,0.105013,0.999615,1.6652,1.0000,1
1,524,1.560332,0.568043,0.992289,2.8991,1.0000,1
1,525,1.535923,0.542296,0.993628,3.1497,1.0000,1
1,526,1.381225,0.384846,0.996379,1.4993,1.0000,1
1,527,1.195254,0.197638,0.997617,1.3265,1.0000,1
1,528,1.233119,0.236584,0.996536,0.9664,0.9664,0
1,529,1.298178,0.305501,0.992678,1.1949,1.0000,1
1,530,1.465697,0.469444,0.996253,3.6970,1.0000,1
1,531,1.278953,0.282267,0.996686,1.2253,1.0000,1
1,532,1.244150,0.249365,0.994785,1.4697,1.0000,1
1,533,1.747887,0.752609,0.995278,7.7487,1.0000,1
1,534,1.287477,0.291443,0.996034,1.5016,1.0000,1
1,535,1.689528,0.697257,0.992271,5.0374,1.0000,1
1,536,1.644770,0.652906,0.991864,1.9380,1.0000,1
1,537,1.267071,0.285402,0.981669,3.0544,1.0000,1
1,538,1.459731,0.471102,0.988629,1.4810,1.0000,1
1,539,1.466535,0.469058,0.997477,2.0637,1.0000,1
1,540,2.224553,1.232279,0.992274,12.9555,1.0000,1
1,541,1.372432,0.374001,0.998431,3.5289,1.0000,1
1,542,1.214205,0.215273,0.998932,2.2135,1.0000,1
1,543,1.427063,0.430443,0.996620,0.5008,0.5008,0
1,544,1.610967,0.619755,0.991212,1.0021,1.0000,1
1,545,1.546515,0.551285,0.995230,0.9871,0.9871,0
1,546,1.461225,0.463335,0.997890,3.1086,1.0000,1
1,547,1.208509,0.209435,0.999074,3.0106,1.0000,1
1,548,1.623306,0.634044,0.989262,0.9719,0.9719,0
1,549,1.417914,0.425368,0.992546,0.8959,0.8959,0
1,550,1.354732,0.359109,0.995623,2.2366,1.0000,1
1,551,1.401898,0.406384,0.995514,1.8902,1.0000,1
1,552,1.427971,0.432527,0.995445,1.1976,1.0000,1
1,553,1.497496,0.499345,0.998150,1.6887,1.0000,1
1,554,1.467916,0.474067,0.993849,1.2182,1.0000,1
1,555,1.540799,0.545512,0.995288,1.9511,1.0000,1
1,556,1.248561,0.250566,0.997995,0.8696,0.8696,0
1,557,1.098338,0.098812,0.999525,1.2794,1.0000,1
1,558,1.638302,0.643974,0.994328,4.1064,1.0000,1
1,559,1.733117,0.742206,0.990911,8.1964,1.0000,1
1,560,1.214551,0.218417,0.996134,0.9076,0.9076,0
1,561,1.723392,0.730897,0.992494,3.6351,1.0000,1
1,562,1.518178,0.524982,0.993196,2.7136,1.0000,1
1,563,1.698092,0.704814,0.993278,4.0433,1.0000,1
1,564,1.561197,0.566376,0.994821,0.7477,0.7477,0
1,565,1.945371,0.974077,0.971294,6.1780,1.0000,1
1,566,1.547576,0.550883,0.996693,0.8709,0.8709,0
1,567,1.536955,0.545153,0.991802,2.2473,1.0000,1
1,568,1.610487,0.616673,0.993814,1.2358,1.0000,1
1,569,1.291286,0.292829,0.998456,2.2090,1.0000,1
1,570,1.493960,0.506461,0.987499,1.0411,1.0000,1
1,571,1.305291,0.311199,0.994092,1.2483,1.0000,1
1,572,1.424600,0.429570,0.995030,1.4469,1.0000,1
1,573,1.645172,0.659120,0.986051,1.3078,1.0000,1
1,574,1.143193,0.145185,0.998008,2.2030,1.0000,1
1,575,1.312125,0.317138,0.994987,1.7350,1.0000,1
1,576,1.303047,0.308551,0.994496,0.8519,0.8519,0
1,577,1.748951,0.759871,0.989080,2.1523,1.0000,1
1,578,1.523430,0.533267,0.990163,3.6108,1.0000,1
1,579,1.332251,0.333862,0.998389,2.1875,1.0000,1
1,580,1.403437,0.408455,0.994982,1.5714,1.0000,1
1,581,1.193359,0.195499,0.997861,2.3151,1.0000,1
1,582,1.444215,0.451163,0.993052,2.3089,1.0000,1
1,583,1.507076,0.507414,0.999662,3.9173,1.0000,1
1,584,1.290850,0.292397,0.998453,0.3523,0.3523,0
1,585,1.178398,0.180161,0.998237,0.3403,0.3403,0
1,586,1.416804,0.420717,0.996088,4.5844,1.0000,1
1,587,1.777948,0.786437,0.991511,8.7866,1.0000,1
1,588,1.406773,0.414008,0.992765,3.0780,1.0000,1
1,589,2.359974,1.378327,0.981647,18.1534,1.0000,1
1,590,1.904947,0.911413,0.993534,11.9849,1.0000,1
1,591,1.454399,0.455021,0.999378,3.7544,1.0000,1
1,592,1.096806,0.097214,0.999592,1.4089,1.0000,1
1,593,1.542197,0.548026,0.994170,1.4366,1.0000,1
1,594,1.285623,0.292540,0.993083,1.7371,1.0000,1
1,595,1.130971,0.132297,0.998673,1.5191,1.0000,1
1,596,1.665920,0.672707,0.993213,1.4781,1.0000,1
1,597,1.498825,0.508096,0.990729,1.6955,1.0000,1
1,598,1.425557,0.430569,0.994988,1.9305,1.0000,1
1,599,1.355583,0.359446,0.996138,2.3261,1.0000,1
1,600,1.414156,0.424662,0.989494,0.8570,0.8570,0
1,601,1.388629,0.392916,0.995713,1.7842,1.0000,1
1,602,1.234714,0.237281,0.997434,2.1901,1.0000,1
1,603,1.450066,0.452651,0.997415,1.2140,1.0000,1
1,604,1.460958,0.468251,0.992707,0.5410,0.5410,0
1,605,1.479832,0.487707,0.992125,0.9191,0.9191,0
1,606,1.429160,0.435935,0.993224,1.8011,1.0000,1
1,607,1.410844,0.423110,0.987734,2.0896,1.0000,1
1,608,1.502933,0.511310,0.991624,1.3177,1.0000,1
1,609,1.206365,0.208480,0.997885,0.9270,0.9270,0
1,610,1.390567,0.397080,0.993486,2.2271,1.0000,1
1,611,1.750683,0.780386,0.970297,11.0542,1.0000,1
1,612,1.234264,0.236351,0.997913,1.7492,1.0000,1
1,613,1.948234,0.962037,0.986197,10.2788,1.0000,1
1,614,1.578152,0.583088,0.995064,2.4373,1.0000,1
1,615,1.588864,0.593599,0.995265,1.6137,1.0000,1
1,616,1.426887,0.433833,0.993054,1.4064,1.0000,1
1,617,1.823349,0.843062,0.980287,8.1423,1.0000,1
1,618,1.330000,0.334845,0.995156,0.6722,0.6722,0
1,619,1.453377,0.463002,0.990375,2.5446,1.0000,1
1,620,1.060779,0.060796,0.999983,1.3611,1.0000,1
1,621,1.604470,0.614038,0.990432,1.0098,1.0000,1
1,622,1.553542,0.561307,0.992235,2.8568,1.0000,1
1,623,1.302834,0.307905,0.994929,0.5866,0.5866,0
1,624,1.661611,0.667115,0.994495,1.2647,1.0000,1
1,625,1.552453,0.565748,0.986705,4.9749,1.0000,1
1,626,1.584394,0.594356,0.990038,0.5853,0.5853,0
1,627,1.064613,0.064628,0.999984,1.4357,1.0000,1
1,628,1.279800,0.283346,0.996454,0.5042,0.5042,0
1,629,1.412361,0.418147,0.994215,1.7937,1.0000,1
1,630,1.712450,0.721407,0.991043,1.6327,1.0000,1
1,631,1.466108,0.473303,0.992805,2.1696,1.0000,1
1,632,1.785280,0.804407,0.980874,4.4079,1.0000,1
1,633,1.342137,0.346212,0.995925,2.2761,1.0000,1
1,634,1.414950,0.423314,0.991636,3.2135,1.0000,1
1,635,1.359335,0.365547,0.993788,1.1412,1.0000,1
1,636,1.560622,0.571458,0.989164,3.6498,1.0000,1
1,637,1.655564,0.661602,0.993962,0.8844,0.8844,0
1,638,1.544561,0.559126,0.985435,3.6937,1.0000,1
1,639,1.199454,0.201127,0.998328,1.1486,1.0000,1
1,640,1.807181,0.827176,0.980005,45.5722,1.0000,1
1,641,1.456116,0.459062,0.997054,3.3840,1.0000,1
1,642,1.622504,0.632120,0.990384,2.6132,1.0000,1
1,643,1.240956,0.241836,0.999120,4.7533,1.0000,1
1,644,1.332417,0.343793,0.988623,2.8332,1.0000,1
1,645,1.675243,0.682501,0.992742,3.6971,1.0000,1
1,646,1.333754,0.340613,0.993141,1.3882,1.0000,1
1,647,2.145720,1.152148,0.993572,26.5940,1.0000,1
1,648,2.056444,1.084265,0.972180,56.1206,1.0000,1
1,649,1.873728,0.905274,0.968453,11.5507,1.0000,1
1,650,1.644610,0.664467,0.980144,12.0824,1.0000,1
1,651,1.499134,0.502807,0.996327,4.1896,1.0000,1
1,652,1.285475,0.288205,0.997271,2.2999,1.0000,1
1,653,1.923228,0.929169,0.994059,28.5527,1.0000,1
1,654,1.532114,0.551723,0.980392,5.5669,1.0000,1
1,655,1.516393,0.522372,0.994021,23.8876,1.0000,1
1,656,1.588425,0.594001,0.994424,5.6357,1.0000,1
1,657,1.166785,0.167512,0.999273,2.0869,1.0000,1
1,658,1.443149,0.451103,0.992046,2.8374,1.0000,1
1,659,1.846001,0.858316,0.987685,4.6356,1.0000,1
1,660,1.419674,0.425900,0.993774,1.2694,1.0000,1
1,661,1.507361,0.512057,0.995303,1.7681,1.0000,1
1,662,1.603938,0.618752,0.985187,5.0191,1.0000,1
1,663,1.535479,0.538249,0.997230,6.2269,1.0000,1
1,664,1.213376,0.214330,0.999046,3.1189,1.0000,1
1,665,1.650303,0.654513,0.995790,2.9295,1.0000,1
1,666,1.656712,0.671159,0.985552,3.1612,1.0000,1
1,667,1.145769,0.146829,0.998941,0.8283,0.8283,0
1,668,1.445374,0.452569,0.992805,1.9532,1.0000,1
1,669,1.525936,0.533114,0.992822,1.0536,1.0000,1
1,670,1.528916,0.534679,0.994237,2.1001,1.0000,1
1,671,1.304112,0.305331,0.998780,5.1662,1.0000,1
1,672,1.393580,0.397101,0.996479,3.7035,1.0000,1
1,673,1.284799,0.286918,0.997882,4.0645,1.0000,1
1,674,1.477547,0.481176,0.996371,2.8054,1.0000,1
1,675,1.569143,0.577155,0.991988,1.8782,1.0000,1
1,676,1.314541,0.317274,0.997267,1.9889,1.0000,1
1,677,1.575820,0.581889,0.993931,3.7767,1.0000,1
1,678,1.254319,0.257385,0.996934,1.2698,1.0000,1
1,679,1.232273,0.233802,0.998471,0.8353,0.8353,0
1,680,1.471886,0.481541,0.990345,2.6638,1.0000,1
1,681,1.637170,0.645275,0.991895,3.7084,1.0000,1
1,682,1.357797,0.363322,0.994475,2.8751,1.0000,1
1,683,1.067056,0.067504,0.999552,1.0797,1.0000,1
1,684,1.240671,0.244627,0.996044,1.1288,1.0000,1
1,685,1.541734,0.547299,0.994435,1.6148,1.0000,1
1,686,1.280302,0.283940,0.996362,0.4971,0.4971,0
1,687,1.242294,0.246653,0.995641,0.5176,0.5176,0
1,688,1.134578,0.134709,0.999869,2.6899,1.0000,1
1,689,1.353441,0.358541,0.994901,1.2458,1.0000,1
1,690,1.121954,0.123913,0.998042,1.6169,1.0000,1
1,691,1.972989,0.988226,0.984763,8.9505,1.0000,1
1,692,1.964318,0.973597,0.990721,11.4327,1.0000,1
1,693,1.225477,0.226217,0.999260,4.5432,1.0000,1
1,694,1.736149,0.747247,0.988902,3.8258,1.0000,1
1,695,1.240242,0.242311,0.997931,0.9367,0.9367,0
1,696,1.525604,0.530824,0.994780,6.6255,1.0000,1
1,697,1.363201,0.371259,0.991942,2.4597,1.0000,1
1,698,1.359342,0.362667,0.996675,1.1254,1.0000,1
1,699,1.302002,0.306185,0.995817,0.9371,0.9371,0
1,700,1.287604,0.288661,0.998944,1.8871,1.0000,1
1,701,1.330501,0.338188,0.992312,1.2475,1.0000,1
1,702,1.265266,0.267654,0.997613,1.7908,1.0000,1
1,703,1.220127,0.221602,0.998525,1.8759,1.0000,1
1,704,1.204437,0.205085,0.999352,1.7720,1.0000,1
1,705,1.298062,0.304076,0.993986,1.2275,1.0000,1
1,706,2.061021,1.078868,0.982153,12.4097,1.0000,1
1,707,1.350189,0.358431,0.991758,0.9733,0.9733,0
1,708,1.474015,0.493956,0.980058,4.4131,1.0000,1
1,709,1.354844,0.358940,0.995904,1.9113,1.0000,1
1,710,1.145975,0.148864,0.997111,0.8135,0.8135,0
1,711,1.542701,0.547338,0.995363,4.1971,1.0000,1
1,712,1.671141,0.686522,0.984619,7.6862,1.0000,1
1,713,1.112690,0.115771,0.996918,0.5370,0.5370,0
1,714,1.181779,0.183525,0.998254,2.3088,1.0000,1
1,715,1.052499,0.053246,0.999253,0.8715,0.8715,0
1,716,1.765986,0.778129,0.987857,8.3437,1.0000,1
1,717,1.229088,0.231540,0.997548,0.6036,0.6036,0
1,718,1.546171,0.549608,0.996562,3.9052,1.0000,1
1,719,2.118214,1.129058,0.989156,14.3448,1.0000,1
1,720,1.914042,0.924193,0.989849,10.9904,1.0000,1
1,721,1.074098,0.075354,0.998744,0.4862,0.4862,0
1,722,1.299112,0.306435,0.992676,1.5369,1.0000,1
1,723,1.636463,0.646749,0.989715,7.7634,1.0000,1
1,724,1.395360,0.401589,0.993771,2.9617,1.0000,1
1,725,1.383016,0.388250,0.994766,0.6473,0.6473,0
1,726,1.869673,0.876203,0.993470,6.2229,1.0000,1
1,727,1.115507,0.116644,0.998863,1.3428,1.0000,1
1,728,1.465448,0.472697,0.992752,2.1832,1.0000,1
1,729,1.494940,0.498928,0.996013,2.0575,1.0000,1
1,730,1.526778,0.537389,0.989389,2.7838,1.0000,1
1,731,1.334951,0.338569,0.996383,1.2426,1.0000,1
1,732,1.473519,0.477479,0.996040,3.4803,1.0000,1
1,733,1.610342,0.619302,0.991040,2.6986,1.0000,1
1,734,1.620995,0.633545,0.987450,2.5665,1.0000,1
1,735,1.504843,0.511013,0.993830,1.8417,1.0000,1
1,736,1.156157,0.156643,0.999514,2.6845,1.0000,1
1,737,1.432519,0.440722,0.991796,1.3691,1.0000,1
1,738,1.353153,0.356021,0.997133,2.8624,1.0000,1
1,739,1.154850,0.155370,0.999480,1.5211,1.0000,1
1,740,1.398338,0.401134,0.997204,2.6508,1.0000,1
1,741,1.625373,0.631236,0.994137,4.5761,1.0000,1
1,742,1.229149,0.235288,0.993860,1.8165,1.0000,1
1,743,1.212777,0.215782,0.996995,0.7818,0.7818,0
1,744,1.775704,0.809942,0.965762,11.1387,1.0000,1
1,745,1.448940,0.452806,0.996134,3.6810,1.0000,1
1,746,1.292996,0.306534,0.986463,3.1659,1.0000,1
1,747,1.576254,0.581490,0.994765,5.9617,1.0000,1
1,748,1.412954,0.421697,0.991257,1.6890,1.0000,1
1,749,1.516852,0.519615,0.997237,6.1828,1.0000,1
1,750,1.219311,0.227442,0.991869,1.2254,1.0000,1
1,751,2.445128,1.467750,0.977378,10.8645,1.0000,1
1,752,1.811084,0.831270,0.979813,4.4418,1.0000,1
1,753,1.503779,0.507319,0.996460,2.3538,1.0000,1
1,754,1.186254,0.187215,0.999039,2.7058,1.0000,1
1,755,1.547570,0.552779,0.994791,2.8763,1.0000,1
1,756,1.709210,0.716331,0.992879,3.8728,1.0000,1
1,757,1.418686,0.422655,0.996031,2.2426,1.0000,1
1,758,1.321183,0.325073,0.996110,1.4270,1.0000,1
1,759,1.653022,0.660420,0.992601,2.4283,1.0000,1
1,760,1.493645,0.497473,0.996172,3.6217,1.0000,1
1,761,1.509248,0.517426,0.991822,1.6411,1.0000,1
1,762,1.397246,0.400254,0.996992,3.3891,1.0000,1
1,763,1.604081,0.610164,0.993917,6.5014,1.0000,1
1,764,1.302336,0.308349,0.993987,1.4314,1.0000,1
1,765,1.367158,0.369909,0.997250,1.9806,1.0000,1
1,766,1.520274,0.528198,0.992076,4.2558,1.0000,1
1,767,1.427588,0.427972,0.999615,9.6591,1.0000,1
1,768,1.274698,0.277545,0.997153,1.8997,1.0000,1
1,769,1.657856,0.667181,0.990675,1.9545,1.0000,1
1,770,1.797786,0.818140,0.979646,6.3439,1.0000,1
1,771,1.283866,0.291546,0.992320,2.1896,1.0000,1
1,772,1.437433,0.439216,0.998217,4.8402,1.0000,1
1,773,1.692535,0.703508,0.989027,11.1082,1.0000,1
1,774,1.597365,0.606964,0.990401,1.3620,1.0000,1
1,775,1.389933,0.393585,0.996348,1.9058,1.0000,1
1,776,1.651388,0.660206,0.991182,1.4789,1.0000,1
1,777,1.233195,0.237254,0.995941,1.6676,1.0000,1
1,778,1.562361,0.569981,0.992379,1.7228,1.0000,1
1,779,1.415952,0.422091,0.993861,1.8167,1.0000,1
1,780,1.217757,0.222231,0.995525,1.1839,1.0000,1
1,781,1.254120,0.255050,0.999070,1.7355,1.0000,1
1,782,1.324702,0.331143,0.993559,1.5309,1.0000,1
1,783,1.071147,0.071619,0.999528,1.8151,1.0000,1
1,784,1.444957,0.456022,0.988935,1.8014,1.0000,1
1,785,1.202697,0.206980,0.995717,1.8743,1.0000,1
1,786,1.755875,0.770302,0.985573,11.8852,1.0000,1
1,787,1.785420,0.804235,0.981185,7.3037,1.0000,1
1,788,1.494441,0.512678,0.981762,8.1524,1.0000,1
1,789,1.392074,0.394272,0.997802,6.0860,1.0000,1
1,790,1.236549,0.240716,0.995832,1.5031,1.0000,1
1,791,1.528772,0.540607,0.988164,3.9920,1.0000,1
1,792,1.660144,0.673511,0.986632,4.7006,1.0000,1
1,793,2.521909,1.540628,0.981281,25.3630,1.0000,1
1,794,1.210148,0.214877,0.995271,1.0552,1.0000,1
1,795,2.549549,1.573394,0.976155,16.8771,1.0000,1
1,796,1.333685,0.344941,0.988745,1.5361,1.0000,1
1,797,1.310592,0.318752,0.991840,2.1596,1.0000,1
1,798,1.437541,0.451327,0.986214,1.2768,1.0000,1
1,799,1.554255,0.566267,0.987988,1.4241,1.0000,1
1,800,1.557129,0.562208,0.994922,3.2738,1.0000,1
1,801,1.440503,0.451645,0.988858,1.9618,1.0000,1
1,802,1.317562,0.320438,0.997124,3.2768,1.0000,1
1,803,1.492313,0.494017,0.998297,3.7181,1.0000,1
1,804,1.826929,0.845997,0.980932,2.1125,1.0000,1
1,805,1.210910,0.216095,0.994815,0.7631,0.7631,0
1,806,1.111622,0.114365,0.997257,1.4923,1.0000,1
1,807,1.178767,0.180064,0.998704,2.9747,1.0000,1
1,808,1.518637,0.532545,0.986092,1.7643,1.0000,1
1,809,2.252697,1.267259,0.985438,12.5115,1.0000,1
1,810,1.621940,0.631788,0.990152,1.6448,1.0000,1
1,811,1.361265,0.365143,0.996122,0.4997,0.4997,0
1,812,1.491955,0.495606,0.996348,5.0890,1.0000,1
1,813,1.267136,0.271293,0.995843,2.8803,1.0000,1
1,814,1.222326,0.226167,0.996159,2.5288,1.0000,1
1,815,1.724139,0.733075,0.991064,14.3760,1.0000,1
1,816,1.935214,0.946604,0.988610,38.2839,1.0000,1
1,817,1.347452,0.352304,0.995148,15.7469,1.0000,1
1,818,1.286432,0.289767,0.996665,1.5212,1.0000,1
1,819,1.510944,0.515599,0.995344,5.9550,1.0000,1
1,820,1.204893,0.214330,0.990563,0.6316,0.6316,0
1,821,1.238472,0.247232,0.991240,0.8627,0.8627,0
1,822,1.357342,0.363979,0.993363,0.5790,0.5790,0
1,823,1.389299,0.403839,0.985460,1.8608,1.0000,1
1,824,1.201980,0.203219,0.998761,1.3032,1.0000,1
1,825,1.242390,0.245801,0.996589,1.0130,1.0000,1
1,826,1.443558,0.445597,0.997960,1.4866,1.0000,1
1,827,1.156431,0.156728,0.999703,0.4631,0.4631,0
1,828,1.389659,0.393829,0.995830,0.6661,0.6661,0
1,829,1.287740,0.289686,0.998054,4.7579,1.0000,1
1,830,2.196403,1.200859,0.995544,13.6328,1.0000,1
1,831,1.427994,0.439821,0.988173,7.1221,1.0000,1
1,832,1.638148,0.654080,0.984068,5.6726,1.0000,1
1,833,1.457480,0.466745,0.990735,0.8558,0.8558,0
1,834,1.838811,0.853167,0.985644,6.2458,1.0000,1
1,835,1.197294,0.198920,0.998374,2.7156,1.0000,1
1,836,1.348255,0.352149,0.996106,3.2641,1.0000,1
1,837,1.790987,0.800079,0.990908,3.4845,1.0000,1
1,838,1.221634,0.222693,0.998941,2.6801,1.0000,1
1,839,1.751158,0.760977,0.990181,5.1245,1.0000,1
1,840,1.570451,0.574528,0.995923,4.0878,1.0000,1
1,841,1.278775,0.284451,0.994324,1.4003,1.0000,1
1,842,1.202726,0.203090,0.999636,3.1556,1.0000,1
1,843,1.202960,0.203455,0.999504,1.7807,1.0000,1
1,844,1.521072,0.531310,0.989762,0.9150,0.9150,0
1,845,1.661531,0.670192,0.991339,1.2478,1.0000,1
1,846,1.299735,0.303952,0.995783,2.3929,1.0000,1
1,847,1.373987,0.377252,0.996734,2.7103,1.0000,1
1,848,1.217792,0.220859,0.996933,1.1131,1.0000,1
1,849,1.414134,0.420538,0.993596,1.6873,1.0000,1
1,850,1.318130,0.322475,0.995655,1.0731,1.0000,1
1,851,1.654003,0.666705,0.987298,5.5100,1.0000,1
1,852,1.296418,0.300706,0.995713,1.2430,1.0000,1
1,853,1.816352,0.823840,0.992512,10.0639,1.0000,1
1,854,1.640933,0.656480,0.984454,7.2703,1.0000,1
1,855,1.247352,0.250160,0.997193,0.5894,0.5894,0
1,856,1.650578,0.662354,0.988224,5.4671,1.0000,1
1,857,1.331216,0.337439,0.993777,2.0097,1.0000,1
1,858,1.636948,0.644292,0.992656,4.2980,1.0000,1
1,859,1.241219,0.243660,0.997559,2.9559,1.0000,1
1,860,1.624521,0.636851,0.987670,6.8634,1.0000,1
1,861,1.433319,0.443639,0.989680,0.9492,0.9492,0
1,862,1.209717,0.210646,0.999071,0.9589,0.9589,0
1,863,1.640364,0.652414,0.987950,2.1861,1.0000,1
1,864,1.389581,0.400032,0.989549,1.2741,1.0000,1
1,865,1.374169,0.381031,0.993139,4.4021,1.0000,1
1,866,1.500081,0.507903,0.992178,3.0642,1.0000,1
1,867,1.251714,0.253097,0.998617,3.0202,1.0000,1
1,868,1.367528,0.373791,0.993737,1.9376,1.0000,1
1,869,1.488339,0.500079,0.988260,2.7540,1.0000,1
1,870,1.310074,0.316971,0.993104,0.7462,0.7462,0
1,871,1.104385,0.106127,0.998257,0.4951,0.4951,0
1,872,1.425670,0.431453,0.994217,3.4339,1.0000,1
1,873,1.305622,0.307603,0.998019,1.1330,1.0000,1
1,874,1.321365,0.325836,0.995529,0.8463,0.8463,0
1,875,1.669036,0.675647,0.993388,6.5672,1.0000,1
1,876,1.190420,0.193459,0.996961,1.0294,1.0000,1
1,877,2.056963,1.064997,0.991966,10.7308,1.0000,1
1,878,1.248878,0.256823,0.992056,0.3628,0.3628,0
1,879,1.268819,0.275146,0.993674,1.9648,1.0000,1
1,880,1.323458,0.325662,0.997796,2.4008,1.0000,1
1,881,1.479333,0.483864,0.995468,1.5008,1.0000,1
1,882,1.519976,0.522266,0.997710,3.4276,1.0000,1
1,883,1.364102,0.369875,0.994226,1.2275,1.0000,1
1,884,1.348741,0.351833,0.996908,3.0456,1.0000,1
1,885,1.452832,0.457157,0.995675,2.7147,1.0000,1
1,886,1.634953,0.647549,0.987404,0.9388,0.9388,0
1,887,1.179317,0.180538,0.998779,1.5009,1.0000,1
1,888,1.311380,0.316701,0.994679,0.7646,0.7646,0
1,889,1.679822,0.694957,0.984864,4.1619,1.0000,1
1,890,1.409689,0.425772,0.983917,4.5143,1.0000,1
1,891,1.411419,0.415459,0.995960,1.7789,1.0000,1
1,892,1.172903,0.174027,0.998875,1.7803,1.0000,1
1,893,1.574255,0.581601,0.992654,2.6889,1.0000,1
1,894,1.624240,0.645565,0.978676,5.3543,1.0000,1
1,895,1.307125,0.310041,0.997084,1.4400,1.0000,1
1,896,1.347282,0.350037,0.997244,2.5905,1.0000,1
1,897,1.175832,0.178541,0.997290,1.0230,1.0000,1
1,898,1.359420,0.361437,0.997984,0.9269,0.9269,0
1,899,1.985250,0.999545,0.985705,12.2617,1.0000,1
1,900,1.294376,0.296053,0.998324,2.1031,1.0000,1
1,901,1.460805,0.466654,0.994150,1.4299,1.0000,1
1,902,1.311877,0.314924,0.996953,0.8163,0.8163,0
1,903,1.496852,0.501596,0.995256,2.4691,1.0000,1
1,904,1.375076,0.377724,0.997352,1.7540,1.0000,1
1,905,1.515196,0.519134,0.996062,4.0557,1.0000,1
1,906,1.449377,0.452316,0.997061,4.1142,1.0000,1
1,907,1.270787,0.273774,0.997013,0.6234,0.6234,0
1,908,1.360044,0.366428,0.993616,0.7523,0.7523,0
1,909,1.857661,0.863904,0.993758,9.9692,1.0000,1
1,910,1.578216,0.588506,0.989711,6.7331,1.0000,1
1,911,1.525263,0.527907,0.997356,4.2180,1.0000,1
1,912,1.329933,0.332238,0.997695,3.9243,1.0000,1
1,913,1.468825,0.472375,0.996449,5.8180,1.0000,1
1,914,1.255130,0.256474,0.998655,2.9499,1.0000,1
1,915,1.313780,0.319144,0.994636,2.7042,1.0000,1
1,916,1.965217,0.976451,0.988765,4.0882,1.0000,1
1,917,1.551859,0.561446,0.990413,2.7177,1.0000,1
1,918,1.337629,0.339910,0.997720,3.0744,1.0000,1
1,919,1.284534,0.287080,0.997453,2.3840,1.0000,1
1,920,1.462850,0.470658,0.992192,2.8727,1.0000,1
1,921,1.290566,0.294980,0.995586,1.6317,1.0000,1
1,922,1.524206,0.529825,0.994382,2.5249,1.0000,1
1,923,1.138235,0.139265,0.998971,0.7967,0.7967,0
1,924,1.159392,0.164007,0.995385,0.9227,0.9227,0
1,925,1.516609,0.526229,0.990380,4.3960,1.0000,1
1,926,1.508359,0.515447,0.992912,14.1705,1.0000,1
1,927,1.176750,0.180399,0.996351,1.0103,1.0000,1
1,928,1.640729,0.649796,0.990933,15.5842,1.0000,1
1,929,1.386461,0.395635,0.990826,13.9774,1.0000,1
1,930,2.582709,1.616595,0.966115,22.5653,1.0000,1
1,931,1.373748,0.381852,0.991896,4.3132,1.0000,1
1,932,1.172215,0.175471,0.996744,0.9051,0.9051,0
1,933,1.434967,0.442902,0.992065,6.9964,1.0000,1
1,934,1.276915,0.281732,0.995183,1.1614,1.0000,1
1,935,1.142565,0.146525,0.996040,0.9735,0.9735,0
1,936,1.160718,0.162699,0.998020,1.1190,1.0000,1
1,937,1.640060,0.650816,0.989244,8.3230,1.0000,1
1,938,1.778547,0.812778,0.965769,10.3040,1.0000,1
1,939,1.312002,0.348031,0.963971,1.9057,1.0000,1
1,940,1.347067,0.359412,0.987656,1.3499,1.0000,1
1,941,1.144237,0.146078,0.998159,3.2446,1.0000,1
1,942,1.238086,0.240430,0.997655,1.9734,1.0000,1
1,943,1.156702,0.161178,0.995524,1.5131,1.0000,1
1,944,1.757620,0.770857,0.986762,5.2881,1.0000,1
1,945,1.284814,0.291980,0.992834,1.4098,1.0000,1
1,946,1.607356,0.614571,0.992785,4.4035,1.0000,1
1,947,1.506381,0.527686,0.978695,2.7220,1.0000,1
1,948,1.354514,0.360929,0.993585,1.6105,1.0000,1
1,949,1.180142,0.181057,0.999085,4.1131,1.0000,1
1,950,1.328101,0.346002,0.982099,2.9630,1.0000,1
1,951,1.552009,0.594078,0.957931,5.5052,1.0000,1
1,952,1.773451,0.801009,0.972442,8.4192,1.0000,1
1,953,1.294750,0.300599,0.994151,1.1275,1.0000,1
1,954,1.188003,0.190368,0.997635,4.0247,1.0000,1
1,955,1.421010,0.436396,0.984613,1.6603,1.0000,1
1,956,1.461751,0.480673,0.981078,2.7095,1.0000,1
1,957,1.853225,0.892011,0.961213,13.1615,1.0000,1
1,958,1.397429,0.414076,0.983353,3.6309,1.0000,1
1,959,1.488653,0.502856,0.985797,9.9248,1.0000,1
1,960,1.573457,0.578665,0.994792,11.9758,1.0000,1
1,961,1.286486,0.299791,0.986695,2.1772,1.0000,1
1,962,1.352704,0.366210,0.986494,4.2201,1.0000,1
1,963,1.410513,0.422283,0.988230,1.5202,1.0000,1
1,964,1.229531,0.236056,0.993475,1.3621,1.0000,1
1,965,1.380746,0.387225,0.993521,3.4974,1.0000,1
1,966,1.586904,0.612087,0.974817,9.9940,1.0000,1
1,967,1.247966,0.253806,0.994160,1.2902,1.0000,1
1,968,1.431857,0.442213,0.989644,3.2309,1.0000,1
1,969,1.466324,0.512160,0.954165,4.5338,1.0000,1
1,970,1.220758,0.222403,0.998354,3.7138,1.0000,1
1,971,1.386174,0.405449,0.980725,2.9648,1.0000,1
1,972,1.331211,0.340367,0.990844,1.7551,1.0000,1
1,973,1.295583,0.305334,0.990250,1.8797,1.0000,1
1,974,1.572887,0.585239,0.987648,6.3599,1.0000,1
1,975,1.126713,0.128719,0.997994,1.6441,1.0000,1
1,976,1.238437,0.247450,0.990987,1.5993,1.0000,1
1,977,1.360834,0.370112,0.990723,3.3134,1.0000,1
1,978,1.341756,0.351175,0.990581,3.8393,1.0000,1
1,979,1.332510,0.338503,0.994007,1.4715,1.0000,1
1,980,1.291055,0.301758,0.989296,1.6786,1.0000,1
1,981,1.355321,0.362354,0.992967,1.3820,1.0000,1
1,982,1.163662,0.174511,0.989151,1.0478,1.0000,1
1,983,1.504343,0.520608,0.983735,2.8355,1.0000,1
1,984,1.330843,0.331494,0.999348,5.4011,1.0000,1
1,985,1.233634,0.237845,0.995789,6.6172,1.0000,1
1,986,1.195400,0.200218,0.995182,4.1118,1.0000,1
1,987,1.358646,0.385035,0.973610,6.7234,1.0000,1
1,988,1.526009,0.534966,0.991043,4.4087,1.0000,1
1,989,1.472037,0.485576,0.986461,3.4861,1.0000,1
1,990,1.523381,0.529337,0.994044,7.1581,1.0000,1
1,991,1.545164,0.566111,0.979053,4.4815,1.0000,1
1,992,1.304792,0.315315,0.989477,1.4812,1.0000,1
1,993,1.127471,0.138023,0.989448,1.3641,1.0000,1
1,994,1.310394,0.315692,0.994702,2.9333,1.0000,1
1,995,1.299711,0.309178,0.990533,4.0363,1.0000,1
1,996,1.390064,0.410315,0.979749,3.1366,1.0000,1
1,997,1.042753,0.042776,0.999976,1.0758,1.0000,1
1,998,1.105762,0.109986,0.995776,0.8326,0.8326,0
1,999,1.159306,0.167130,0.992176,1.6061,1.0000,1
1,1000,1.323404,0.345949,0.977455,5.9179,1.0000,1
1,1001,1.868752,0.883983,0.984769,11.1662,1.0000,1
1,1002,1.666652,0.676921,0.989731,8.0738,1.0000,1
1,1003,1.523129,0.557783,0.965346,9.2292,1.0000,1
1,1004,1.354732,0.394425,0.960307,5.7105,1.0000,1
1,1005,1.169370,0.172319,0.997051,2.3995,1.0000,1
1,1006,1.381623,0.393293,0.988330,2.8941,1.0000,1
1,1007,1.140960,0.145519,0.995441,2.1545,1.0000,1
1,1008,1.092370,0.095966,0.996404,1.1424,1.0000,1
1,1009,1.384513,0.393778,0.990735,2.4339,1.0000,1
1,1010,1.785414,0.823132,0.962282,10.9168,1.0000,1
1,1011,1.350741,0.359504,0.991237,1.7413,1.0000,1
1,1012,1.526704,0.537851,0.988852,2.9149,1.0000,1
1,1013,1.406594,0.419692,0.986902,1.0113,1.0000,1
1,1014,1.522148,0.530518,0.991630,2.4435,1.0000,1
1,1015,1.347518,0.351989,0.995529,4.2872,1.0000,1
1,1016,1.404427,0.419309,0.985118,2.2638,1.0000,1
1,1017,1.336919,0.364242,0.972678,1.0976,1.0000,1
1,1018,1.588923,0.602145,0.986779,3.2788,1.0000,1
1,1019,1.138143,0.138906,0.999237,2.2012,1.0000,1
1,1020,1.183849,0.187468,0.996381,3.2970,1.0000,1
1,1021,1.387489,0.423181,0.964308,2.4093,1.0000,1
1,1022,1.311219,0.330159,0.981060,5.2053,1.0000,1
1,1023,1.192702,0.198125,0.994577,1.3476,1.0000,1
1,1024,1.204918,0.205252,0.999666,1.5295,1.0000,1
1,1025,1.059595,0.059651,0.999944,1.5625,1.0000,1
1,1026,1.192848,0.200034,0.992815,1.6100,1.0000,1
1,1027,1.182348,0.183919,0.998429,1.1657,1.0000,1
1,1028,1.598755,0.615346,0.983409,8.8912,1.0000,1
1,1029,2.056347,1.068079,0.988268,13.1905,1.0000,1
1,1030,1.222253,0.229180,0.993074,3.5123,1.0000,1
1,1031,2.442346,1.459694,0.982652,19.2814,1.0000,1
1,1032,1.266442,0.271616,0.994826,1.4442,1.0000,1
1,1033,1.164520,0.165946,0.998574,2.6184,1.0000,1
1,1034,1.477821,0.498235,0.979587,4.1176,1.0000,1
1,1035,1.392883,0.401202,0.991681,1.4302,1.0000,1
1,1036,1.308110,0.311061,0.997049,5.9712,1.0000,1
1,1037,1.912881,0.927350,0.985531,11.2190,1.0000,1
1,1038,1.265291,0.269065,0.996226,3.7388,1.0000,1
1,1039,1.301528,0.307319,0.994210,3.7581,1.0000,1
1,1040,1.397702,0.411704,0.985999,5.0883,1.0000,1
1,1041,1.200704,0.204188,0.996516,1.5829,1.0000,1
1,1042,1.308429,0.313193,0.995237,4.2563,1.0000,1
1,1043,1.175928,0.177267,0.998661,1.3871,1.0000,1
1,1044,1.308563,0.324433,0.984130,3.6697,1.0000,1
1,1045,1.349397,0.357925,0.991472,4.0155,1.0000,1
1,1046,1.379474,0.386581,0.992893,2.5125,1.0000,1
1,1047,1.381293,0.387240,0.994053,2.3448,1.0000,1
1,1048,1.686960,0.720635,0.966324,4.7154,1.0000,1
1,1049,1.403311,0.417899,0.985412,5.2996,1.0000,1
1,1050,1.451001,0.459326,0.991675,2.6681,1.0000,1
1,1051,1.200993,0.206520,0.994472,2.5247,1.0000,1
1,1052,1.255295,0.278558,0.976737,1.5936,1.0000,1
1,1053,1.336518,0.345559,0.990959,2.9006,1.0000,1
1,1054,1.654280,0.667951,0.986330,11.8242,1.0000,1
1,1055,1.346425,0.352686,0.993739,1.0600,1.0000,1
1,1056,1.184204,0.184545,0.999659,3.7518,1.0000,1
1,1057,1.271223,0.289749,0.981474,3.4757,1.0000,1
1,1058,1.152133,0.162898,0.989236,0.9305,0.9305,0
1,1059,1.523939,0.571922,0.952017,10.0357,1.0000,1
1,1060,1.177017,0.180235,0.996782,0.8813,0.8813,0
1,1061,1.820988,0.886658,0.934331,16.2422,1.0000,1
1,1062,1.447477,0.457090,0.990387,3.0611,1.0000,1
1,1063,1.186738,0.194944,0.991795,1.7862,1.0000,1
1,1064,2.187107,1.210347,0.976760,18.6295,1.0000,1
1,1065,1.098936,0.102678,0.996258,0.9584,0.9584,0
1,1066,1.193308,0.194825,0.998483,1.4080,1.0000,1
1,1067,1.856697,0.891704,0.964994,8.4021,1.0000,1
1,1068,1.242639,0.251244,0.991395,1.3834,1.0000,1
1,1069,1.718434,0.731586,0.986848,3.6656,1.0000,1
1,1070,1.498923,0.505480,0.993442,8.9344,1.0000,1
1,1071,1.803544,0.821166,0.982378,4.0722,1.0000,1
1,1072,1.394320,0.399677,0.994643,3.5298,1.0000,1
1,1073,1.526749,0.543974,0.982775,4.7597,1.0000,1
1,1074,1.499985,0.524744,0.975240,4.2868,1.0000,1
1,1075,1.246179,0.257513,0.988666,1.1927,1.0000,1
1,1076,1.515533,0.539905,0.975628,3.1780,1.0000,1
1,1077,1.438311,0.450027,0.988285,2.8816,1.0000,1
1,1078,1.274598,0.282865,0.991733,3.6159,1.0000,1
1,1079,1.279331,0.283465,0.995866,2.9818,1.0000,1
1,1080,1.219167,0.226972,0.992195,2.7850,1.0000,1
1,1081,1.437989,0.452871,0.985118,1.8337,1.0000,1
1,1082,1.440273,0.462881,0.977391,1.6212,1.0000,1
1,1083,1.159526,0.163541,0.995985,1.0719,1.0000,1
1,1084,1.259141,0.268618,0.990523,1.4373,1.0000,1
1,1085,1.329565,0.342338,0.987227,1.9764,1.0000,1
1,1086,1.324683,0.335130,0.989553,1.1471,1.0000,1
1,1087,1.376013,0.380906,0.995108,1.9470,1.0000,1
1,1088,1.592921,0.604738,0.988183,12.2359,1.0000,1
1,1089,1.533746,0.540739,0.993006,5.7933,1.0000,1
1,1090,1.331317,0.336596,0.994721,2.8792,1.0000,1
1,1091,1.457789,0.481490,0.976299,1.5338,1.0000,1
1,1092,1.689089,0.745805,0.943283,8.1481,1.0000,1
1,1093,1.197774,0.203638,0.994136,1.9561,1.0000,1
1,1094,1.076562,0.085040,0.991522,0.8343,0.8343,0
1,1095,1.255031,0.277233,0.977798,2.9483,1.0000,1
1,1096,1.149837,0.153201,0.996635,1.0126,1.0000,1
1,1097,1.313340,0.326477,0.986863,1.3917,1.0000,1
1,1098,1.292486,0.309064,0.983422,10.9918,1.0000,1
1,1099,1.083605,0.092782,0.990823,1.0948,1.0000,1
1,1100,1.240601,0.248135,0.992465,9.7235,1.0000,1
1,1101,1.680186,0.685965,0.994221,8.5842,1.0000,1
1,1102,1.211274,0.215352,0.995922,3.2753,1.0000,1
1,1103,1.237896,0.243679,0.994217,1.8586,1.0000,1
1,1104,1.275175,0.284024,0.991151,7.0980,1.0000,1
1,1105,1.152274,0.166361,0.985914,1.1370,1.0000,1
1,1106,1.502794,0.536451,0.966343,3.2909,1.0000,1
1,1107,1.107504,0.110565,0.996939,1.9615,1.0000,1
1,1108,1.255435,0.267199,0.988236,1.7475,1.0000,1
1,1109,1.466608,0.540461,0.926147,3.3974,1.0000,1
1,1110,1.402065,0.421101,0.980964,3.3037,1.0000,1
1,1111,1.493841,0.534332,0.959509,7.1894,1.0000,1
1,1112,1.631921,0.673621,0.958300,7.1566,1.0000,1
1,1113,1.209418,0.216306,0.993112,0.8819,0.8819,0
1,1114,1.286764,0.295787,0.990977,1.8975,1.0000,1
1,1115,1.453256,0.471331,0.981925,1.8582,1.0000,1
1,1116,1.168550,0.173075,0.995475,2.4627,1.0000,1
1,1117,1.482779,0.510276,0.972503,4.0581,1.0000,1
1,1118,1.459789,0.469664,0.990125,2.7389,1.0000,1
1,1119,1.231240,0.236911,0.994329,2.6279,1.0000,1
1,1120,1.157252,0.168456,0.988796,2.0881,1.0000,1
1,1121,1.484962,0.502030,0.982932,3.5579,1.0000,1
1,1122,1.268635,0.282222,0.986413,0.8758,0.8758,0
1,1123,1.322003,0.345456,0.976547,1.9815,1.0000,1
1,1124,1.497956,0.508216,0.989740,3.0816,1.0000,1
1,1125,1.368756,0.378969,0.989787,5.3809,1.0000,1
1,1126,1.397223,0.409323,0.987900,2.8729,1.0000,1
1,1127,1.325021,0.338972,0.986049,2.6478,1.0000,1
1,1128,1.215728,0.227056,0.988671,2.3018,1.0000,1
1,1129,1.291229,0.303102,0.988127,3.0296,1.0000,1
1,1130,1.173756,0.178347,0.995409,2.5224,1.0000,1
1,1131,1.189668,0.202088,0.987580,0.9068,0.9068,0
1,1132,1.194334,0.201469,0.992864,2.1414,1.0000,1
1,1133,1.417817,0.441612,0.976205,7.8654,1.0000,1
1,1134,1.443877,0.457710,0.986166,7.1102,1.0000,1
1,1135,1.216111,0.245559,0.970551,1.1735,1.0000,1
1,1136,1.266231,0.270000,0.996231,1.9628,1.0000,1
1,1137,1.349322,0.361667,0.987655,1.1773,1.0000,1
1,1138,1.447440,0.464548,0.982892,5.3198,1.0000,1
1,1139,1.187996,0.203911,0.984084,1.5702,1.0000,1
1,1140,1.343317,0.370991,0.972325,3.6240,1.0000,1
1,1141,1.255159,0.261740,0.993418,2.3672,1.0000,1
1,1142,1.477989,0.493810,0.984179,2.7926,1.0000,1
1,1143,1.374383,0.381834,0.992549,4.7182,1.0000,1
1,1144,1.366185,0.369503,0.996681,3.5921,1.0000,1
1,1145,1.262324,0.279165,0.983159,3.2374,1.0000,1
1,1146,1.273740,0.287867,0.985874,2.5422,1.0000,1
1,1147,1.158745,0.170440,0.988304,1.9201,1.0000,1
1,1148,1.273072,0.280799,0.992274,2.5708,1.0000,1
1,1149,1.246015,0.254462,0.991553,3.8233,1.0000,1
1,1150,1.364110,0.378761,0.985349,5.1671,1.0000,1
1,1151,1.313287,0.325665,0.987622,5.3755,1.0000,1
1,1152,1.744983,0.826289,0.918694,12.0786,1.0000,1
1,1153,1.330176,0.365113,0.965063,3.8356,1.0000,1
1,1154,1.416439,0.422130,0.994309,4.6976,1.0000,1
1,1155,1.181565,0.191036,0.990530,1.6051,1.0000,1
1,1156,1.100424,0.102158,0.998265,1.3284,1.0000,1
1,1157,1.218588,0.231016,0.987572,1.7259,1.0000,1
1,1158,1.405926,0.417462,0.988464,3.5752,1.0000,1
1,1159,1.283805,0.316107,0.967698,2.6450,1.0000,1
1,1160,1.335985,0.356064,0.979922,2.7242,1.0000,1
1,1161,1.247020,0.259090,0.987930,1.7250,1.0000,1
1,1162,1.441403,0.441482,0.999921,16.0545,1.0000,1
1,1163,1.234206,0.235940,0.998265,3.5567,1.0000,1
1,1164,2.195798,1.197451,0.998348,9.4228,1.0000,1
1,1165,1.228007,0.237364,0.990642,1.0446,1.0000,1
1,1166,1.195759,0.209560,0.986199,3.2608,1.0000,1
1,1167,1.418934,0.424594,0.994340,1.0766,1.0000,1
1,1168,1.281937,0.288473,0.993464,2.6153,1.0000,1
1,1169,1.384634,0.397698,0.986937,5.6556,1.0000,1
1,1170,1.205005,0.218832,0.986173,1.7826,1.0000,1
1,1171,1.335145,0.347738,0.987407,4.8990,1.0000,1
1,1172,1.267187,0.277483,0.989704,1.8541,1.0000,1
1,1173,1.137439,0.141009,0.996429,3.1117,1.0000,1
1,1174,1.406454,0.420379,0.986075,1.3646,1.0000,1
1,1175,1.994175,1.026860,0.967315,12.5376,1.0000,1
1,1176,1.554221,0.579123,0.975098,5.5323,1.0000,1
1,1177,1.341006,0.356773,0.984233,1.8467,1.0000,1
1,1178,1.264733,0.277095,0.987639,2.0994,1.0000,1
1,1179,1.234099,0.240256,0.993842,1.6215,1.0000,1
1,1180,1.148170,0.148293,0.999877,2.8788,1.0000,1
1,1181,1.196789,0.200732,0.996057,2.7243,1.0000,1
1,1182,1.394130,0.420731,0.973400,2.7041,1.0000,1
1,1183,1.270068,0.290792,0.979276,1.6187,1.0000,1
1,1184,1.198107,0.205059,0.993048,1.2823,1.0000,1
1,1185,1.303904,0.342301,0.961603,1.4217,1.0000,1
1,1186,1.370864,0.384544,0.986319,3.1416,1.0000,1
1,1187,1.224153,0.237959,0.986195,2.1269,1.0000,1
1,1188,1.290414,0.317009,0.973405,3.2599,1.0000,1
1,1189,1.161364,0.168469,0.992896,0.7633,0.7633,0
1,1190,1.223628,0.244222,0.979407,0.8295,0.8295,0
1,1191,1.375890,0.388756,0.987134,2.1526,1.0000,1
1,1192,1.612430,0.640461,0.971969,5.5804,1.0000,1
1,1193,1.352265,0.371015,0.981250,2.5717,1.0000,1
1,1194,1.506501,0.523429,0.983072,6.0331,1.0000,1
1,1195,1.300160,0.305374,0.994785,3.7098,1.0000,1
1,1196,1.239688,0.251282,0.988405,1.4094,1.0000,1
1,1197,1.275765,0.296119,0.979646,3.7450,1.0000,1
1,1198,1.103777,0.117052,0.986725,1.3989,1.0000,1
1,1199,1.323340,0.347005,0.976335,3.9396,1.0000,1
1,1200,1.394917,0.416554,0.978363,4.9368,1.0000,1
1,1201,1.253392,0.265623,0.987768,4.1196,1.0000,1
1,1202,1.221219,0.248682,0.972537,2.6874,1.0000,1
1,1203,1.755386,0.771493,0.983893,13.6332,1.0000,1
1,1204,1.218071,0.220449,0.997622,2.1399,1.0000,1
1,1205,1.451931,0.489744,0.962187,1.8319,1.0000,1
1,1206,1.204557,0.218332,0.986225,1.5236,1.0000,1
1,1207,1.255238,0.291026,0.964212,1.8141,1.0000,1
1,1208,1.175701,0.192683,0.983018,1.2947,1.0000,1
1,1209,1.436118,0.452204,0.983913,7.3792,1.0000,1
1,1210,1.447872,0.472617,0.975255,5.5492,1.0000,1
1,1211,1.407498,0.466426,0.941072,9.5245,1.0000,1
1,1212,1.343893,0.351499,0.992394,5.6625,1.0000,1
1,1213,1.450568,0.487575,0.962993,3.7813,1.0000,1
1,1214,1.135005,0.144929,0.990076,2.1000,1.0000,1
1,1215,1.184914,0.192581,0.992334,2.3442,1.0000,1
1,1216,1.292344,0.304898,0.987446,2.1369,1.0000,1
1,1217,1.137672,0.139763,0.997909,1.2742,1.0000,1
1,1218,1.488436,0.522039,0.966397,9.7812,1.0000,1
1,1219,1.468727,0.489572,0.979154,4.3801,1.0000,1
1,1220,1.542525,0.598042,0.944483,8.9220,1.0000,1
1,1221,1.235940,0.247807,0.988133,2.4589,1.0000,1
1,1222,1.218647,0.228896,0.989751,1.0877,1.0000,1
1,1223,1.140885,0.147934,0.992951,1.3051,1.0000,1
1,1224,1.064091,0.074388,0.989703,0.4903,0.4903,0
1,1225,1.643467,0.658990,0.984477,11.4199,1.0000,1
1,1226,1.154410,0.171009,0.983402,0.8066,0.8066,0
1,1227,1.393847,0.422131,0.971716,1.8790,1.0000,1
1,1228,1.213012,0.228199,0.984813,1.5983,1.0000,1
1,1229,1.299411,0.330673,0.968738,2.5976,1.0000,1
1,1230,1.773647,0.825267,0.948379,9.6642,1.0000,1
1,1231,1.567084,0.610717,0.956367,16.0436,1.0000,1
1,1232,1.247120,0.337494,0.909627,6.0180,1.0000,1
1,1233,1.249762,0.252396,0.997366,2.6908,1.0000,1
1,1234,1.471477,0.496013,0.975464,6.3003,1.0000,1
1,1235,1.160341,0.162366,0.997974,1.2349,1.0000,1
1,1236,1.256280,0.281970,0.974310,2.4933,1.0000,1
1,1237,1.219165,0.232257,0.986907,2.8199,1.0000,1
2,1238,1.152825,0.165722,0.987104,1.1332,1.0000,1
2,1239,1.430079,0.458004,0.972076,8.5453,1.0000,1
2,1240,1.413769,0.442897,0.970873,5.5374,1.0000,1
2,1241,1.118546,0.122325,0.996221,0.5925,0.5925,0
2,1242,1.392528,0.441675,0.950853,8.2977,1.0000,1
2,1243,1.113568,0.121601,0.991967,0.5442,0.5442,0
2,1244,1.343191,0.358567,0.984624,3.9931,1.0000,1
2,1245,1.211651,0.226053,0.985599,3.1395,1.0000,1
2,1246,1.532374,0.576507,0.955867,6.1596,1.0000,1
2,1247,1.493980,0.503991,0.989989,4.3157,1.0000,1
2,1248,1.218032,0.232277,0.985755,2.3815,1.0000,1
2,1249,1.124448,0.125743,0.998705,2.1789,1.0000,1
2,1250,1.377218,0.387481,0.989736,2.1930,1.0000,1
2,1251,1.132074,0.141334,0.990741,1.5910,1.0000,1
2,1252,1.115062,0.122853,0.992209,1.8564,1.0000,1
2,1253,1.734882,0.784886,0.949996,22.3127,1.0000,1
2,1254,2.008402,1.011872,0.996530,18.9648,1.0000,1
2,1255,1.204855,0.208168,0.996687,3.0675,1.0000,1
2,1256,1.177238,0.179784,0.997454,1.7607,1.0000,1
2,1257,1.946840,0.968967,0.977873,14.9822,1.0000,1
2,1258,1.308561,0.322012,0.986549,2.0636,1.0000,1
2,1259,1.272447,0.292699,0.979749,2.5737,1.0000,1
2,1260,1.178531,0.182163,0.996368,0.9665,0.9665,0
2,1261,1.565895,0.578819,0.987076,2.2740,1.0000,1
2,1262,1.231755,0.236257,0.995498,5.3513,1.0000,1
2,1263,1.408977,0.420393,0.988583,4.3151,1.0000,1
2,1264,1.445634,0.461813,0.983820,2.6543,1.0000,1
2,1265,1.117985,0.120753,0.997232,1.8241,1.0000,1
2,1266,1.236243,0.253701,0.982543,1.3596,1.0000,1
2,1267,1.221077,0.239369,0.981708,3.2666,1.0000,1
2,1268,1.395893,0.429367,0.966525,1.9716,1.0000,1
2,1269,1.653153,0.684106,0.969047,6.5896,1.0000,1
2,1270,1.267328,0.280478,0.986850,1.7817,1.0000,1
2,1271,1.146402,0.150215,0.996187,1.3355,1.0000,1
2,1272,1.252628,0.272298,0.980329,2.3621,1.0000,1
2,1273,1.173879,0.185510,0.988370,1.5256,1.0000,1
2,1274,1.630277,0.695363,0.934914,8.6386,1.0000,1
2,1275,1.199516,0.229489,0.970027,3.4813,1.0000,1
2,1276,1.312113,0.330195,0.981918,2.2567,1.0000,1
2,1277,1.108189,0.109927,0.998262,1.8918,1.0000,1
2,1278,1.173064,0.179226,0.993838,1.2033,1.0000,1
2,1279,1.916595,0.972600,0.943995,13.8753,1.0000,1
2,1280,1.710055,0.776730,0.933324,19.0351,1.0000,1
2,1281,1.355447,0.374372,0.981075,6.4500,1.0000,1
2,1282,1.161039,0.175626,0.985413,1.7270,1.0000,1
2,1283,1.403210,0.417096,0.986114,4.9283,1.0000,1
2,1284,2.102181,1.121981,0.980200,18.1790,1.0000,1
2,1285,1.228815,0.249176,0.979639,1.7094,1.0000,1
2,1286,1.211435,0.216416,0.995019,1.0157,1.0000,1
2,1287,1.310170,0.349538,0.960632,2.6776,1.0000,1
2,1288,1.124211,0.139439,0.984772,1.3067,1.0000,1
2,1289,1.756570,0.829072,0.927498,13.7473,1.0000,1
2,1290,1.075055,0.084273,0.990782,0.5257,0.5257,0
2,1291,1.292189,0.300495,0.991694,2.7100,1.0000,1
2,1292,1.336106,0.404229,0.931877,8.0414,1.0000,1
2,1293,1.142637,0.156173,0.986464,2.6942,1.0000,1
2,1294,1.256882,0.263931,0.992950,2.0401,1.0000,1
2,1295,1.344526,0.360382,0.984144,3.9121,1.0000,1
2,1296,1.202158,0.211678,0.990480,2.2206,1.0000,1
2,1297,1.347324,0.364849,0.982475,1.4603,1.0000,1
2,1298,1.389075,0.431979,0.957096,4.1699,1.0000,1
2,1299,1.267543,0.274626,0.992918,1.5432,1.0000,1
2,1300,1.155822,0.160068,0.995753,1.0815,1.0000,1
2,1301,1.182768,0.191556,0.991212,1.2250,1.0000,1
2,1302,1.320235,0.378489,0.941746,3.5025,1.0000,1
2,1303,1.253006,0.275684,0.977321,6.5715,1.0000,1
2,1304,1.153585,0.201516,0.952069,2.4178,1.0000,1
2,1305,1.242144,0.254261,0.987883,1.0832,1.0000,1
2,1306,1.213448,0.268972,0.944475,1.9735,1.0000,1
2,1307,1.747358,0.774337,0.973021,12.5343,1.0000,1
2,1308,1.461690,0.489561,0.972129,3.2439,1.0000,1
2,1309,1.278446,0.297435,0.981011,1.9935,1.0000,1
2,1310,1.103075,0.105881,0.997194,1.6326,1.0000,1
2,1311,1.247548,0.269248,0.978300,1.5563,1.0000,1
2,1312,1.166758,0.176515,0.990243,1.8731,1.0000,1
2,1313,1.291066,0.340487,0.950580,1.5053,1.0000,1
2,1314,1.420151,0.453307,0.966843,3.2191,1.0000,1
2,1315,1.248086,0.272453,0.975633,4.1314,1.0000,1
2,1316,1.235900,0.254642,0.981259,1.8176,1.0000,1
2,1317,1.636986,0.686980,0.950006,12.7767,1.0000,1
2,1318,1.205209,0.249762,0.955447,4.2964,1.0000,1
2,1319,1.741938,0.760540,0.981397,7.6828,1.0000,1
2,1320,1.366918,0.391661,0.975258,2.4493,1.0000,1
2,1321,1.184801,0.198491,0.986309,2.0983,1.0000,1
2,1322,1.338846,0.355439,0.983406,1.6205,1.0000,1
2,1323,1.322450,0.332357,0.990093,3.5247,1.0000,1
2,1324,1.237777,0.259244,0.978533,4.6910,1.0000,1
2,1325,1.231628,0.265162,0.966466,4.5973,1.0000,1
2,1326,1.373307,0.384301,0.989005,8.4754,1.0000,1
2,1327,1.305686,0.322229,0.983456,3.1279,1.0000,1
2,1328,1.390458,0.421630,0.968829,5.2658,1.0000,1
2,1329,1.234432,0.282516,0.951916,4.8359,1.0000,1
2,1330,1.272699,0.299020,0.973678,3.3826,1.0000,1
2,1331,1.100500,0.103223,0.997276,2.0390,1.0000,1
2,1332,1.242591,0.276044,0.966547,3.6235,1.0000,1
2,1333,1.373672,0.408410,0.965263,3.2348,1.0000,1
2,1334,1.245356,0.268877,0.976479,4.0782,1.0000,1
2,1335,1.400712,0.419907,0.980805,3.7467,1.0000,1
2,1336,1.218600,0.224924,0.993676,2.6425,1.0000,1
2,1337,1.245258,0.258468,0.986790,3.1077,1.0000,1
2,1338,1.312941,0.323943,0.988997,1.9935,1.0000,1
2,1339,1.970737,1.014630,0.956107,14.9375,1.0000,1
2,1340,1.179287,0.179595,0.999691,1.7595,1.0000,1
2,1341,1.546982,0.584470,0.962512,14.0376,1.0000,1
2,1342,1.367407,0.407480,0.959927,7.6236,1.0000,1
2,1343,1.240003,0.272129,0.967875,2.3970,1.0000,1
2,1344,1.195662,0.258139,0.937523,2.3710,1.0000,1
2,1345,1.311017,0.333037,0.977980,3.2903,1.0000,1
2,1346,1.196113,0.302446,0.893666,6.0189,1.0000,1
2,1347,1.391098,0.413482,0.977615,5.8493,1.0000,1
2,1348,1.327426,0.347170,0.980256,1.9223,1.0000,1
2,1349,1.244959,0.274706,0.970252,2.7787,1.0000,1
2,1350,1.274394,0.293243,0.981151,2.5615,1.0000,1
2,1351,1.148745,0.154498,0.994247,4.2660,1.0000,1
2,1352,1.370637,0.384489,0.986148,4.8263,1.0000,1
2,1353,1.078054,0.088338,0.989717,1.6929,1.0000,1
2,1354,1.535289,0.559206,0.976082,3.4297,1.0000,1
2,1355,1.312322,0.343750,0.968571,12.3749,1.0000,1
2,1356,1.063614,0.079983,0.983631,1.6353,1.0000,1
2,1357,1.580747,0.619967,0.960780,8.4226,1.0000,1
2,1358,1.293494,0.345145,0.948349,4.8343,1.0000,1
2,1359,1.267070,0.286828,0.980242,1.9910,1.0000,1
2,1360,1.223244,0.262549,0.960695,2.4806,1.0000,1
2,1361,1.104026,0.105991,0.998034,0.9140,0.9140,0
2,1362,1.418149,0.426602,0.991547,3.9322,1.0000,1
2,1363,1.064597,0.081635,0.982962,1.4216,1.0000,1
2,1364,1.356299,0.369004,0.987294,2.7460,1.0000,1
2,1365,1.224797,0.261883,0.962915,4.7826,1.0000,1
2,1366,1.153683,0.168262,0.985421,1.1394,1.0000,1
2,1367,1.125520,0.138421,0.987099,1.6810,1.0000,1
2,1368,1.182680,0.185675,0.997005,1.4653,1.0000,1
2,1369,1.131806,0.140801,0.991005,2.0968,1.0000,1
2,1370,1.227377,0.282287,0.945090,7.5178,1.0000,1
2,1371,1.346726,0.424939,0.921787,7.2815,1.0000,1
2,1372,1.793119,0.845696,0.947424,13.1586,1.0000,1
2,1373,1.268878,0.307873,0.961005,2.3752,1.0000,1
2,1374,1.405281,0.438866,0.966415,5.0997,1.0000,1
2,1375,1.126327,0.137382,0.988945,1.3567,1.0000,1
2,1376,1.439908,0.593295,0.846613,7.2814,1.0000,1
2,1377,1.175051,0.188858,0.986193,2.0706,1.0000,1
2,1378,1.416831,0.465320,0.951511,6.1007,1.0000,1
2,1379,1.206540,0.265826,0.940714,2.8554,1.0000,1
2,1380,1.276492,0.288821,0.987672,5.6680,1.0000,1
2,1381,1.184755,0.233615,0.951139,2.7109,1.0000,1
2,1382,1.247109,0.290849,0.956260,2.5372,1.0000,1
2,1383,1.170214,0.259315,0.910899,3.2043,1.0000,1
2,1384,1.296462,0.367015,0.929447,1.9799,1.0000,1
2,1385,1.292397,0.352531,0.939866,2.5008,1.0000,1
2,1386,1.126261,0.139593,0.986669,2.3698,1.0000,1
2,1387,1.541911,0.605535,0.936375,7.5209,1.0000,1
2,1388,1.178802,0.210602,0.968200,2.0033,1.0000,1
2,1389,1.334688,0.382351,0.952337,7.9582,1.0000,1
2,1390,1.159418,0.178569,0.980849,2.1442,1.0000,1
2,1391,1.264745,0.320819,0.943926,5.3097,1.0000,1
2,1392,1.158191,0.175457,0.982735,1.4250,1.0000,1
2,1393,1.532543,0.548528,0.984016,12.0312,1.0000,1
2,1394,1.212275,0.229896,0.982379,2.7611,1.0000,1
2,1395,1.474948,0.550575,0.924373,9.0049,1.0000,1
2,1396,1.091691,0.092560,0.999132,2.3583,1.0000,1
2,1397,1.122679,0.228579,0.894099,5.3419,1.0000,1
2,1398,1.268664,0.316356,0.952308,5.6089,1.0000,1
2,1399,1.139192,0.194351,0.944841,3.4681,1.0000,1
2,1400,1.380179,0.429451,0.950728,5.9746,1.0000,1
2,1401,1.139582,0.161933,0.977649,2.8204,1.0000,1
2,1402,1.246908,0.261545,0.985363,1.3459,1.0000,1
2,1403,1.179359,0.199067,0.980292,2.9321,1.0000,1
2,1404,1.563706,0.645366,0.918339,23.7898,1.0000,1
2,1405,1.437577,0.475117,0.962459,13.2380,1.0000,1
2,1406,1.417653,0.455362,0.962291,10.3372,1.0000,1
2,1407,1.188919,0.209647,0.979272,1.8548,1.0000,1
2,1408,1.127640,0.145469,0.982172,2.1660,1.0000,1
2,1409,1.485823,0.565193,0.920629,2.7204,1.0000,1
2,1410,1.147460,0.187062,0.960398,2.5014,1.0000,1
2,1411,1.361804,0.375116,0.986687,3.8862,1.0000,1
2,1412,1.015752,0.016479,0.999273,0.2137,0.2137,0
2,1413,1.207914,0.215096,0.992818,4.4156,1.0000,1
2,1414,1.205858,0.214168,0.991690,5.7394,1.0000,1
2,1415,1.203791,0.224138,0.979653,11.0067,1.0000,1
2,1416,1.405464,0.416425,0.989040,2.6888,1.0000,1
2,1417,1.271869,0.280275,0.991594,2.3154,1.0000,1
2,1418,1.523862,0.585260,0.938602,4.9091,1.0000,1
2,1419,1.185505,0.217941,0.967563,3.2346,1.0000,1
2,1420,1.122370,0.131309,0.991061,2.2843,1.0000,1
2,1421,1.335754,0.355240,0.980514,4.6957,1.0000,1
2,1422,1.130712,0.146798,0.983913,1.6376,1.0000,1
2,1423,1.378366,0.392460,0.985907,2.5238,1.0000,1
2,1424,1.181412,0.199242,0.982170,1.8618,1.0000,1
2,1425,1.230953,0.274392,0.956560,7.0682,1.0000,1
2,1426,1.485310,0.504774,0.980535,5.4243,1.0000,1
2,1427,1.140451,0.167643,0.972807,3.0420,1.0000,1
2,1428,1.192425,0.217005,0.975420,1.6960,1.0000,1
2,1429,1.168663,0.205604,0.963059,1.8458,1.0000,1
2,1430,1.257822,0.351624,0.906198,4.7856,1.0000,1
2,1431,1.437348,0.467609,0.969739,6.6775,1.0000,1
2,1432,1.128372,0.162359,0.966012,1.7568,1.0000,1
2,1433,1.180392,0.196049,0.984343,2.3014,1.0000,1
2,1434,1.199082,0.257626,0.941457,3.9621,1.0000,1
2,1435,0.999331,0.057180,0.942151,1.8461,1.0000,1
2,1436,1.527747,0.589370,0.938376,11.4855,1.0000,1
2,1437,1.126650,0.152593,0.974057,3.7446,1.0000,1
2,1438,1.190994,0.207837,0.983157,3.4528,1.0000,1
2,1439,1.168749,0.211669,0.957079,3.5685,1.0000,1
2,1440,1.277166,0.313313,0.963853,5.1027,1.0000,1
2,1441,1.092855,0.116751,0.976104,1.9330,1.0000,1
2,1442,1.098716,0.108380,0.990337,1.2681,1.0000,1
2,1443,1.638472,0.668428,0.970044,13.7827,1.0000,1
2,1444,1.112181,0.143016,0.969165,4.3975,1.0000,1
2,1445,1.112987,0.159986,0.953000,2.9329,1.0000,1
2,1446,1.496497,0.521507,0.974990,9.0610,1.0000,1
2,1447,1.389572,0.400207,0.989365,3.4020,1.0000,1
2,1448,1.096481,0.101588,0.994893,1.1105,1.0000,1
2,1449,1.195752,0.205926,0.989826,4.0712,1.0000,1
2,1450,1.187259,0.252377,0.934882,3.5088,1.0000,1
2,1451,1.143764,0.151275,0.992489,1.0228,1.0000,1
2,1452,1.109626,0.127010,0.982616,1.5919,1.0000,1
2,1453,1.113649,0.134152,0.979497,1.2414,1.0000,1
2,1454,1.820296,0.862955,0.957340,17.2173,1.0000,1
2,1455,1.192537,0.211987,0.980550,3.1979,1.0000,1
2,1456,1.325485,0.387444,0.938041,7.0469,1.0000,1
2,1457,1.247682,0.294217,0.953464,2.8875,1.0000,1
2,1458,1.262608,0.342969,0.919639,3.4541,1.0000,1
2,1459,1.104711,0.120153,0.984558,2.6203,1.0000,1
2,1460,1.152421,0.155570,0.996850,2.4941,1.0000,1
2,1461,1.110149,0.141252,0.968896,3.3484,1.0000,1
2,1462,1.608649,0.636242,0.972408,15.7776,1.0000,1
2,1463,1.164157,0.177712,0.986444,1.4323,1.0000,1
2,1464,1.221728,0.312445,0.909283,2.3722,1.0000,1
2,1465,1.479713,0.513317,0.966396,5.4181,1.0000,1
2,1466,1.045419,0.121032,0.924387,1.8652,1.0000,1
2,1467,1.095282,0.119914,0.975368,3.6066,1.0000,1
2,1468,1.583074,0.719160,0.863913,13.9328,1.0000,1
2,1469,1.418901,0.467662,0.951239,4.3029,1.0000,1
2,1470,1.048412,0.070041,0.978371,2.0421,1.0000,1
2,1471,1.073949,0.093738,0.980211,1.4926,1.0000,1
2,1472,1.302816,0.335518,0.967298,4.4279,1.0000,1
2,1473,1.150497,0.186705,0.963792,3.0297,1.0000,1
2,1474,1.192990,0.224599,0.968390,4.1854,1.0000,1
2,1475,1.222482,0.333952,0.888529,2.7223,1.0000,1
2,1476,1.432490,0.457602,0.974888,4.3368,1.0000,1
2,1477,1.097232,0.127691,0.969541,2.7507,1.0000,1
2,1478,1.289388,0.332263,0.957125,3.6560,1.0000,1
2,1479,1.128113,0.148542,0.979571,1.4739,1.0000,1
2,1480,1.456767,0.552924,0.903843,19.7007,1.0000,1
2,1481,1.123728,0.139980,0.983747,2.7345,1.0000,1
2,1482,1.189704,0.227525,0.962179,2.1964,1.0000,1
2,1483,1.322365,0.374845,0.947520,3.5021,1.0000,1
2,1484,1.075067,0.094671,0.980396,2.3140,1.0000,1
2,1485,1.068179,0.071647,0.996532,1.8166,1.0000,1
2,1486,1.237769,0.294240,0.943529,2.6200,1.0000,1
2,1487,1.084137,0.095060,0.989077,2.6700,1.0000,1
2,1488,1.063322,0.102490,0.960832,3.5934,1.0000,1
2,1489,1.114270,0.125646,0.988624,1.3417,1.0000,1
2,1490,1.111214,0.146441,0.964773,4.7584,1.0000,1
2,1491,1.125009,0.149648,0.975361,1.9271,1.0000,1
2,1492,1.377056,0.423315,0.953741,10.5321,1.0000,1
2,1493,0.925381,0.034238,0.891143,3.3990,1.0000,1
2,1494,1.370869,0.419165,0.951704,5.9193,1.0000,1
2,1495,1.054388,0.158123,0.896264,2.4022,1.0000,1
2,1496,1.079178,0.114029,0.965149,4.1748,1.0000,1
2,1497,0.954588,0.066043,0.888545,2.5112,1.0000,1
2,1498,0.983122,0.138151,0.844971,4.3853,1.0000,1
2,1499,1.383511,0.466812,0.916699,13.6249,1.0000,1
2,1500,1.013620,0.015596,0.998024,0.2791,0.2791,0
2,1501,1.501216,0.554419,0.946797,36.8312,1.0000,1
2,1502,2.201593,1.284218,0.917375,71.8649,1.0000,1
2,1503,1.395352,0.524200,0.871152,12.5102,1.0000,1
2,1504,1.769781,0.830267,0.939514,6.9940,1.0000,1
2,1505,1.546235,0.612953,0.933282,25.8878,1.0000,1
2,1506,1.089807,0.108326,0.981481,2.9534,1.0000,1
2,1507,1.274009,0.288486,0.985522,2.2502,1.0000,1
2,1508,1.088847,0.098010,0.990838,0.8357,0.8357,0
2,1509,1.155322,0.205795,0.949527,4.8145,1.0000,1
2,1510,1.087029,0.224109,0.862920,2.4435,1.0000,1
2,1511,1.199712,0.243633,0.956078,3.0452,1.0000,1
2,1512,1.525932,0.577824,0.948108,9.0876,1.0000,1
2,1513,1.086526,0.114852,0.971674,3.4285,1.0000,1
2,1514,1.177662,0.202137,0.975525,1.2002,1.0000,1
2,1515,1.149414,0.172575,0.976839,2.4140,1.0000,1
2,1516,1.139867,0.150934,0.988933,0.8609,0.8609,0
2,1517,1.447740,0.544920,0.902821,20.9667,1.0000,1
2,1518,1.140576,0.146960,0.993616,2.5738,1.0000,1
2,1519,1.130687,0.175059,0.955628,3.3297,1.0000,1
2,1520,1.207038,0.229269,0.977769,2.0156,1.0000,1
2,1521,1.437768,0.501298,0.936469,6.9002,1.0000,1
2,1522,1.264870,0.351762,0.913108,4.0483,1.0000,1
2,1523,1.117684,0.148432,0.969251,2.2757,1.0000,1
2,1524,1.268502,0.309880,0.958622,4.9816,1.0000,1
2,1525,1.089467,0.114334,0.975133,1.9681,1.0000,1
2,1526,1.103685,0.137545,0.966139,2.0657,1.0000,1
2,1527,1.200249,0.232629,0.967620,1.9294,1.0000,1
2,1528,1.020517,0.053129,0.967388,1.8148,1.0000,1
2,1529,1.154766,0.211967,0.942800,1.4627,1.0000,1
2,1530,1.211406,0.252353,0.959053,11.4296,1.0000,1
2,1531,1.210945,0.217194,0.993750,3.1311,1.0000,1
2,1532,1.428896,0.464630,0.964266,3.7225,1.0000,1
2,1533,1.610558,0.764810,0.845748,12.5916,1.0000,1
2,1534,1.121431,0.222837,0.898594,4.2709,1.0000,1
2,1535,1.139414,0.236673,0.902741,4.5515,1.0000,1
2,1536,1.922095,1.118064,0.804031,14.3507,1.0000,1
2,1537,1.919405,1.001493,0.917912,19.3530,1.0000,1
2,1538,1.237597,0.321618,0.915979,3.6567,1.0000,1
2,1539,1.053529,0.055602,0.997927,1.4551,1.0000,1
2,1540,1.105701,0.117747,0.987953,2.7741,1.0000,1
2,1541,1.408359,0.444614,0.963745,8.3807,1.0000,1
2,1542,1.085424,0.142472,0.942952,1.5977,1.0000,1
2,1543,1.878897,1.027641,0.851256,25.7950,1.0000,1
2,1544,1.426706,0.461574,0.965132,12.3908,1.0000,1
2,1545,1.361613,0.432067,0.929546,9.3437,1.0000,1
2,1546,1.043988,0.074751,0.969237,1.5528,1.0000,1
2,1547,1.064550,0.090802,0.973749,1.6733,1.0000,1
2,1548,1.256244,0.366123,0.890121,6.3320,1.0000,1
2,1549,1.056366,0.070348,0.986018,2.3441,1.0000,1
2,1550,1.095158,0.146059,0.949099,1.5899,1.0000,1
2,1551,0.967792,0.124019,0.843773,3.2384,1.0000,1
2,1552,1.068582,0.141548,0.927034,1.6858,1.0000,1
2,1553,1.073957,0.077783,0.996173,1.1104,1.0000,1
2,1554,1.552519,0.649892,0.902627,12.4039,1.0000,1
2,1555,1.101709,0.132211,0.969498,3.6032,1.0000,1
2,1556,1.352169,0.439377,0.912792,5.5278,1.0000,1
2,1557,1.021816,0.282062,0.739755,2.1271,1.0000,1
2,1558,1.128779,0.205015,0.923764,2.8332,1.0000,1
2,1559,1.127563,0.295094,0.832468,5.9680,1.0000,1
2,1560,1.306023,0.466184,0.839838,7.1809,1.0000,1
2,1561,1.164538,0.239755,0.924783,4.2375,1.0000,1
2,1562,1.170525,0.206999,0.963526,2.1101,1.0000,1
2,1563,1.525028,0.559609,0.965420,4.0834,1.0000,1
2,1564,1.016532,0.128963,0.887569,2.8139,1.0000,1
2,1565,1.496171,0.534134,0.962037,10.3955,1.0000,1
2,1566,1.032868,0.168047,0.864821,4.5802,1.0000,1
2,1567,1.195526,0.228364,0.967162,2.5865,1.0000,1
2,1568,1.113222,0.184182,0.929040,7.1102,1.0000,1
2,1569,1.169856,0.191579,0.978278,2.6830,1.0000,1
2,1570,1.076491,0.096736,0.979755,2.9939,1.0000,1
2,1571,1.112685,0.189274,0.923411,3.0079,1.0000,1
2,1572,1.240323,0.334853,0.905469,2.8264,1.0000,1
2,1573,1.031186,0.060768,0.970417,2.3074,1.0000,1
2,1574,1.420303,0.489262,0.931041,5.7717,1.0000,1
2,1575,1.108806,0.216109,0.892697,2.5066,1.0000,1
2,1576,1.275988,0.350270,0.925718,3.0718,1.0000,1
2,1577,1.253951,0.329919,0.924032,4.0035,1.0000,1
2,1578,1.069959,0.100340,0.969619,2.6600,1.0000,1
2,1579,1.072588,0.081075,0.991513,1.4698,1.0000,1
2,1580,1.232471,0.375015,0.857457,5.2806,1.0000,1
2,1581,1.151483,0.238330,0.913152,2.6561,1.0000,1
2,1582,1.071790,0.094630,0.977160,2.5035,1.0000,1
2,1583,1.138504,0.148670,0.989834,1.4735,1.0000,1
2,1584,0.947263,0.059281,0.887982,3.6555,1.0000,1
2,1585,1.096920,0.162867,0.934053,3.4442,1.0000,1
2,1586,1.039877,0.080211,0.959666,2.4604,1.0000,1
2,1587,1.217322,0.308519,0.908803,2.6478,1.0000,1
2,1588,1.071964,0.157852,0.914112,6.4463,1.0000,1
2,1589,1.368059,0.485523,0.882535,8.7170,1.0000,1
2,1590,1.107749,0.240189,0.867559,7.4337,1.0000,1
2,1591,0.965058,0.078493,0.886565,4.1131,1.0000,1
2,1592,1.536188,0.617764,0.918424,12.4322,1.0000,1
2,1593,1.736371,0.935405,0.800966,15.6863,1.0000,1
2,1594,1.240489,0.332619,0.907870,4.7443,1.0000,1
2,1595,1.268952,0.356106,0.912846,2.8378,1.0000,1
2,1596,1.091998,0.125049,0.966949,4.0112,1.0000,1
2,1597,1.262855,0.344710,0.918145,3.9558,1.0000,1
2,1598,1.171589,0.191538,0.980051,2.9348,1.0000,1
2,1599,1.221133,0.228813,0.992321,3.0666,1.0000,1
2,1600,1.052213,0.084846,0.967367,1.8841,1.0000,1
2,1601,1.301065,0.363123,0.937942,6.8011,1.0000,1
2,1602,1.036412,0.041889,0.994523,0.5671,0.5671,0
2,1603,1.189928,0.199728,0.990200,2.7429,1.0000,1
2,1604,1.138485,0.219564,0.918920,6.6060,1.0000,1
2,1605,1.046986,0.071435,0.975551,1.4851,1.0000,1
2,1606,1.211015,0.270457,0.940559,5.7802,1.0000,1
2,1607,1.199775,0.280761,0.919014,5.9704,1.0000,1
2,1608,1.055277,0.115783,0.939494,2.9288,1.0000,1
2,1609,1.165982,0.181661,0.984321,1.6866,1.0000,1
2,1610,1.085236,0.106554,0.978681,2.2105,1.0000,1
2,1611,1.064497,0.098948,0.965549,3.0708,1.0000,1
2,1612,1.093316,0.099828,0.993487,1.5291,1.0000,1
2,1613,1.536389,0.657920,0.878469,18.8678,1.0000,1
2,1614,0.992672,0.022967,0.969706,2.1248,1.0000,1
2,1615,0.942171,0.080052,0.862119,3.5046,1.0000,1
2,1616,1.004497,0.291738,0.712759,10.8215,1.0000,1
2,1617,1.030556,0.285973,0.744583,6.0595,1.0000,1
2,1618,3.365263,2.518307,0.846956,80.7384,1.0000,1
2,1619,0.932120,0.101502,0.830618,5.3780,1.0000,1
2,1620,0.955957,0.094531,0.861426,3.1955,1.0000,1
2,1621,1.046272,0.117664,0.928608,7.4272,1.0000,1
2,1622,1.037794,0.164642,0.873153,4.1663,1.0000,1
2,1623,0.835746,0.333104,0.502642,8.6253,1.0000,1
2,1624,1.299478,0.306259,0.993219,9.0382,1.0000,1
2,1625,1.407519,0.433870,0.973649,8.1197,1.0000,1
2,1626,2.065600,1.106351,0.959249,21.8667,1.0000,1
2,1627,2.145257,1.414495,0.730762,27.1173,1.0000,1
2,1628,1.105738,0.271844,0.833895,6.9272,1.0000,1
2,1629,1.042990,0.074443,0.968548,1.8738,1.0000,1
2,1630,0.890330,0.029694,0.860637,5.7053,1.0000,1
2,1631,1.068982,0.115315,0.953667,2.4839,1.0000,1
2,1632,1.078330,0.206813,0.871517,3.2905,1.0000,1
2,1633,1.139658,0.396547,0.743111,5.0927,1.0000,1
2,1634,1.098897,0.151273,0.947624,2.0336,1.0000,1
2,1635,1.135317,0.248660,0.886657,12.9156,1.0000,1
2,1636,1.300876,0.492406,0.808470,12.2783,1.0000,1
2,1637,1.490790,0.572725,0.918065,23.8603,1.0000,1
2,1638,1.037682,0.081058,0.956624,2.7125,1.0000,1
2,1639,1.321719,0.427095,0.894624,6.8672,1.0000,1
2,1640,1.244270,0.330339,0.913932,3.7347,1.0000,1
2,1641,1.108786,0.205067,0.903720,3.2961,1.0000,1
2,1642,1.023759,0.088151,0.935608,2.3405,1.0000,1
2,1643,1.005606,0.202749,0.802857,3.4359,1.0000,1
2,1644,1.125096,0.183169,0.941926,5.2926,1.0000,1
2,1645,1.479248,0.871274,0.607974,18.0102,1.0000,1
2,1646,1.086446,0.246014,0.840432,13.4782,1.0000,1
2,1647,1.046996,0.214012,0.832984,4.5916,1.0000,1
2,1648,1.424988,0.484300,0.940687,10.1740,1.0000,1
2,1649,0.952706,0.126057,0.826649,3.2836,1.0000,1
2,1650,1.033856,0.114920,0.918936,3.6970,1.0000,1
2,1651,1.048973,0.127511,0.921462,4.7832,1.0000,1
2,1652,1.016181,0.131143,0.885038,2.8402,1.0000,1
2,1653,0.968502,0.133243,0.835259,6.5841,1.0000,1
2,1654,1.557719,0.698977,0.858742,7.9382,1.0000,1
2,1655,1.041263,0.054031,0.987233,1.4745,1.0000,1
2,1656,1.110320,0.169087,0.941233,2.8381,1.0000,1
2,1657,1.477932,0.591588,0.886344,12.4269,1.0000,1
2,1658,1.790896,0.929291,0.861605,16.3652,1.0000,1
2,1659,1.560789,0.723927,0.836862,32.6214,1.0000,1
2,1660,1.636108,0.804804,0.831304,13.0441,1.0000,1
2,1661,1.250134,0.409805,0.840329,7.6223,1.0000,1
2,1662,1.318483,0.443353,0.875129,4.8282,1.0000,1
2,1663,0.977270,0.062537,0.914733,3.6445,1.0000,1
2,1664,1.590987,0.744122,0.846865,28.9890,1.0000,1
2,1665,1.041990,0.062173,0.979817,1.5888,1.0000,1
2,1666,1.219032,0.347911,0.871120,15.9128,1.0000,1
2,1667,1.144444,0.394884,0.749561,12.8583,1.0000,1
2,1668,1.096421,0.154941,0.941481,6.1941,1.0000,1
2,1669,1.376298,0.401565,0.974733,4.4788,1.0000,1
2,1670,1.167983,0.195475,0.972508,2.7614,1.0000,1
2,1671,1.068475,0.068526,0.999949,1.4390,1.0000,1
2,1672,1.087140,0.142081,0.945059,2.9457,1.0000,1
2,1673,1.117909,0.166774,0.951135,1.5623,1.0000,1
2,1674,1.426839,0.522772,0.904067,5.5667,1.0000,1
2,1675,1.053090,0.145936,0.907154,2.1603,1.0000,1
2,1676,1.088736,0.143679,0.945057,2.7024,1.0000,1
2,1677,1.143011,0.155125,0.987886,3.1744,1.0000,1
2,1678,1.037224,0.141185,0.896039,4.6766,1.0000,1
2,1679,1.112930,0.206634,0.906296,4.0238,1.0000,1
2,1680,1.091604,0.236456,0.855148,2.5194,1.0000,1
2,1681,1.239758,0.290857,0.948901,3.1714,1.0000,1
2,1682,1.143957,0.189112,0.954845,3.0844,1.0000,1
2,1683,1.187164,0.290198,0.896966,5.4493,1.0000,1
2,1684,1.059824,0.153087,0.906737,8.9295,1.0000,1
2,1685,1.219479,0.326342,0.893137,2.6649,1.0000,1
2,1686,1.441366,0.557730,0.883636,12.2757,1.0000,1
2,1687,1.283760,0.400046,0.883714,5.6022,1.0000,1
2,1688,1.272528,0.392689,0.879839,7.5834,1.0000,1
2,1689,1.183991,0.286230,0.897761,7.7834,1.0000,1
2,1690,1.150010,0.328060,0.821951,3.4011,1.0000,1
2,1691,1.208861,0.244446,0.964415,4.4086,1.0000,1
2,1692,1.080093,0.095897,0.984195,3.1560,1.0000,1
2,1693,1.092270,0.141341,0.950930,3.0629,1.0000,1
2,1694,1.198770,0.220672,0.978099,7.2107,1.0000,1
2,1695,1.007272,0.054320,0.952953,2.4669,1.0000,1
2,1696,1.293529,0.351855,0.941674,4.6082,1.0000,1
2,1697,1.144295,0.198321,0.945974,3.4928,1.0000,1
2,1698,1.204465,0.302981,0.901484,4.1748,1.0000,1
2,1699,1.194081,0.233306,0.960775,2.3208,1.0000,1
2,1700,1.045218,0.059631,0.985587,2.5577,1.0000,1
2,1701,1.161127,0.230547,0.930580,4.2592,1.0000,1
2,1702,1.087888,0.186458,0.901430,1.1975,1.0000,1
2,1703,1.134173,0.172821,0.961352,6.2887,1.0000,1
2,1704,1.055013,0.232006,0.823007,5.3461,1.0000,1
2,1705,1.044869,0.075139,0.969730,3.2042,1.0000,1
2,1706,1.047192,0.167569,0.879624,2.2972,1.0000,1
2,1707,1.048682,0.252566,0.796116,3.3406,1.0000,1
2,1708,0.956282,0.059221,0.897061,3.2501,1.0000,1
2,1709,1.164477,0.182716,0.981761,11.1498,1.0000,1
2,1710,0.884256,0.021181,0.863075,5.7130,1.0000,1
2,1711,1.361675,0.786326,0.575349,27.7159,1.0000,1
2,1712,1.155830,0.527741,0.628089,35.6827,1.0000,1
2,1713,0.926915,0.086193,0.840721,5.0198,1.0000,1
2,1714,0.934142,0.192196,0.741946,4.1060,1.0000,1
2,1715,0.662991,0.098445,0.564546,6.6725,1.0000,1
2,1716,1.190382,0.363421,0.826962,7.3533,1.0000,1
2,1717,1.566446,0.813678,0.752768,24.2310,1.0000,1
2,1718,1.940063,0.963809,0.976255,24.7771,1.0000,1
2,1719,1.562626,0.597107,0.965519,20.3925,1.0000,1
2,1720,1.491189,0.602941,0.888248,27.0390,1.0000,1
2,1721,0.748395,0.045522,0.702873,9.3576,1.0000,1
2,1722,0.991333,0.328101,0.663232,6.5682,1.0000,1
2,1723,1.158130,0.271689,0.886441,15.9997,1.0000,1
2,1724,1.206626,0.245173,0.961453,4.2246,1.0000,1
2,1725,1.198150,0.251915,0.946235,2.9172,1.0000,1
2,1726,1.062041,0.126010,0.936032,4.4375,1.0000,1
2,1727,1.515782,0.574715,0.941067,9.3825,1.0000,1
2,1728,1.341094,0.415771,0.925323,11.6961,1.0000,1
2,1729,1.225529,0.306360,0.919170,19.9701,1.0000,1
2,1730,1.175861,0.190879,0.984982,3.5192,1.0000,1
2,1731,0.973736,0.057091,0.916645,4.1023,1.0000,1
2,1732,1.151000,0.308231,0.842770,5.1336,1.0000,1
2,1733,1.091899,0.205522,0.886377,4.5401,1.0000,1
2,1734,1.000679,0.137345,0.863334,10.5676,1.0000,1
2,1735,1.090687,0.122697,0.967990,6.8583,1.0000,1
2,1736,1.017826,0.020821,0.997005,1.2501,1.0000,1
2,1737,1.500404,0.602254,0.898151,15.8761,1.0000,1
2,1738,1.098003,0.131000,0.967003,5.0635,1.0000,1
2,1739,1.080720,0.130654,0.950066,2.4542,1.0000,1
2,1740,1.034763,0.045292,0.989471,1.0484,1.0000,1
2,1741,0.976138,0.044415,0.931723,2.1748,1.0000,1
2,1742,1.123181,0.139597,0.983584,1.1980,1.0000,1
2,1743,0.983840,0.153916,0.829925,6.1071,1.0000,1
2,1744,1.362509,0.462411,0.900099,5.4520,1.0000,1
2,1745,1.313275,0.446415,0.866860,10.6698,1.0000,1
2,1746,1.029786,0.139938,0.889848,2.2726,1.0000,1
2,1747,1.355795,0.539021,0.816774,6.2993,1.0000,1
2,1748,1.073598,0.128487,0.945111,4.6428,1.0000,1
2,1749,1.021512,0.134219,0.887293,5.1768,1.0000,1
2,1750,1.325364,0.356383,0.968981,14.3340,1.0000,1
2,1751,1.053144,0.056873,0.996271,1.0165,1.0000,1
2,1752,1.106369,0.182175,0.924193,6.1728,1.0000,1
2,1753,1.623987,0.706887,0.917100,9.2059,1.0000,1
2,1754,1.107266,0.166873,0.940393,2.1074,1.0000,1
2,1755,1.250076,0.299744,0.950332,5.1058,1.0000,1
2,1756,0.995422,0.062259,0.933163,3.2291,1.0000,1
2,1757,1.279908,0.286215,0.993693,6.5778,1.0000,1
2,1758,1.324343,0.398948,0.925395,8.1759,1.0000,1
2,1759,1.533249,0.539143,0.994106,17.2496,1.0000,1
2,1760,1.031479,0.144359,0.887120,2.6333,1.0000,1
2,1761,1.247680,0.326876,0.920804,2.4050,1.0000,1
2,1762,1.365885,0.433209,0.932675,5.1401,1.0000,1
2,1763,1.054523,0.188727,0.865795,3.1783,1.0000,1
2,1764,1.236871,0.288022,0.948849,4.6642,1.0000,1
2,1765,1.090683,0.099212,0.991472,1.2027,1.0000,1
2,1766,1.055202,0.075376,0.979827,2.1872,1.0000,1
2,1767,1.223260,0.327695,0.895565,4.6475,1.0000,1
2,1768,1.026879,0.084184,0.942695,1.9341,1.0000,1
2,1769,1.126578,0.169793,0.956785,1.9544,1.0000,1
2,1770,1.111609,0.125236,0.986373,0.9386,0.9386,0
2,1771,1.169001,0.262565,0.906435,4.4297,1.0000,1
2,1772,1.049542,0.070908,0.978633,1.4063,1.0000,1
2,1773,0.828494,0.094317,0.734177,5.4321,1.0000,1
2,1774,0.971268,0.060383,0.910885,3.0594,1.0000,1
2,1775,1.000227,0.077337,0.922890,4.0320,1.0000,1
2,1776,1.265489,0.319062,0.946427,5.3992,1.0000,1
2,1777,1.229160,0.243977,0.985182,2.5435,1.0000,1
2,1778,0.801716,0.270885,0.530831,8.1498,1.0000,1
2,1779,1.557771,0.768206,0.789564,9.3155,1.0000,1
2,1780,1.950325,1.131972,0.818353,28.1406,1.0000,1
2,1781,1.657191,0.877980,0.779211,12.4869,1.0000,1
2,1782,0.904304,0.092770,0.811534,4.9675,1.0000,1
2,1783,1.632465,0.743918,0.888547,8.3170,1.0000,1
2,1784,1.017004,0.195364,0.821639,3.9563,1.0000,1
2,1785,1.180984,0.270296,0.910688,3.0135,1.0000,1
2,1786,0.996926,0.055687,0.941239,2.3821,1.0000,1
2,1787,1.031295,0.283860,0.747435,3.8032,1.0000,1
2,1788,1.433707,0.545482,0.888225,5.9930,1.0000,1
2,1789,1.555811,0.723097,0.832714,17.4057,1.0000,1
2,1790,1.047932,0.159169,0.888763,2.4663,1.0000,1
2,1791,1.008554,0.125503,0.883052,3.2294,1.0000,1
2,1792,0.857720,0.103392,0.754328,4.8647,1.0000,1
2,1793,1.085330,0.139444,0.945886,3.6196,1.0000,1
2,1794,1.547552,0.755895,0.791657,24.5279,1.0000,1
2,1795,0.979547,0.066423,0.913125,2.5871,1.0000,1
2,1796,1.038581,0.131684,0.906898,3.9452,1.0000,1
2,1797,1.210199,0.268227,0.941971,4.1057,1.0000,1
2,1798,1.213164,0.391065,0.822100,5.9289,1.0000,1
2,1799,1.757482,0.836700,0.920782,16.8146,1.0000,1
2,1800,1.144264,0.253309,0.890955,2.1710,1.0000,1
2,1801,1.409150,0.525628,0.883522,8.6910,1.0000,1
2,1802,1.066927,0.112429,0.954499,2.5041,1.0000,1
2,1803,1.110092,0.234234,0.875858,5.6481,1.0000,1
2,1804,1.151198,0.246126,0.905073,2.4768,1.0000,1
2,1805,1.048883,0.169667,0.879217,4.7033,1.0000,1
2,1806,1.090091,0.168478,0.921613,2.8694,1.0000,1
2,1807,1.121025,0.142927,0.978098,2.1565,1.0000,1
2,1808,1.074157,0.131525,0.942633,1.3292,1.0000,1
2,1809,1.074198,0.113198,0.961000,1.8655,1.0000,1
2,1810,0.949739,0.033047,0.916691,2.8594,1.0000,1
2,1811,1.046602,0.088096,0.958506,3.0928,1.0000,1
2,1812,1.285213,0.524904,0.760309,4.0775,1.0000,1
2,1813,1.033762,0.068214,0.965548,1.1678,1.0000,1
2,1814,1.415584,0.585100,0.830485,8.4561,1.0000,1
2,1815,2.273729,1.369789,0.903939,18.2370,1.0000,1
2,1816,0.810199,0.133094,0.677105,3.1306,1.0000,1
2,1817,0.922909,0.365116,0.557792,11.0227,1.0000,1
2,1818,0.760697,0.065188,0.695509,7.3048,1.0000,1
2,1819,0.917732,0.142760,0.774973,5.4783,1.0000,1
2,1820,1.545740,0.735920,0.809820,20.2017,1.0000,1
2,1821,1.107020,0.295510,0.811510,3.0241,1.0000,1
2,1822,0.982829,0.114794,0.868035,5.5487,1.0000,1
2,1823,1.122392,0.386560,0.735832,14.6165,1.0000,1
2,1824,0.944658,0.033609,0.911049,2.3789,1.0000,1
2,1825,1.006214,0.006442,0.999771,0.3461,0.3461,0
2,1826,1.291393,0.520976,0.770417,7.1336,1.0000,1
2,1827,0.615059,0.168212,0.446848,12.6462,1.0000,1
2,1828,2.391412,1.746536,0.644875,33.5407,1.0000,1
2,1829,1.277775,0.667491,0.610284,22.6340,1.0000,1
2,1830,1.404280,0.874205,0.530075,28.4562,1.0000,1
2,1831,1.412247,0.413286,0.998960,8.6335,1.0000,1
2,1832,0.829891,0.013678,0.816213,3.2393,1.0000,1
2,1833,0.949108,0.147866,0.801242,7.1852,1.0000,1
2,1834,1.527028,0.541921,0.985107,10.4967,1.0000,1
2,1835,0.901540,0.040615,0.860925,4.3890,1.0000,1
2,1836,1.221246,0.415233,0.806013,16.0341,1.0000,1
2,1837,0.696505,0.019011,0.677494,12.5869,1.0000,1
2,1838,1.228962,0.485676,0.743287,7.5240,1.0000,1
2,1839,1.573300,0.937009,0.636291,35.2143,1.0000,1
2,1840,1.190453,0.428484,0.761968,7.3896,1.0000,1
2,1841,1.255672,0.367845,0.887828,16.1355,1.0000,1
2,1842,0.974219,0.205600,0.768618,4.2196,1.0000,1
2,1843,1.284168,0.326421,0.957748,3.5994,1.0000,1
2,1844,0.952865,0.106319,0.846547,5.1215,1.0000,1
2,1845,1.054733,0.262507,0.792226,5.1746,1.0000,1
2,1846,1.021381,0.052807,0.968574,1.5134,1.0000,1
2,1847,1.054428,0.074011,0.980417,1.3881,1.0000,1
2,1848,0.947063,0.119972,0.827092,3.4325,1.0000,1
2,1849,1.301020,0.521323,0.779697,7.3727,1.0000,1
2,1850,0.951816,0.139386,0.812430,4.9176,1.0000,1
2,1851,0.934597,0.059748,0.874849,2.6335,1.0000,1
2,1852,1.329517,0.503331,0.826186,7.1570,1.0000,1
2,1853,0.928953,0.149667,0.779286,4.1508,1.0000,1
2,1854,1.890395,1.002016,0.888380,16.8028,1.0000,1
2,1855,1.151057,0.152302,0.998755,1.6239,1.0000,1
2,1856,2.106748,1.376209,0.730539,30.3132,1.0000,1
2,1857,0.962270,0.195590,0.766680,11.5719,1.0000,1
2,1858,0.976150,0.200718,0.775432,4.2171,1.0000,1
2,1859,1.198535,0.478325,0.720210,12.9240,1.0000,1
2,1860,0.932500,0.065661,0.866839,4.1130,1.0000,1
2,1861,0.973639,0.056093,0.917545,3.6541,1.0000,1
2,1862,1.063348,0.217114,0.846235,7.2271,1.0000,1
2,1863,0.969281,0.050561,0.918720,2.9395,1.0000,1
2,1864,0.986127,0.037492,0.948636,2.7443,1.0000,1
2,1865,0.877859,0.027853,0.850006,4.9363,1.0000,1
2,1866,1.416128,0.605742,0.810385,13.0370,1.0000,1
2,1867,1.060154,0.141258,0.918897,5.4214,1.0000,1
2,1868,0.957967,0.076406,0.881561,4.5531,1.0000,1
2,1869,1.163781,0.507105,0.656676,6.5010,1.0000,1
2,1870,0.986146,0.375931,0.610215,6.9911,1.0000,1
2,1871,0.492570,0.105797,0.386773,9.3421,1.0000,1
2,1872,2.190992,1.266634,0.924358,15.7098,1.0000,1
2,1873,1.755358,0.899534,0.855824,16.8061,1.0000,1
2,1874,1.398593,0.733808,0.664785,9.2553,1.0000,1
2,1875,1.432364,0.612435,0.819929,9.0389,1.0000,1
2,1876,0.762501,0.219027,0.543474,7.7965,1.0000,1
2,1877,0.872259,0.183369,0.688890,5.1943,1.0000,1
2,1878,1.081713,0.260578,0.821135,6.0891,1.0000,1
2,1879,1.248739,0.307979,0.940760,4.4262,1.0000,1
2,1880,1.563478,0.641626,0.921852,23.8796,1.0000,1
2,1881,1.101790,0.318822,0.782968,3.4968,1.0000,1
2,1882,1.022225,0.023535,0.998690,0.9188,0.9188,0
2,1883,0.940586,0.262710,0.677876,5.2814,1.0000,1
2,1884,0.932861,0.023728,0.909133,3.0712,1.0000,1
2,1885,1.016072,0.174607,0.841465,3.3510,1.0000,1
2,1886,1.337017,0.339759,0.997258,3.7790,1.0000,1
2,1887,0.989085,0.130467,0.858618,9.9745,1.0000,1
2,1888,0.905698,0.106078,0.799620,4.6536,1.0000,1
2,1889,0.964101,0.237755,0.726345,6.9994,1.0000,1
2,1890,0.994312,0.024305,0.970007,2.6889,1.0000,1
2,1891,1.325396,0.422442,0.902954,10.9306,1.0000,1
2,1892,0.766426,0.120823,0.645603,5.5951,1.0000,1
2,1893,0.932267,0.230870,0.701397,5.2470,1.0000,1
2,1894,0.669217,0.098526,0.570692,5.9136,1.0000,1
2,1895,0.917350,0.030017,0.887333,3.9978,1.0000,1
2,1896,0.753200,0.081787,0.671413,9.8142,1.0000,1
2,1897,1.706918,1.105979,0.600939,21.5713,1.0000,1
2,1898,0.321853,0.008051,0.313802,13.2942,1.0000,1
2,1899,0.963592,0.107648,0.855944,4.6536,1.0000,1
2,1900,0.881794,0.105062,0.776732,4.9913,1.0000,1
2,1901,2.473185,1.879906,0.593279,57.3483,1.0000,1
2,1902,2.539349,1.540613,0.998736,30.2608,1.0000,1
2,1903,5.402030,4.504664,0.897367,124.8652,1.0000,1
2,1904,1.782056,1.136897,0.645159,46.3950,1.0000,1
2,1905,0.754720,0.115731,0.638989,17.4229,1.0000,1
2,1906,0.711518,0.025662,0.685857,15.1110,1.0000,1
2,1907,1.553099,0.759686,0.793413,12.6812,1.0000,1
2,1908,2.235133,1.643129,0.592004,40.3280,1.0000,1
2,1909,0.725536,0.132816,0.592721,10.3759,1.0000,1
2,1910,0.787219,0.098851,0.688369,5.7597,1.0000,1
2,1911,0.752355,0.080843,0.671513,5.2504,1.0000,1
2,1912,2.057803,1.460533,0.597270,34.5131,1.0000,1
2,1913,0.941324,0.356555,0.584769,6.5708,1.0000,1
2,1914,1.487844,0.957782,0.530062,33.7295,1.0000,1
2,1915,2.105152,1.219619,0.885533,152.0965,1.0000,1
2,1916,0.731606,0.058120,0.673486,69.2354,1.0000,1
2,1917,2.261404,1.748671,0.512733,64.3663,1.0000,1
2,1918,0.903347,0.042346,0.861001,7.6246,1.0000,1
2,1919,0.778598,0.101138,0.677461,4.9544,1.0000,1
2,1920,0.839366,0.108400,0.730966,5.9619,1.0000,1
2,1921,1.230348,0.430177,0.800171,9.5712,1.0000,1
2,1922,1.231327,0.402761,0.828566,6.1427,1.0000,1
2,1923,1.502823,0.745146,0.757676,15.6793,1.0000,1
2,1924,0.861022,0.245299,0.615723,5.0612,1.0000,1
2,1925,0.839425,0.099773,0.739652,6.5900,1.0000,1
2,1926,1.345770,0.546793,0.798977,22.3845,1.0000,1
2,1927,1.372821,0.423425,0.949396,5.2924,1.0000,1
2,1928,1.106833,0.318422,0.788412,8.3001,1.0000,1
2,1929,0.978362,0.082971,0.895391,4.8023,1.0000,1
2,1930,0.993851,0.397300,0.596551,6.9848,1.0000,1
2,1931,0.931230,0.145722,0.785508,4.4793,1.0000,1
2,1932,0.921214,0.066420,0.854794,3.5611,1.0000,1
2,1933,1.267274,0.278856,0.988418,5.7863,1.0000,1
2,1934,0.882797,0.085812,0.796985,5.6296,1.0000,1
2,1935,1.170052,0.424790,0.745262,17.7135,1.0000,1
2,1936,1.810030,1.267354,0.542676,34.4853,1.0000,1
2,1937,1.113525,0.430205,0.683319,11.4073,1.0000,1
2,1938,1.233687,0.560143,0.673544,15.8210,1.0000,1
2,1939,1.068086,0.262889,0.805197,5.8233,1.0000,1
2,1940,1.170367,0.300516,0.869851,9.7429,1.0000,1
2,1941,0.927939,0.118191,0.809748,3.8387,1.0000,1
2,1942,1.060675,0.143909,0.916765,3.1110,1.0000,1
2,1943,1.062251,0.211720,0.850531,3.4666,1.0000,1
2,1944,1.439538,0.514007,0.925531,11.1824,1.0000,1
2,1945,1.013486,0.077194,0.936293,2.5613,1.0000,1
2,1946,1.202788,0.281840,0.920947,6.8516,1.0000,1
2,1947,0.877740,0.060914,0.816826,4.6068,1.0000,1
2,1948,1.104962,0.199806,0.905156,3.4695,1.0000,1
2,1949,0.921134,0.067444,0.853690,3.7506,1.0000,1
2,1950,0.986719,0.167522,0.819197,15.0388,1.0000,1
2,1951,1.327039,0.472901,0.854137,8.0034,1.0000,1
2,1952,1.911561,1.264350,0.647211,23.9055,1.0000,1
2,1953,0.588024,0.037485,0.550539,8.5035,1.0000,1
2,1954,0.842950,0.158105,0.684845,7.1624,1.0000,1
2,1955,1.497639,0.713306,0.784333,28.7690,1.0000,1
2,1956,1.028955,0.197483,0.831472,6.5808,1.0000,1
2,1957,1.117776,0.295706,0.822070,5.7506,1.0000,1
2,1958,1.343872,0.582106,0.761766,10.1385,1.0000,1
2,1959,1.098412,0.471675,0.626736,5.7622,1.0000,1
2,1960,0.944865,0.126065,0.818799,6.5360,1.0000,1
2,1961,0.778906,0.051577,0.727328,9.9892,1.0000,1
2,1962,1.093499,0.316317,0.777182,10.5645,1.0000,1
2,1963,1.064457,0.308410,0.756046,6.4729,1.0000,1
2,1964,0.819172,0.106982,0.712190,8.6321,1.0000,1
2,1965,0.861889,0.157785,0.704104,5.3853,1.0000,1
2,1966,1.312346,0.701911,0.610435,18.3285,1.0000,1
2,1967,1.054847,0.431601,0.623246,14.9060,1.0000,1
2,1968,1.149183,0.271532,0.877651,3.1722,1.0000,1
2,1969,1.040997,0.415138,0.625859,12.9762,1.0000,1
2,1970,1.357526,0.711988,0.645538,32.6517,1.0000,1
2,1971,0.967043,0.194869,0.772174,5.7148,1.0000,1
2,1972,0.808658,0.012508,0.796150,6.7532,1.0000,1
2,1973,0.856383,0.039769,0.816614,5.2755,1.0000,1
2,1974,1.241671,0.244835,0.996836,4.7125,1.0000,1
2,1975,1.450483,0.593032,0.857451,12.0502,1.0000,1
2,1976,1.178468,0.514368,0.664100,6.2614,1.0000,1
2,1977,0.800264,0.186398,0.613866,4.7070,1.0000,1
2,1978,1.090956,0.430298,0.660658,7.1747,1.0000,1
2,1979,1.542593,0.596031,0.946562,10.7395,1.0000,1
2,1980,0.877581,0.218219,0.659362,4.0837,1.0000,1
2,1981,2.130905,1.238758,0.892147,17.4259,1.0000,1
2,1982,1.019663,0.110335,0.909328,2.6609,1.0000,1
2,1983,1.112235,0.218520,0.893716,3.3735,1.0000,1
2,1984,1.027834,0.197325,0.830509,21.5857,1.0000,1
2,1985,1.304946,0.397876,0.907069,12.0457,1.0000,1
2,1986,1.004564,0.079438,0.925126,4.1861,1.0000,1
2,1987,1.018673,0.047819,0.970854,1.3169,1.0000,1
2,1988,1.480383,0.624371,0.856013,8.4614,1.0000,1
2,1989,1.100178,0.120363,0.979815,1.9111,1.0000,1
2,1990,1.151961,0.207644,0.944317,3.0340,1.0000,1
2,1991,0.895248,0.143351,0.751897,6.1713,1.0000,1
2,1992,1.171594,0.341559,0.830035,2.6385,1.0000,1
2,1993,0.902665,0.076151,0.826514,7.5536,1.0000,1
2,1994,1.150221,0.224447,0.925773,2.7742,1.0000,1
2,1995,1.060074,0.407984,0.652090,17.0762,1.0000,1
2,1996,1.355059,0.642838,0.712221,12.8080,1.0000,1
2,1997,1.327809,0.386116,0.941692,11.1974,1.0000,1
2,1998,0.764411,0.075855,0.688556,10.1559,1.0000,1
2,1999,1.364729,0.446812,0.917917,21.0374,1.0000,1
2,2000,1.157459,0.447881,0.709579,5.1323,1.0000,1
2,2001,1.073142,0.124513,0.948629,2.9966,1.0000,1
2,2002,1.129152,0.294624,0.834528,8.5641,1.0000,1
2,2003,1.006258,0.090354,0.915903,2.6061,1.0000,1
2,2004,0.957981,0.141705,0.816276,6.1139,1.0000,1
2,2005,0.908796,0.035154,0.873643,6.2304,1.0000,1
2,2006,0.870787,0.063259,0.807528,5.5730,1.0000,1
2,2007,0.897768,0.076967,0.820801,5.1910,1.0000,1
2,2008,0.822098,0.141818,0.680280,5.1721,1.0000,1
2,2009,2.285120,1.385759,0.899361,21.1232,1.0000,1
2,2010,0.987301,0.152638,0.834663,8.2327,1.0000,1
2,2011,0.953647,0.094643,0.859004,4.4844,1.0000,1
2,2012,0.775959,0.259077,0.516882,12.5957,1.0000,1
2,2013,1.344534,0.714041,0.630493,21.1531,1.0000,1
2,2014,0.910124,0.147703,0.762421,7.4837,1.0000,1
2,2015,1.329314,0.520305,0.809009,7.4744,1.0000,1
2,2016,1.145207,0.606698,0.538508,28.9687,1.0000,1
2,2017,1.383672,0.516822,0.866850,11.2259,1.0000,1
2,2018,0.829023,0.200834,0.628190,3.6116,1.0000,1
2,2019,1.129174,0.374670,0.754504,10.0385,1.0000,1
2,2020,1.274102,0.559140,0.714962,18.6500,1.0000,1
2,2021,1.294485,0.647124,0.647361,22.7483,1.0000,1
2,2022,1.070100,0.230099,0.840001,4.2261,1.0000,1
2,2023,1.228813,0.351426,0.877387,3.1788,1.0000,1
2,2024,1.451592,0.486169,0.965424,11.7359,1.0000,1
2,2025,1.246229,0.328514,0.917715,5.1355,1.0000,1
2,2026,1.053934,0.111511,0.942424,2.7978,1.0000,1
2,2027,1.451792,0.594287,0.857505,7.5852,1.0000,1
2,2028,1.071348,0.171757,0.899590,2.6371,1.0000,1
2,2029,1.081470,0.151603,0.929866,3.2889,1.0000,1
2,2030,1.057547,0.144711,0.912836,4.1335,1.0000,1
2,2031,1.092702,0.150073,0.942628,3.6820,1.0000,1
2,2032,0.969227,0.081623,0.887605,3.0030,1.0000,1
2,2033,1.351916,0.673160,0.678756,16.5103,1.0000,1
2,2034,1.163352,0.214669,0.948683,4.4304,1.0000,1
2,2035,1.177172,0.405023,0.772149,14.0378,1.0000,1
2,2036,1.029215,0.109421,0.919794,2.3422,1.0000,1
2,2037,1.241645,0.279488,0.962157,2.6234,1.0000,1
2,2038,0.944074,0.014557,0.929517,2.3798,1.0000,1
2,2039,1.181829,0.314946,0.866883,4.3669,1.0000,1
2,2040,1.233064,0.410439,0.822625,7.1248,1.0000,1
2,2041,1.116675,0.195155,0.921520,2.4005,1.0000,1
2,2042,1.039189,0.121876,0.917314,2.0515,1.0000,1
2,2043,0.947893,0.116143,0.831750,4.0530,1.0000,1
2,2044,0.911411,0.071339,0.840072,6.1062,1.0000,1
2,2045,1.210711,0.279265,0.931445,15.0015,1.0000,1
2,2046,0.969826,0.251339,0.718487,38.0073,1.0000,1
2,2047,1.015396,0.043297,0.972099,1.8335,1.0000,1
2,2048,1.328987,0.343078,0.985909,14.0974,1.0000,1
2,2049,0.940296,0.216992,0.723305,2.7505,1.0000,1
2,2050,1.032810,0.338765,0.694045,12.7832,1.0000,1
2,2051,0.902855,0.048857,0.853998,4.5497,1.0000,1
2,2052,1.205393,0.437359,0.768034,5.6836,1.0000,1
2,2053,0.946766,0.192271,0.754496,4.7419,1.0000,1
2,2054,1.214300,0.282087,0.932212,7.7104,1.0000,1
2,2055,0.835328,0.298969,0.536359,13.2445,1.0000,1
2,2056,0.904022,0.145737,0.758285,9.2218,1.0000,1
2,2057,1.024543,0.074319,0.950225,3.1877,1.0000,1
2,2058,1.192998,0.317687,0.875311,10.7631,1.0000,1
2,2059,1.124864,0.289452,0.835411,11.4655,1.0000,1
2,2060,0.977017,0.051539,0.925477,2.7238,1.0000,1
2,2061,1.125657,0.295303,0.830354,13.3062,1.0000,1
2,2062,1.271117,0.435347,0.835770,10.6445,1.0000,1
2,2063,1.230482,0.552805,0.677677,16.8190,1.0000,1
2,2064,0.745278,0.218718,0.526560,6.8239,1.0000,1
2,2065,0.937067,0.164760,0.772308,5.4530,1.0000,1
2,2066,0.822336,0.008257,0.814079,6.4414,1.0000,1
2,2067,0.923724,0.138107,0.785617,4.6844,1.0000,1
2,2068,1.815216,1.111794,0.703422,29.9169,1.0000,1
2,2069,0.906500,0.094879,0.811621,17.3242,1.0000,1
2,2070,1.567473,0.810922,0.756552,25.5455,1.0000,1
2,2071,0.921424,0.045157,0.876267,2.2046,1.0000,1
2,2072,1.040497,0.268721,0.771776,8.9719,1.0000,1
2,2073,0.757590,0.126918,0.630671,7.8685,1.0000,1
2,2074,0.816481,0.020087,0.796393,4.2704,1.0000,1
2,2075,0.680691,0.171272,0.509419,11.6031,1.0000,1
2,2076,0.995175,0.476409,0.518766,10.4295,1.0000,1
2,2077,1.238134,0.321987,0.916147,12.7761,1.0000,1
2,2078,0.854332,0.051058,0.803274,4.0532,1.0000,1
2,2079,1.260222,0.410594,0.849628,18.4267,1.0000,1
2,2080,1.291350,0.613222,0.678128,23.2951,1.0000,1
2,2081,1.653132,1.128234,0.524898,28.9407,1.0000,1
2,2082,0.869248,0.087711,0.781537,5.3241,1.0000,1
2,2083,1.116890,0.494153,0.622738,7.3302,1.0000,1
2,2084,1.146168,0.510681,0.635486,12.8494,1.0000,1
2,2085,1.189605,0.411897,0.777707,11.7787,1.0000,1
2,2086,1.259837,0.489908,0.769929,16.6782,1.0000,1
2,2087,0.939861,0.345289,0.594572,10.0932,1.0000,1
2,2088,0.890928,0.069521,0.821407,5.5773,1.0000,1
2,2089,0.969588,0.034422,0.935166,2.2199,1.0000,1
2,2090,0.728623,0.103329,0.625294,4.9723,1.0000,1
2,2091,0.787415,0.122986,0.664429,10.9009,1.0000,1
2,2092,0.583422,0.025087,0.558335,9.8756,1.0000,1
2,2093,0.883158,0.173087,0.710071,4.7276,1.0000,1
2,2094,1.725059,0.802284,0.922775,30.8850,1.0000,1
2,2095,3.205056,2.256959,0.948097,46.3776,1.0000,1
2,2096,2.454697,1.635966,0.818730,33.8059,1.0000,1
2,2097,1.119158,0.254569,0.864590,25.4805,1.0000,1
2,2098,1.172901,0.184939,0.987962,8.7191,1.0000,1
2,2099,1.320222,0.788884,0.531339,23.9462,1.0000,1
2,2100,0.996697,0.269779,0.726917,7.0841,1.0000,1
2,2101,0.897733,0.014228,0.883504,4.4001,1.0000,1
2,2102,1.134482,0.227993,0.906490,4.8391,1.0000,1
2,2103,1.345805,0.504714,0.841091,25.1738,1.0000,1
2,2104,1.062705,0.335519,0.727186,10.8608,1.0000,1
2,2105,1.314707,0.369004,0.945703,8.7251,1.0000,1
2,2106,1.088918,0.198920,0.889998,5.4135,1.0000,1
2,2107,0.997075,0.063730,0.933345,2.3512,1.0000,1
2,2108,0.986743,0.103656,0.883087,3.9327,1.0000,1
2,2109,1.222671,0.357696,0.864974,5.6009,1.0000,1
2,2110,1.023177,0.032733,0.990444,0.8968,0.8968,0
2,2111,1.004541,0.121530,0.883011,3.5201,1.0000,1
2,2112,0.899583,0.027140,0.872443,3.6896,1.0000,1
2,2113,1.094633,0.446400,0.648233,6.8674,1.0000,1
2,2114,1.362738,0.482659,0.880079,4.6048,1.0000,1
2,2115,1.083841,0.211004,0.872837,4.6035,1.0000,1
2,2116,0.997614,0.349283,0.648331,10.3236,1.0000,1
2,2117,0.978974,0.082183,0.896791,5.7783,1.0000,1
2,2118,0.996510,0.107729,0.888781,2.4637,1.0000,1
2,2119,0.834128,0.102522,0.731606,8.5583,1.0000,1
2,2120,1.319292,0.573779,0.745513,17.8153,1.0000,1
2,2121,1.211599,0.401399,0.810200,8.6898,1.0000,1
2,2122,1.023015,0.023487,0.999529,0.2585,0.2585,0
2,2123,0.952902,0.034029,0.918872,2.5146,1.0000,1
2,2124,0.878164,0.077313,0.800851,4.0020,1.0000,1
2,2125,0.879593,0.071138,0.808455,4.3623,1.0000,1
2,2126,1.000244,0.286007,0.714237,5.4844,1.0000,1
2,2127,0.885131,0.042158,0.842974,4.8051,1.0000,1
2,2128,1.058246,0.420106,0.638140,10.8721,1.0000,1
2,2129,0.945608,0.283688,0.661919,10.4685,1.0000,1
2,2130,0.886804,0.349163,0.537640,5.1400,1.0000,1
2,2131,1.118012,0.477121,0.640892,10.5726,1.0000,1
2,2132,1.194148,0.637535,0.556613,12.2400,1.0000,1
2,2133,1.049354,0.391647,0.657707,6.9113,1.0000,1
2,2134,0.576607,0.029295,0.547313,6.3258,1.0000,1
2,2135,0.666910,0.150271,0.516639,4.5819,1.0000,1
2,2136,0.981600,0.517785,0.463815,6.7038,1.0000,1
2,2137,1.803678,0.920011,0.883667,23.7228,1.0000,1
2,2138,1.368723,0.682999,0.685724,11.4460,1.0000,1
2,2139,0.920485,0.227239,0.693246,8.4164,1.0000,1
2,2140,1.238469,0.517022,0.721447,13.9318,1.0000,1
2,2141,1.477632,0.696922,0.780710,18.8689,1.0000,1
2,2142,0.765149,0.059153,0.705996,5.2391,1.0000,1
2,2143,1.172519,0.355051,0.817468,3.1129,1.0000,1
2,2144,0.755973,0.026812,0.729160,8.1485,1.0000,1
2,2145,0.834026,0.023248,0.810778,4.7066,1.0000,1
2,2146,1.309772,0.512110,0.797662,5.4250,1.0000,1
2,2147,1.035432,0.337967,0.697465,5.8937,1.0000,1
2,2148,1.108723,0.228949,0.879774,6.8109,1.0000,1
2,2149,0.676317,0.095671,0.580646,11.5101,1.0000,1
2,2150,1.792957,0.960476,0.832481,11.2339,1.0000,1
2,2151,1.342656,0.390463,0.952192,12.2097,1.0000,1
2,2152,0.993418,0.226579,0.766840,7.6647,1.0000,1
2,2153,0.882457,0.100491,0.781966,9.3090,1.0000,1
2,2154,0.906100,0.042860,0.863240,3.6617,1.0000,1
2,2155,0.876664,0.043831,0.832832,4.5525,1.0000,1
2,2156,0.868851,0.236855,0.631995,7.6163,1.0000,1
2,2157,0.845668,0.086202,0.759466,4.0278,1.0000,1
2,2158,1.131368,0.295604,0.835764,5.1554,1.0000,1
2,2159,1.226224,0.479209,0.747015,7.7165,1.0000,1
2,2160,0.968068,0.206441,0.761627,9.5426,1.0000,1
2,2161,0.988195,0.240105,0.748090,3.4214,1.0000,1
2,2162,0.755838,0.212330,0.543508,8.5037,1.0000,1
2,2163,0.973504,0.389932,0.583572,11.4168,1.0000,1
2,2164,0.929224,0.281141,0.648083,17.5710,1.0000,1
2,2165,2.019405,1.030289,0.989116,15.9003,1.0000,1
2,2166,1.490829,0.825269,0.665560,19.9977,1.0000,1
2,2167,0.948091,0.203770,0.744321,8.1660,1.0000,1
2,2168,1.039573,0.206874,0.832699,3.8803,1.0000,1
2,2169,0.997263,0.124691,0.872572,4.2589,1.0000,1
2,2170,1.253857,0.546949,0.706908,7.1818,1.0000,1
2,2171,1.059128,0.289489,0.769639,11.4394,1.0000,1
2,2172,1.007737,0.068520,0.939217,2.7225,1.0000,1
2,2173,1.158599,0.445763,0.712836,11.1862,1.0000,1
2,2174,1.179239,0.411597,0.767642,12.7041,1.0000,1
2,2175,1.004484,0.129017,0.875467,2.4197,1.0000,1
2,2176,1.283208,0.484502,0.798706,21.8393,1.0000,1
2,2177,0.940270,0.114523,0.825747,3.0173,1.0000,1
2,2178,0.719210,0.071949,0.647261,4.8351,1.0000,1
2,2179,0.715220,0.079751,0.635469,5.9128,1.0000,1
2,2180,1.662508,0.921905,0.740603,12.9073,1.0000,1
2,2181,1.339849,0.496864,0.842985,7.0614,1.0000,1
2,2182,0.857788,0.144688,0.713100,5.0329,1.0000,1
2,2183,0.984883,0.258471,0.726412,6.1502,1.0000,1
2,2184,1.186215,0.513605,0.672611,10.3691,1.0000,1
2,2185,1.051196,0.172138,0.879059,6.5491,1.0000,1
2,2186,1.238816,0.425943,0.812873,6.2827,1.0000,1
2,2187,1.199982,0.386585,0.813397,7.0237,1.0000,1
2,2188,1.042513,0.146646,0.895867,3.6336,1.0000,1
2,2189,1.053881,0.094253,0.959628,3.2387,1.0000,1
2,2190,0.962127,0.275133,0.686994,12.2873,1.0000,1
2,2191,1.201411,0.417129,0.784282,9.3877,1.0000,1
2,2192,1.127898,0.220279,0.907620,5.5817,1.0000,1
2,2193,1.089929,0.237062,0.852867,5.9912,1.0000,1
2,2194,1.215447,0.371945,0.843502,8.5206,1.0000,1
2,2195,1.219969,0.337766,0.882203,6.0203,1.0000,1
2,2196,0.892230,0.110404,0.781827,4.3410,1.0000,1
2,2197,1.179736,0.349312,0.830424,5.1390,1.0000,1
2,2198,1.094681,0.162893,0.931787,4.4233,1.0000,1
2,2199,1.016708,0.170267,0.846442,5.0611,1.0000,1
2,2200,0.998643,0.149515,0.849128,4.0888,1.0000,1
2,2201,1.084304,0.174972,0.909332,13.8077,1.0000,1
2,2202,0.991208,0.156703,0.834505,5.2873,1.0000,1
2,2203,0.980726,0.046588,0.934138,2.4692,1.0000,1
2,2204,0.990710,0.054797,0.935912,2.7780,1.0000,1
2,2205,1.095090,0.204657,0.890433,5.7445,1.0000,1
2,2206,0.764752,0.051078,0.713674,7.1054,1.0000,1
2,2207,0.793623,0.380540,0.413084,6.7731,1.0000,1
2,2208,1.044307,0.206068,0.838238,9.6373,1.0000,1
2,2209,1.715251,0.731697,0.983554,14.2108,1.0000,1
2,2210,2.024615,1.038361,0.986254,20.8509,1.0000,1
2,2211,1.097962,0.425055,0.672908,18.2048,1.0000,1
2,2212,1.332968,0.372761,0.960206,4.3811,1.0000,1
2,2213,0.993131,0.153875,0.839256,4.1498,1.0000,1
2,2214,0.893632,0.032526,0.861106,4.2597,1.0000,1
2,2215,0.971022,0.246851,0.724171,4.2445,1.0000,1
2,2216,1.411523,0.513555,0.897968,17.4359,1.0000,1
2,2217,1.303307,0.609910,0.693397,17.3623,1.0000,1
2,2218,0.828962,0.157324,0.671638,4.7786,1.0000,1
2,2219,1.149701,0.325578,0.824122,5.7162,1.0000,1
2,2220,0.711821,0.013853,0.697968,7.5492,1.0000,1
2,2221,1.043444,0.050522,0.992922,1.0232,1.0000,1
2,2222,1.067433,0.186427,0.881006,4.2091,1.0000,1
2,2223,1.003930,0.004214,0.999716,0.2032,0.2032,0
2,2224,0.868245,0.143273,0.724972,6.8316,1.0000,1
2,2225,0.787037,0.127539,0.659499,5.0227,1.0000,1
2,2226,0.909703,0.371950,0.537753,11.9373,1.0000,1
2,2227,1.216634,0.546332,0.670303,12.7667,1.0000,1
2,2228,0.738147,0.183925,0.554222,3.9291,1.0000,1
2,2229,1.021002,0.078341,0.942661,1.2725,1.0000,1
2,2230,0.873434,0.039626,0.833808,5.8517,1.0000,1
2,2231,1.065235,0.249925,0.815310,11.3619,1.0000,1
2,2232,1.204831,0.583906,0.620925,13.4861,1.0000,1
2,2233,1.207808,0.642230,0.565578,8.8731,1.0000,1
2,2234,0.610601,0.121386,0.489215,6.1322,1.0000,1
2,2235,1.292550,0.440649,0.851900,13.6352,1.0000,1
2,2236,1.033960,0.607234,0.426726,18.2042,1.0000,1
2,2237,1.187907,0.615168,0.572740,21.1433,1.0000,1
2,2238,1.246925,0.292740,0.954185,8.6195,1.0000,1
2,2239,1.158040,0.563217,0.594823,9.7282,1.0000,1
2,2240,0.984864,0.285403,0.699461,11.1303,1.0000,1
2,2241,0.665936,0.058010,0.607926,5.6072,1.0000,1
2,2242,1.433619,0.698590,0.735029,11.1425,1.0000,1
2,2243,1.068326,0.069031,0.999294,1.3640,1.0000,1
2,2244,0.904232,0.202076,0.702156,6.2246,1.0000,1
2,2245,1.214475,0.357540,0.856934,3.6980,1.0000,1
2,2246,1.061262,0.207530,0.853732,3.1607,1.0000,1
2,2247,0.933559,0.088606,0.844954,4.9248,1.0000,1
2,2248,1.098296,0.245889,0.852407,5.2053,1.0000,1
2,2249,1.276693,0.351963,0.924730,7.0120,1.0000,1
2,2250,0.990639,0.090860,0.899779,6.7226,1.0000,1
2,2251,0.998218,0.017225,0.980994,1.1112,1.0000,1
2,2252,0.884471,0.042805,0.841666,4.8639,1.0000,1
2,2253,0.987773,0.099881,0.887892,5.4427,1.0000,1
2,2254,1.063563,0.108145,0.955417,1.9118,1.0000,1
2,2255,1.069479,0.377893,0.691586,3.2695,1.0000,1
2,2256,1.181055,0.418053,0.763002,10.2026,1.0000,1
2,2257,1.329683,0.505759,0.823924,13.8434,1.0000,1
2,2258,0.839400,0.074618,0.764782,4.6808,1.0000,1
2,2259,0.633969,0.066670,0.567299,10.3968,1.0000,1
2,2260,1.081279,0.209569,0.871710,16.0356,1.0000,1
2,2261,1.222949,0.283591,0.939358,29.4829,1.0000,1
2,2262,0.920972,0.175888,0.745084,17.6239,1.0000,1
2,2263,1.481920,0.863831,0.618088,20.5567,1.0000,1
2,2264,1.105974,0.159885,0.946090,7.0060,1.0000,1
2,2265,1.269494,0.700946,0.568548,15.3189,1.0000,1
2,2266,0.910326,0.364700,0.545626,10.2652,1.0000,1
2,2267,1.123565,0.376689,0.746876,5.3414,1.0000,1
2,2268,0.986907,0.076239,0.910668,3.6379,1.0000,1
2,2269,1.206472,0.297352,0.909120,9.1064,1.0000,1
2,2270,0.887995,0.064321,0.823674,4.2460,1.0000,1
2,2271,1.101250,0.222928,0.878322,4.2156,1.0000,1
2,2272,1.142603,0.158413,0.984190,6.2039,1.0000,1
2,2273,0.947410,0.061111,0.886299,4.0152,1.0000,1
2,2274,0.901992,0.288759,0.613232,5.4331,1.0000,1
2,2275,0.876649,0.083253,0.793396,4.9377,1.0000,1
2,2276,1.114064,0.240085,0.873979,21.7363,1.0000,1
2,2277,1.451210,0.597442,0.853767,15.9233,1.0000,1
2,2278,0.734371,0.141707,0.592663,5.1262,1.0000,1
2,2279,1.441419,0.658280,0.783139,22.1417,1.0000,1
2,2280,2.196429,1.625250,0.571180,32.4426,1.0000,1
2,2281,0.792929,0.211243,0.581686,11.2255,1.0000,1
2,2282,1.683290,0.928637,0.754653,19.1839,1.0000,1
2,2283,0.888788,0.206605,0.682183,3.0739,1.0000,1
2,2284,0.952905,0.128008,0.824897,4.3921,1.0000,1
2,2285,0.987634,0.081095,0.906539,2.9287,1.0000,1
2,2286,0.764631,0.034334,0.730297,6.5447,1.0000,1
2,2287,1.034851,0.409811,0.625040,7.6948,1.0000,1
2,2288,0.893449,0.180405,0.713044,5.6448,1.0000,1
2,2289,0.826193,0.228210,0.597983,10.2839,1.0000,1
2,2290,0.929123,0.324034,0.605089,13.6208,1.0000,1
2,2291,0.727080,0.059028,0.668051,7.2457,1.0000,1
2,2292,0.855384,0.338754,0.516630,9.0352,1.0000,1
2,2293,0.953463,0.017786,0.935676,1.8927,1.0000,1
2,2294,0.866667,0.032806,0.833861,5.9471,1.0000,1
2,2295,0.730120,0.005662,0.724458,10.8745,1.0000,1
2,2296,0.771349,0.043624,0.727725,8.2758,1.0000,1
2,2297,1.885118,1.159459,0.725659,30.5203,1.0000,1
2,2298,1.121794,0.524921,0.596873,41.8703,1.0000,1
2,2299,2.151844,1.359911,0.791933,19.2167,1.0000,1
2,2300,1.061648,0.069885,0.991763,1.6231,1.0000,1
2,2301,0.519115,0.022663,0.496452,14.3323,1.0000,1
2,2302,1.001807,0.401865,0.599942,5.0603,1.0000,1
2,2303,0.738664,0.102046,0.636618,4.9586,1.0000,1
2,2304,0.559672,0.076251,0.483421,14.7779,1.0000,1
2,2305,0.934120,0.107273,0.826848,6.9653,1.0000,1
2,2306,0.997257,0.512630,0.484627,18.0960,1.0000,1
2,2307,1.632272,0.639113,0.993159,10.5637,1.0000,1
2,2308,1.039463,0.392771,0.646693,11.6407,1.0000,1
2,2309,1.562670,0.892625,0.670045,34.9463,1.0000,1
2,2310,0.739695,0.140328,0.599367,6.4970,1.0000,1
2,2311,0.893713,0.114191,0.779522,10.9717,1.0000,1
2,2312,0.992536,0.420355,0.572181,8.4809,1.0000,1
2,2313,1.087771,0.281910,0.805861,3.2922,1.0000,1
2,2314,1.003292,0.263694,0.739599,3.7291,1.0000,1
2,2315,0.935807,0.030475,0.905332,2.7260,1.0000,1
2,2316,1.157093,0.322261,0.834832,9.2180,1.0000,1
2,2317,0.729369,0.059232,0.670137,6.6653,1.0000,1
2,2318,1.249744,0.323110,0.926634,21.0884,1.0000,1
2,2319,0.996749,0.172716,0.824033,10.9046,1.0000,1
2,2320,1.165915,0.455465,0.710450,30.9694,1.0000,1
2,2321,0.795111,0.230568,0.564542,15.3447,1.0000,1
2,2322,0.793411,0.160937,0.632475,19.0882,1.0000,1
2,2323,0.909834,0.077120,0.832714,5.9230,1.0000,1
2,2324,0.903059,0.153504,0.749555,3.5426,1.0000,1
2,2325,0.889872,0.135904,0.753968,4.3580,1.0000,1
2,2326,0.595926,0.050321,0.545605,9.3260,1.0000,1
2,2327,1.188281,0.268468,0.919813,11.4180,1.0000,1
2,2328,0.773235,0.175718,0.597517,5.6550,1.0000,1
2,2329,0.742394,0.242994,0.499400,4.7183,1.0000,1
2,2330,0.974313,0.375755,0.598558,6.5920,1.0000,1
2,2331,1.416255,0.535093,0.881162,46.7171,1.0000,1
2,2332,0.811585,0.428791,0.382794,5.3047,1.0000,1
2,2333,1.019201,0.429758,0.589444,11.2743,1.0000,1
2,2334,1.141016,0.545109,0.595906,7.7945,1.0000,1
2,2335,0.847685,0.184442,0.663242,6.7546,1.0000,1
2,2336,2.203811,1.650747,0.553064,46.1028,1.0000,1
2,2337,0.612427,0.029495,0.582932,6.4365,1.0000,1
2,2338,0.646494,0.173164,0.473330,7.5023,1.0000,1
2,2339,1.082392,0.196508,0.885884,2.7013,1.0000,1
2,2340,1.165693,0.171135,0.994558,2.7453,1.0000,1
2,2341,1.471371,0.787907,0.683464,8.3763,1.0000,1
2,2342,1.140277,0.516166,0.624111,12.5385,1.0000,1
2,2343,0.913777,0.396234,0.517543,8.7039,1.0000,1
2,2344,1.061818,0.182863,0.878955,5.5423,1.0000,1
2,2345,0.951428,0.039565,0.911864,2.5646,1.0000,1
2,2346,0.748777,0.056988,0.691789,7.5783,1.0000,1
2,2347,1.487293,0.704397,0.782896,12.4749,1.0000,1
2,2348,1.324211,0.565052,0.759160,6.5891,1.0000,1
2,2349,0.939976,0.178373,0.761603,6.0706,1.0000,1
2,2350,0.880793,0.181533,0.699261,5.4131,1.0000,1
2,2351,0.945955,0.043934,0.902021,3.0038,1.0000,1
2,2352,1.153956,0.406837,0.747119,12.0988,1.0000,1
2,2353,0.941529,0.090578,0.850950,4.9671,1.0000,1
2,2354,0.956572,0.337160,0.619411,9.3862,1.0000,1
2,2355,0.987117,0.048302,0.938814,1.8313,1.0000,1
2,2356,0.851137,0.097538,0.753599,5.4142,1.0000,1
2,2357,0.668628,0.061550,0.607078,11.9997,1.0000,1
2,2358,0.586800,0.123123,0.463677,12.1051,1.0000,1
2,2359,2.093994,1.358886,0.735108,67.7948,1.0000,1
2,2360,1.359604,0.721178,0.638426,54.7968,1.0000,1
2,2361,3.827178,3.097704,0.729473,107.5220,1.0000,1
2,2362,1.734613,0.853917,0.880696,112.9378,1.0000,1
2,2363,1.565222,0.878494,0.686728,35.1713,1.0000,1
2,2364,0.817997,0.285463,0.532534,8.6733,1.0000,1
2,2365,0.816278,0.174029,0.642249,7.2692,1.0000,1
2,2366,0.667482,0.140063,0.527419,11.5639,1.0000,1
2,2367,0.777778,0.074085,0.703693,5.4736,1.0000,1
2,2368,1.190243,0.272431,0.917811,6.1407,1.0000,1
2,2369,0.917869,0.371869,0.546000,13.0109,1.0000,1
2,2370,0.831276,0.219310,0.611967,6.0613,1.0000,1
2,2371,1.366765,0.513627,0.853137,11.5039,1.0000,1
2,2372,0.833683,0.182480,0.651204,4.4660,1.0000,1
2,2373,0.813238,0.115274,0.697964,8.5574,1.0000,1
2,2374,0.653151,0.116926,0.536225,5.1086,1.0000,1
2,2375,1.251880,0.254322,0.997558,4.6259,1.0000,1
2,2376,0.561253,0.011642,0.549610,7.4737,1.0000,1
2,2377,1.043941,0.499591,0.544351,5.8334,1.0000,1
2,2378,0.439743,0.057418,0.382325,3.6810,1.0000,1
2,2379,1.439479,0.702832,0.736648,18.2116,1.0000,1
2,2380,2.058489,1.395681,0.662809,32.2266,1.0000,1
2,2381,1.209104,0.821950,0.387154,14.2194,1.0000,1
2,2382,1.208046,0.384788,0.823258,7.5025,1.0000,1
2,2383,1.255707,0.579369,0.676338,17.3036,1.0000,1
2,2384,0.936114,0.092271,0.843843,4.1255,1.0000,1
2,2385,1.008463,0.290077,0.718386,8.9646,1.0000,1
2,2386,3.115561,2.204501,0.911060,21.7588,1.0000,1
2,2387,1.272501,0.471533,0.800968,13.5025,1.0000,1
2,2388,0.962186,0.278262,0.683923,12.5665,1.0000,1
2,2389,0.907636,0.289528,0.618108,7.8065,1.0000,1
2,2390,0.942331,0.015820,0.926510,2.2732,1.0000,1
2,2391,1.176563,0.386363,0.790200,9.4274,1.0000,1
2,2392,1.044839,0.171928,0.872910,3.0474,1.0000,1
2,2393,0.983778,0.078962,0.904816,3.8176,1.0000,1
2,2394,0.918519,0.100820,0.817699,6.4669,1.0000,1
2,2395,0.877867,0.067500,0.810367,3.9133,1.0000,1
2,2396,0.959674,0.066465,0.893208,3.2118,1.0000,1
2,2397,0.931907,0.302096,0.629811,13.3456,1.0000,1
2,2398,0.970653,0.165510,0.805143,24.2507,1.0000,1
2,2399,0.905657,0.094947,0.810710,4.2480,1.0000,1
2,2400,0.940597,0.413705,0.526893,10.4305,1.0000,1
2,2401,0.755356,0.168394,0.586962,4.4448,1.0000,1
2,2402,0.731140,0.113585,0.617555,7.9900,1.0000,1
2,2403,0.645761,0.141556,0.504205,3.3893,1.0000,1
2,2404,1.304210,0.754682,0.549528,25.8321,1.0000,1
2,2405,0.662534,0.157526,0.505008,12.5550,1.0000,1
2,2406,0.682049,0.112845,0.569204,10.0547,1.0000,1
2,2407,1.216219,0.467116,0.749103,9.1164,1.0000,1
2,2408,0.877231,0.350541,0.526689,26.5556,1.0000,1
2,2409,1.003456,0.057306,0.946149,6.0731,1.0000,1
2,2410,0.866096,0.244485,0.621611,15.1354,1.0000,1
2,2411,1.203264,0.762549,0.440715,12.6622,1.0000,1
2,2412,0.837829,0.186331,0.651498,19.0944,1.0000,1
2,2413,1.443647,0.597457,0.846191,16.9736,1.0000,1
2,2414,0.964439,0.433478,0.530961,11.0073,1.0000,1
2,2415,0.812822,0.017336,0.795486,6.1913,1.0000,1
2,2416,1.201586,0.385467,0.816119,18.9602,1.0000,1
2,2417,1.198123,0.220351,0.977772,9.8180,1.0000,1
2,2418,0.950523,0.108337,0.842186,3.9137,1.0000,1
2,2419,0.852978,0.083808,0.769170,5.0250,1.0000,1
2,2420,1.016495,0.133676,0.882819,2.3066,1.0000,1
2,2421,0.884165,0.096153,0.788012,7.7007,1.0000,1
2,2422,0.886429,0.074466,0.811963,6.3157,1.0000,1
2,2423,1.400210,0.500217,0.899992,17.8431,1.0000,1
2,2424,1.507118,0.917378,0.589741,39.2627,1.0000,1
2,2425,0.937476,0.406401,0.531075,13.6871,1.0000,1
2,2426,1.196981,0.595602,0.601379,18.3104,1.0000,1
2,2427,1.163561,0.342673,0.820887,13.9837,1.0000,1
2,2428,1.312235,0.578257,0.733978,12.9090,1.0000,1
2,2429,1.107616,0.449462,0.658154,5.6805,1.0000,1
2,2430,0.832441,0.105418,0.727022,8.4792,1.0000,1
2,2431,1.133009,0.140962,0.992046,8.0429,1.0000,1
2,2432,0.942889,0.112645,0.830244,5.0952,1.0000,1
2,2433,1.137602,0.243456,0.894146,4.4555,1.0000,1
2,2434,0.982342,0.210888,0.771453,4.5113,1.0000,1
2,2435,0.903633,0.052123,0.851510,11.5231,1.0000,1
2,2436,0.939260,0.156362,0.782898,4.0538,1.0000,1
2,2437,1.099696,0.341457,0.758240,8.6160,1.0000,1
2,2438,1.122931,0.372705,0.750225,12.7921,1.0000,1
2,2439,0.785470,0.035011,0.750460,6.1332,1.0000,1
2,2440,1.229909,0.404964,0.824945,8.7195,1.0000,1
2,2441,0.925728,0.162149,0.763579,3.7272,1.0000,1
2,2442,0.883425,0.034983,0.848443,4.2848,1.0000,1
2,2443,0.869756,0.178840,0.690916,4.3366,1.0000,1
2,2444,1.027078,0.125070,0.902008,14.2258,1.0000,1
2,2445,1.083120,0.462715,0.620405,7.5692,1.0000,1
2,2446,1.372744,0.760230,0.612514,17.1478,1.0000,1
2,2447,1.156018,0.489503,0.666515,6.4552,1.0000,1
2,2448,0.786138,0.212245,0.573893,5.7544,1.0000,1
2,2449,0.694152,0.112820,0.581331,7.3775,1.0000,1
2,2450,0.881976,0.070630,0.811346,5.2714,1.0000,1
2,2451,0.858047,0.223134,0.634913,8.3859,1.0000,1
2,2452,1.862701,1.108559,0.754142,23.9411,1.0000,1
2,2453,0.419798,0.051992,0.367807,5.9218,1.0000,1
2,2454,0.795574,0.179746,0.615828,8.8756,1.0000,1
2,2455,1.070463,0.298137,0.772326,68.4347,1.0000,1
2,2456,1.366840,0.637036,0.729805,14.3047,1.0000,1
2,2457,1.278836,0.687095,0.591741,11.5624,1.0000,1
2,2458,1.086165,0.485756,0.600409,16.7937,1.0000,1
2,2459,1.035096,0.036896,0.998201,0.6736,0.6736,0
2,2460,0.973389,0.063288,0.910101,4.6940,1.0000,1
2,2461,1.057521,0.258388,0.799133,8.3154,1.0000,1
2,2462,0.928656,0.066278,0.862378,6.8357,1.0000,1
2,2463,0.928097,0.036673,0.891423,4.2657,1.0000,1
2,2464,1.004079,0.298672,0.705407,12.9890,1.0000,1
2,2465,0.775161,0.097998,0.677163,5.5596,1.0000,1
2,2466,1.471036,0.713998,0.757038,9.7499,1.0000,1
2,2467,0.962157,0.269600,0.692557,7.0359,1.0000,1
2,2468,1.040205,0.189075,0.851129,5.5515,1.0000,1
2,2469,1.284398,0.471515,0.812883,16.1111,1.0000,1
2,2470,0.922616,0.102142,0.820474,15.6175,1.0000,1
2,2471,0.942521,0.119389,0.823132,6.9643,1.0000,1
2,2472,0.940839,0.079638,0.861202,3.5566,1.0000,1
2,2473,1.062473,0.437118,0.625355,24.9835,1.0000,1
2,2474,1.482537,0.837125,0.645412,28.1714,1.0000,1
3,2475,0.785339,0.185417,0.599922,6.8689,1.0000,1
3,2476,0.797096,0.006863,0.790233,12.0840,1.0000,1
3,2477,0.946986,0.208751,0.738234,5.9136,1.0000,1
3,2478,1.573053,0.715367,0.857685,27.7383,1.0000,1
3,2479,0.852024,0.240393,0.611631,7.8676,1.0000,1
3,2480,0.756235,0.145737,0.610499,6.3513,1.0000,1
3,2481,0.701885,0.098115,0.603770,8.4704,1.0000,1
3,2482,1.018205,0.421871,0.596335,13.0936,1.0000,1
3,2483,1.162993,0.466392,0.696601,25.1936,1.0000,1
3,2484,0.553458,0.114855,0.438603,3.9672,1.0000,1
3,2485,0.945882,0.112153,0.833729,50.2552,1.0000,1
3,2486,1.922684,1.352471,0.570212,26.2964,1.0000,1
3,2487,0.962546,0.444907,0.517639,14.7576,1.0000,1
3,2488,0.596567,0.206062,0.390504,10.5320,1.0000,1
3,2489,1.202919,0.561118,0.641801,21.1846,1.0000,1
3,2490,1.401741,0.688330,0.713411,9.9972,1.0000,1
3,2491,0.630427,0.005869,0.624558,9.7444,1.0000,1
3,2492,0.941659,0.109635,0.832024,14.1905,1.0000,1
3,2493,1.132016,0.471880,0.660135,12.4516,1.0000,1
3,2494,1.839519,1.265680,0.573839,22.9763,1.0000,1
3,2495,0.610989,0.121668,0.489321,6.7832,1.0000,1
3,2496,0.750287,0.128741,0.621546,8.0298,1.0000,1
3,2497,0.797762,0.029330,0.768432,6.0971,1.0000,1
3,2498,1.036439,0.415608,0.620831,9.5220,1.0000,1
3,2499,1.516273,0.517575,0.998698,7.1727,1.0000,1
3,2500,1.229143,0.345464,0.883679,4.0852,1.0000,1
3,2501,0.851468,0.447687,0.403780,6.7102,1.0000,1
3,2502,0.871718,0.017065,0.854653,3.5920,1.0000,1
3,2503,0.988574,0.014627,0.973947,1.0002,1.0000,1
3,2504,0.935977,0.108845,0.827132,4.2176,1.0000,1
3,2505,0.650678,0.110907,0.539771,25.0248,1.0000,1
3,2506,2.105921,1.303632,0.802289,44.8499,1.0000,1
3,2507,1.445879,0.740098,0.705782,49.3866,1.0000,1
3,2508,1.102300,0.235467,0.866833,7.5050,1.0000,1
3,2509,1.250389,0.744863,0.505526,26.0030,1.0000,1
3,2510,0.997341,0.349604,0.647736,12.1757,1.0000,1
3,2511,0.631408,0.049378,0.582030,8.4011,1.0000,1
3,2512,0.911558,0.183397,0.728161,3.3745,1.0000,1
3,2513,0.934004,0.366217,0.567788,14.7638,1.0000,1
3,2514,0.737138,0.145766,0.591372,4.2390,1.0000,1
3,2515,1.012456,0.408586,0.603870,8.2856,1.0000,1
3,2516,0.882214,0.027812,0.854402,3.4046,1.0000,1
3,2517,1.405808,0.940905,0.464903,29.2650,1.0000,1
3,2518,0.751566,0.142003,0.609563,5.4177,1.0000,1
3,2519,0.924149,0.387267,0.536882,7.2650,1.0000,1
3,2520,0.797066,0.029891,0.767175,5.8123,1.0000,1
3,2521,0.892902,0.204099,0.688803,7.6680,1.0000,1
3,2522,1.470536,0.861571,0.608965,42.2759,1.0000,1
3,2523,0.978615,0.337347,0.641268,13.5322,1.0000,1
3,2524,0.697317,0.213486,0.483831,6.7094,1.0000,1
3,2525,0.651859,0.268703,0.383156,16.3827,1.0000,1
3,2526,1.062463,0.102157,0.960307,20.9473,1.0000,1
3,2527,0.664309,0.022013,0.642296,10.7755,1.0000,1
3,2528,1.278772,0.650100,0.628672,12.2132,1.0000,1
3,2529,1.434837,0.773466,0.661371,13.8515,1.0000,1
3,2530,1.081639,0.103474,0.978166,3.4449,1.0000,1
3,2531,0.971341,0.017867,0.953474,2.2023,1.0000,1
3,2532,0.916863,0.242031,0.674832,6.7863,1.0000,1
3,2533,1.778465,0.861730,0.916736,15.2359,1.0000,1
3,2534,0.967354,0.100506,0.866848,3.8683,1.0000,1
3,2535,1.131617,0.293324,0.838293,12.9462,1.0000,1
3,2536,1.094982,0.254031,0.840951,3.1676,1.0000,1
3,2537,0.913188,0.114577,0.798611,4.1896,1.0000,1
3,2538,1.453287,0.690774,0.762513,11.0455,1.0000,1
3,2539,0.934107,0.102694,0.831413,5.5908,1.0000,1
3,2540,0.931715,0.026120,0.905596,3.3242,1.0000,1
3,2541,0.846929,0.043997,0.802932,5.9933,1.0000,1
3,2542,1.013021,0.094367,0.918654,4.3493,1.0000,1
3,2543,1.786212,1.004197,0.782015,14.9326,1.0000,1
3,2544,1.045889,0.387365,0.658525,7.0940,1.0000,1
3,2545,0.967045,0.036828,0.930217,2.1604,1.0000,1
3,2546,0.795510,0.135567,0.659943,8.3391,1.0000,1
3,2547,0.747137,0.011584,0.735553,8.5273,1.0000,1
3,2548,0.944222,0.323850,0.620372,5.9803,1.0000,1
3,2549,1.932317,1.379229,0.553088,30.2275,1.0000,1
3,2550,1.242396,0.606571,0.635825,40.4152,1.0000,1
3,2551,0.799648,0.121832,0.677816,10.6916,1.0000,1
3,2552,1.344116,0.846261,0.497854,47.8671,1.0000,1
3,2553,0.974292,0.077558,0.896734,2.5673,1.0000,1
3,2554,0.564254,0.119434,0.444820,9.9642,1.0000,1
3,2555,1.159068,0.604667,0.554401,16.7174,1.0000,1
3,2556,2.419561,1.795488,0.624074,47.2796,1.0000,1
3,2557,0.869999,0.265015,0.604983,14.0638,1.0000,1
3,2558,1.454729,0.733542,0.721187,17.8153,1.0000,1
3,2559,1.455040,0.906178,0.548862,30.2495,1.0000,1
3,2560,0.725697,0.158713,0.566984,6.4790,1.0000,1
3,2561,0.630373,0.049955,0.580418,10.5045,1.0000,1
3,2562,1.420575,0.582020,0.838555,19.8255,1.0000,1
3,2563,0.558189,0.085049,0.473140,7.2596,1.0000,1
3,2564,0.696767,0.073185,0.623582,6.6879,1.0000,1
3,2565,0.558531,0.029675,0.528856,5.9489,1.0000,1
3,2566,0.573433,0.067382,0.506051,9.2390,1.0000,1
3,2567,1.604092,0.691132,0.912960,13.6668,1.0000,1
3,2568,0.981315,0.463802,0.517513,19.1856,1.0000,1
3,2569,1.071765,0.471348,0.600417,20.6884,1.0000,1
3,2570,0.652383,0.254751,0.397632,4.8314,1.0000,1
3,2571,0.989754,0.245936,0.743818,8.0597,1.0000,1
3,2572,0.677294,0.050418,0.626876,11.1494,1.0000,1
3,2573,0.852727,0.308316,0.544411,17.7403,1.0000,1
3,2574,0.735522,0.125571,0.609951,8.1020,1.0000,1
3,2575,0.804528,0.360683,0.443846,11.7415,1.0000,1
3,2576,1.282701,0.856562,0.426139,14.8512,1.0000,1
3,2577,1.439871,0.772213,0.667658,7.6339,1.0000,1
3,2578,1.634658,0.977103,0.657555,23.6185,1.0000,1
3,2579,0.945655,0.118231,0.827424,3.9091,1.0000,1
3,2580,1.037149,0.158242,0.878908,4.5462,1.0000,1
3,2581,1.140692,0.149995,0.990696,1.5782,1.0000,1
3,2582,1.692863,0.834425,0.858438,13.9375,1.0000,1
3,2583,1.004957,0.102227,0.902730,3.2791,1.0000,1
3,2584,0.891038,0.090144,0.800894,3.9813,1.0000,1
3,2585,2.289460,1.513173,0.776286,23.2430,1.0000,1
3,2586,1.008643,0.168624,0.840019,3.2322,1.0000,1
3,2587,0.918816,0.092372,0.826444,3.5792,1.0000,1
3,2588,1.071945,0.315614,0.756330,3.1897,1.0000,1
3,2589,0.848264,0.077148,0.771116,8.0134,1.0000,1
3,2590,0.942930,0.106368,0.836562,4.0038,1.0000,1
3,2591,0.792058,0.087290,0.704768,18.3812,1.0000,1
3,2592,1.299312,0.314519,0.984793,13.1708,1.0000,1
3,2593,4.693137,3.770995,0.922142,77.6076,1.0000,1
3,2594,1.883683,1.045020,0.838663,53.8814,1.0000,1
3,2595,1.037891,0.215421,0.822469,11.2406,1.0000,1
3,2596,0.864316,0.437198,0.427118,13.3956,1.0000,1
3,2597,1.012504,0.565341,0.447163,10.9619,1.0000,1
3,2598,1.378093,0.692219,0.685874,14.4255,1.0000,1
3,2599,0.830718,0.250463,0.580255,3.4746,1.0000,1
3,2600,0.778169,0.082799,0.695370,5.8155,1.0000,1
3,2601,1.207558,0.442749,0.764809,7.3896,1.0000,1
3,2602,0.897342,0.007863,0.889479,4.9341,1.0000,1
3,2603,1.160888,0.497039,0.663849,19.9077,1.0000,1
3,2604,0.867521,0.011069,0.856452,5.0459,1.0000,1
3,2605,0.835460,0.198627,0.636833,6.6469,1.0000,1
3,2606,0.888654,0.196769,0.691885,3.5452,1.0000,1
3,2607,0.740435,0.013533,0.726901,7.2490,1.0000,1
3,2608,1.486573,0.707413,0.779159,24.6899,1.0000,1
3,2609,1.016663,0.160739,0.855924,11.3511,1.0000,1
3,2610,1.303713,0.707538,0.596176,33.3607,1.0000,1
3,2611,3.188251,2.303154,0.885097,76.6417,1.0000,1
3,2612,0.529934,0.041812,0.488122,7.4216,1.0000,1
3,2613,0.916323,0.173080,0.743243,16.3743,1.0000,1
3,2614,0.957726,0.343580,0.614146,8.8961,1.0000,1
3,2615,0.592205,0.188869,0.403336,5.0532,1.0000,1
3,2616,1.438389,0.850921,0.587468,18.4664,1.0000,1
3,2617,1.383985,0.859977,0.524008,29.5608,1.0000,1
3,2618,1.096303,0.273048,0.823255,4.6647,1.0000,1
3,2619,0.855498,0.208616,0.646882,9.2636,1.0000,1
3,2620,0.756444,0.152933,0.603511,8.6608,1.0000,1
3,2621,0.731358,0.146893,0.584464,5.5437,1.0000,1
3,2622,0.722331,0.154956,0.567374,8.3327,1.0000,1
3,2623,0.876319,0.253829,0.622490,7.0464,1.0000,1
3,2624,0.663750,0.075181,0.588569,8.4660,1.0000,1
3,2625,1.023891,0.121772,0.902119,4.2663,1.0000,1
3,2626,1.413608,0.703412,0.710197,8.3521,1.0000,1
3,2627,1.362516,0.919915,0.442601,27.9387,1.0000,1
3,2628,1.082850,0.273191,0.809659,8.1503,1.0000,1
3,2629,0.646437,0.123249,0.523188,6.3284,1.0000,1
3,2630,0.880306,0.164796,0.715510,9.5735,1.0000,1
3,2631,0.758312,0.029582,0.728730,3.8097,1.0000,1
3,2632,1.273781,0.592201,0.681580,24.7789,1.0000,1
3,2633,0.949853,0.219706,0.730146,4.2600,1.0000,1
3,2634,3.569986,2.660386,0.909600,37.3236,1.0000,1
3,2635,0.928784,0.418219,0.510565,18.4384,1.0000,1
3,2636,1.851884,1.105208,0.746676,22.8221,1.0000,1
3,2637,0.912775,0.317758,0.595017,13.5009,1.0000,1
3,2638,0.889011,0.138864,0.750147,4.2231,1.0000,1
3,2639,1.027316,0.027641,0.999675,0.3698,0.3698,0
3,2640,0.840077,0.082903,0.757173,3.9945,1.0000,1
3,2641,1.015955,0.120085,0.895869,2.5561,1.0000,1
3,2642,1.071467,0.119604,0.951863,1.6119,1.0000,1
3,2643,0.960070,0.250573,0.709496,15.3047,1.0000,1
3,2644,0.560458,0.007708,0.552749,6.8393,1.0000,1
3,2645,1.209237,0.558664,0.650573,27.2021,1.0000,1
3,2646,2.206598,1.357656,0.848942,25.7376,1.0000,1
3,2647,1.651532,0.822624,0.828908,29.9551,1.0000,1
3,2648,1.204034,0.221629,0.982405,7.3548,1.0000,1
3,2649,1.567647,0.766938,0.800710,29.0508,1.0000,1
3,2650,1.277242,0.566881,0.710361,10.2654,1.0000,1
3,2651,0.962269,0.241703,0.720566,13.7436,1.0000,1
3,2652,0.905005,0.198256,0.706749,8.8408,1.0000,1
3,2653,1.037204,0.077308,0.959896,3.1649,1.0000,1
3,2654,1.076340,0.148460,0.927880,2.1078,1.0000,1
3,2655,0.982825,0.202222,0.780603,3.6849,1.0000,1
3,2656,1.020945,0.203327,0.817618,3.3619,1.0000,1
3,2657,1.043837,0.097328,0.946510,1.7745,1.0000,1
3,2658,0.827391,0.074596,0.752795,7.3485,1.0000,1
3,2659,0.936673,0.189033,0.747639,4.3352,1.0000,1
3,2660,0.896339,0.096912,0.799427,5.7500,1.0000,1
3,2661,0.658033,0.079293,0.578739,6.6706,1.0000,1
3,2662,0.808416,0.137161,0.671256,12.3362,1.0000,1
3,2663,1.284761,0.352222,0.932539,19.2377,1.0000,1
3,2664,3.480953,2.582741,0.898212,44.8590,1.0000,1
3,2665,3.152819,2.317808,0.835011,47.8811,1.0000,1
3,2666,1.069920,0.420216,0.649704,17.7307,1.0000,1
3,2667,0.993719,0.512045,0.481673,14.5633,1.0000,1
3,2668,1.397881,0.788968,0.608914,10.2440,1.0000,1
3,2669,1.387811,0.707488,0.680323,11.4057,1.0000,1
3,2670,0.823068,0.005677,0.817391,8.7596,1.0000,1
3,2671,0.933198,0.248872,0.684326,3.7885,1.0000,1
3,2672,0.866845,0.062870,0.803976,4.6768,1.0000,1
3,2673,1.199359,0.447337,0.752022,40.2046,1.0000,1
3,2674,1.428598,0.583425,0.845172,12.5500,1.0000,1
3,2675,1.039724,0.280687,0.759037,9.3472,1.0000,1
3,2676,0.889280,0.056178,0.833102,3.2774,1.0000,1
3,2677,0.779231,0.167582,0.611649,4.4685,1.0000,1
3,2678,1.029924,0.277893,0.752030,4.5965,1.0000,1
3,2679,0.725219,0.228301,0.496918,3.5859,1.0000,1
3,2680,0.934801,0.027832,0.906969,2.7806,1.0000,1
3,2681,0.612474,0.063603,0.548871,10.9345,1.0000,1
3,2682,0.804325,0.119242,0.685084,3.6732,1.0000,1
3,2683,1.312002,0.315136,0.996866,11.6860,1.0000,1
3,2684,1.325523,0.491125,0.834398,24.4363,1.0000,1
3,2685,2.030483,1.044749,0.985733,34.1869,1.0000,1
3,2686,1.231082,0.758288,0.472794,22.1738,1.0000,1
3,2687,1.107625,0.485113,0.622512,11.1996,1.0000,1
3,2688,1.406293,0.698217,0.708076,9.1125,1.0000,1
3,2689,1.940151,1.200786,0.739366,32.2363,1.0000,1
3,2690,0.957254,0.315633,0.641621,7.7019,1.0000,1
3,2691,0.664640,0.128152,0.536488,7.9600,1.0000,1
3,2692,1.018411,0.359178,0.659233,10.3766,1.0000,1
3,2693,0.866866,0.052477,0.814389,4.0306,1.0000,1
3,2694,1.005192,0.122488,0.882704,3.9215,1.0000,1
3,2695,1.132106,0.326069,0.806037,3.2666,1.0000,1
3,2696,0.928949,0.127363,0.801585,2.8524,1.0000,1
3,2697,0.712182,0.058032,0.654150,7.3124,1.0000,1
3,2698,1.085530,0.344938,0.740592,6.9161,1.0000,1
3,2699,0.975228,0.224701,0.750527,4.3429,1.0000,1
3,2700,0.807284,0.039398,0.767886,4.0560,1.0000,1
3,2701,0.991500,0.383186,0.608314,6.4561,1.0000,1
3,2702,0.642497,0.224795,0.417702,3.9546,1.0000,1
3,2703,0.886953,0.066674,0.820279,9.8388,1.0000,1
3,2704,0.930438,0.333393,0.597045,14.8323,1.0000,1
3,2705,0.928590,0.096935,0.831655,3.2318,1.0000,1
3,2706,1.585779,1.001377,0.584402,15.8747,1.0000,1
3,2707,1.136757,0.278470,0.858287,15.6061,1.0000,1
3,2708,0.538282,0.072864,0.465418,7.4402,1.0000,1
3,2709,1.072989,0.078019,0.994970,2.7439,1.0000,1
3,2710,1.229027,0.461879,0.767149,6.4945,1.0000,1
3,2711,0.998626,0.000637,0.997989,0.2354,0.2354,0
3,2712,0.602348,0.095696,0.506652,5.1368,1.0000,1
3,2713,1.376916,0.524636,0.852280,6.1265,1.0000,1
3,2714,0.736381,0.227456,0.508925,5.5729,1.0000,1
3,2715,1.057914,0.320662,0.737252,3.1861,1.0000,1
3,2716,0.871101,0.174133,0.696968,8.1996,1.0000,1
3,2717,1.626008,0.912816,0.713193,25.9612,1.0000,1
3,2718,0.908540,0.305897,0.602643,7.7752,1.0000,1
3,2719,0.983858,0.107898,0.875961,4.3848,1.0000,1
3,2720,1.318048,0.513815,0.804234,10.2658,1.0000,1
3,2721,1.264549,0.373104,0.891445,10.5389,1.0000,1
3,2722,1.115007,0.136201,0.978805,3.8879,1.0000,1
3,2723,0.703600,0.098099,0.605501,6.7490,1.0000,1
3,2724,0.840802,0.058341,0.782461,7.9391,1.0000,1
3,2725,0.791198,0.158232,0.632966,5.5393,1.0000,1
3,2726,1.027229,0.112971,0.914258,4.2829,1.0000,1
3,2727,1.153479,0.165466,0.988013,3.1278,1.0000,1
3,2728,0.974873,0.049974,0.924899,1.9156,1.0000,1
3,2729,0.909233,0.023756,0.885478,3.6863,1.0000,1
3,2730,0.626722,0.078155,0.548566,5.5572,1.0000,1
3,2731,1.001452,0.272553,0.728899,9.6136,1.0000,1
3,2732,1.484420,0.825283,0.659137,21.4409,1.0000,1
3,2733,1.770499,0.937098,0.833401,26.6209,1.0000,1
3,2734,0.581169,0.039267,0.541902,6.4803,1.0000,1
3,2735,1.008634,0.294155,0.714479,9.0874,1.0000,1
3,2736,0.798999,0.199551,0.599448,3.1591,1.0000,1
3,2737,1.292549,0.309949,0.982600,9.2174,1.0000,1
3,2738,0.745574,0.220657,0.524917,4.4574,1.0000,1
3,2739,0.727678,0.170907,0.556771,10.6577,1.0000,1
3,2740,0.711967,0.131757,0.580210,7.8946,1.0000,1
3,2741,1.304133,0.737756,0.566378,15.9240,1.0000,1
3,2742,1.422692,0.575508,0.847183,10.5639,1.0000,1
3,2743,0.813321,0.138148,0.675172,5.9303,1.0000,1
3,2744,0.762420,0.052068,0.710352,7.5845,1.0000,1
3,2745,0.751888,0.100556,0.651332,4.5303,1.0000,1
3,2746,0.715619,0.265054,0.450565,4.7604,1.0000,1
3,2747,0.893977,0.247789,0.646188,6.9428,1.0000,1
3,2748,1.119499,0.514826,0.604673,11.2416,1.0000,1
3,2749,0.511281,0.220814,0.290467,7.2354,1.0000,1
3,2750,0.600900,0.094553,0.506347,6.4244,1.0000,1
3,2751,0.786188,0.329866,0.456322,6.4635,1.0000,1
3,2752,2.155823,1.348125,0.807698,45.4116,1.0000,1
3,2753,1.233983,0.440053,0.793930,7.4040,1.0000,1
3,2754,0.579787,0.163394,0.416393,4.8915,1.0000,1
3,2755,1.277566,0.550857,0.726710,17.0237,1.0000,1
3,2756,1.918739,1.156126,0.762613,17.1545,1.0000,1
3,2757,0.892423,0.310659,0.581765,5.5377,1.0000,1
3,2758,1.100279,0.190830,0.909449,6.9397,1.0000,1
3,2759,0.927233,0.126745,0.800488,5.3088,1.0000,1
3,2760,1.266963,0.520262,0.746701,9.7342,1.0000,1
3,2761,0.660237,0.050139,0.610098,5.7238,1.0000,1
3,2762,0.866789,0.143966,0.722823,19.2819,1.0000,1
3,2763,0.771523,0.060913,0.710610,4.5960,1.0000,1
3,2764,1.022855,0.139253,0.883602,3.2213,1.0000,1
3,2765,0.717538,0.128142,0.589396,6.4008,1.0000,1
3,2766,0.860083,0.261953,0.598130,4.2681,1.0000,1
3,2767,1.423800,0.834053,0.589748,18.6792,1.0000,1
3,2768,0.601609,0.122859,0.478751,5.0912,1.0000,1
3,2769,1.136201,0.332477,0.803724,4.5138,1.0000,1
3,2770,0.834853,0.322173,0.512680,6.0101,1.0000,1
3,2771,2.157846,1.457595,0.700251,16.8704,1.0000,1
3,2772,0.892842,0.257378,0.635464,13.1619,1.0000,1
3,2773,1.467388,0.672934,0.794454,16.6647,1.0000,1
3,2774,1.652853,1.003098,0.649754,26.2185,1.0000,1
3,2775,2.567046,1.697264,0.869781,24.3767,1.0000,1
3,2776,0.877327,0.091454,0.785873,3.8649,1.0000,1
3,2777,0.982030,0.032281,0.949749,1.6868,1.0000,1
3,2778,0.974872,0.124588,0.850284,3.1857,1.0000,1
3,2779,0.785238,0.056479,0.728759,6.9872,1.0000,1
3,2780,0.772988,0.027772,0.745216,5.6502,1.0000,1
3,2781,0.871642,0.090728,0.780914,5.1734,1.0000,1
3,2782,0.787018,0.103670,0.683349,4.5335,1.0000,1
3,2783,0.820854,0.159399,0.661455,16.9286,1.0000,1
3,2784,0.898146,0.300027,0.598120,59.4204,1.0000,1
3,2785,1.118486,0.143438,0.975048,9.7082,1.0000,1
3,2786,1.634291,1.148919,0.485372,17.8642,1.0000,1
3,2787,0.699695,0.121195,0.578500,11.8280,1.0000,1
3,2788,1.395664,0.914821,0.480843,32.4763,1.0000,1
3,2789,1.871820,1.285640,0.586179,33.3017,1.0000,1
3,2790,0.526038,0.057564,0.468475,9.1497,1.0000,1
3,2791,0.844576,0.294673,0.549904,6.5929,1.0000,1
3,2792,1.568831,0.911100,0.657732,53.2772,1.0000,1
3,2793,0.791581,0.028851,0.762730,4.9361,1.0000,1
3,2794,0.983824,0.189025,0.794799,37.7328,1.0000,1
3,2795,0.506495,0.007258,0.499237,7.9934,1.0000,1
3,2796,1.078154,0.560938,0.517216,11.0414,1.0000,1
3,2797,0.718714,0.115580,0.603133,12.3669,1.0000,1
3,2798,1.024209,0.176367,0.847843,23.0203,1.0000,1
3,2799,1.686912,0.958137,0.728775,31.2672,1.0000,1
3,2800,0.759997,0.271813,0.488183,6.8012,1.0000,1
3,2801,1.888253,1.314889,0.573364,16.0256,1.0000,1
3,2802,1.030859,0.411516,0.619342,6.5445,1.0000,1
3,2803,0.895424,0.052662,0.842763,3.7326,1.0000,1
3,2804,0.888281,0.073163,0.815118,4.2237,1.0000,1
3,2805,1.240871,0.311450,0.929422,5.0799,1.0000,1
3,2806,1.121131,0.123230,0.997901,1.4672,1.0000,1
3,2807,0.869151,0.294747,0.574404,7.0394,1.0000,1
3,2808,0.902285,0.103903,0.798382,4.1791,1.0000,1
3,2809,0.871192,0.124544,0.746648,5.1330,1.0000,1
3,2810,0.926943,0.218162,0.708781,3.5526,1.0000,1
3,2811,1.198351,0.507696,0.690655,7.2906,1.0000,1
3,2812,0.749457,0.074953,0.674505,4.8435,1.0000,1
3,2813,1.032394,0.283727,0.748667,3.1784,1.0000,1
3,2814,0.893321,0.349807,0.543514,10.9755,1.0000,1
3,2815,1.053023,0.231221,0.821801,2.8949,1.0000,1
3,2816,0.787515,0.224626,0.562889,5.2297,1.0000,1
3,2817,1.214338,0.608193,0.606145,8.8584,1.0000,1
3,2818,1.391733,0.565924,0.825809,13.8598,1.0000,1
3,2819,0.961552,0.034164,0.927388,1.8899,1.0000,1
3,2820,1.068407,0.236240,0.832167,3.2677,1.0000,1
3,2821,0.808973,0.270147,0.538826,6.2599,1.0000,1
3,2822,0.896809,0.328477,0.568332,10.8761,1.0000,1
3,2823,1.052624,0.238693,0.813931,9.1344,1.0000,1
3,2824,0.852904,0.060013,0.792891,9.1946,1.0000,1
3,2825,0.762088,0.048678,0.713410,6.0630,1.0000,1
3,2826,0.827937,0.056548,0.771388,5.9790,1.0000,1
3,2827,0.702579,0.081934,0.620645,4.2154,1.0000,1
3,2828,0.964396,0.116115,0.848281,6.1752,1.0000,1
3,2829,1.037222,0.462770,0.574452,8.9371,1.0000,1
3,2830,0.523387,0.092411,0.430976,11.6482,1.0000,1
3,2831,0.839303,0.130098,0.709205,13.3943,1.0000,1
3,2832,0.887115,0.407680,0.479435,45.4568,1.0000,1
3,2833,1.504010,0.509354,0.994657,9.4426,1.0000,1
3,2834,1.400753,0.792851,0.607902,44.2163,1.0000,1
3,2835,0.839218,0.212511,0.626708,45.0345,1.0000,1
3,2836,1.783258,0.835332,0.947926,10.3856,1.0000,1
3,2837,1.013819,0.464311,0.549508,11.1989,1.0000,1
3,2838,1.103926,0.434727,0.669199,12.0360,1.0000,1
3,2839,2.304069,1.584450,0.719618,29.7691,1.0000,1
3,2840,1.016375,0.267191,0.749184,6.2870,1.0000,1
3,2841,1.466081,0.842912,0.623169,15.9299,1.0000,1
3,2842,0.826508,0.225179,0.601328,7.4473,1.0000,1
3,2843,1.043633,0.258136,0.785496,6.2401,1.0000,1
3,2844,0.906703,0.031506,0.875197,7.7036,1.0000,1
3,2845,1.044193,0.084921,0.959272,16.2964,1.0000,1
3,2846,0.800706,0.025041,0.775665,5.6356,1.0000,1
3,2847,0.888020,0.108353,0.779667,4.4275,1.0000,1
3,2848,0.956696,0.191409,0.765287,9.4885,1.0000,1
3,2849,0.879310,0.213380,0.665930,3.6875,1.0000,1
3,2850,0.896588,0.097808,0.798779,24.4424,1.0000,1
3,2851,0.878050,0.112924,0.765126,6.7323,1.0000,1
3,2852,0.893839,0.101542,0.792296,3.9606,1.0000,1
3,2853,0.764901,0.167171,0.597730,4.7240,1.0000,1
3,2854,0.847045,0.178410,0.668635,5.3456,1.0000,1
3,2855,1.066439,0.272445,0.793994,18.0335,1.0000,1
3,2856,0.839182,0.194031,0.645151,31.6535,1.0000,1
3,2857,1.749521,1.013051,0.736470,30.5599,1.0000,1
3,2858,2.272645,1.296289,0.976356,49.5285,1.0000,1
3,2859,0.781398,0.171274,0.610124,11.8249,1.0000,1
3,2860,1.341352,0.740969,0.600383,10.9568,1.0000,1
3,2861,1.843025,1.126514,0.716511,36.8940,1.0000,1
3,2862,1.327238,0.617398,0.709840,21.9872,1.0000,1
3,2863,0.639667,0.082903,0.556765,10.3165,1.0000,1
3,2864,0.797692,0.057516,0.740176,7.4848,1.0000,1
3,2865,0.910690,0.025904,0.884786,3.5141,1.0000,1
3,2866,0.962952,0.271547,0.691405,12.3555,1.0000,1
3,2867,0.533206,0.056834,0.476372,7.3784,1.0000,1
3,2868,0.950105,0.332465,0.617639,16.1495,1.0000,1
3,2869,0.607844,0.066245,0.541599,7.5692,1.0000,1
3,2870,0.998713,0.522626,0.476087,11.2057,1.0000,1
3,2871,1.116785,0.134854,0.981931,2.2493,1.0000,1
3,2872,1.461046,0.974913,0.486132,36.0547,1.0000,1
3,2873,1.097980,0.510637,0.587342,21.6134,1.0000,1
3,2874,0.924092,0.421832,0.502260,17.4437,1.0000,1
3,2875,0.752809,0.155287,0.597523,5.2958,1.0000,1
3,2876,0.911678,0.191995,0.719682,4.6348,1.0000,1
3,2877,0.965233,0.370964,0.594268,6.0280,1.0000,1
3,2878,1.642422,0.926422,0.716000,23.9225,1.0000,1
3,2879,1.093643,0.201361,0.892282,2.1221,1.0000,1
3,2880,0.744807,0.187217,0.557589,5.2302,1.0000,1
3,2881,0.739086,0.234410,0.504676,6.5283,1.0000,1
3,2882,1.041199,0.499155,0.542043,23.7469,1.0000,1
3,2883,0.937031,0.016349,0.920682,2.1008,1.0000,1
3,2884,0.838494,0.058373,0.780122,8.1997,1.0000,1
3,2885,1.277532,0.633857,0.643675,11.6998,1.0000,1
3,2886,0.754279,0.190945,0.563334,6.9845,1.0000,1
3,2887,0.953087,0.182411,0.770676,4.8232,1.0000,1
3,2888,1.496610,0.882273,0.614337,23.8433,1.0000,1
3,2889,1.042128,0.299135,0.742993,5.7131,1.0000,1
3,2890,1.069596,0.371824,0.697772,7.4559,1.0000,1
3,2891,0.816258,0.139674,0.676584,4.9084,1.0000,1
3,2892,0.798358,0.194975,0.603383,3.3072,1.0000,1
3,2893,0.931860,0.125770,0.806090,4.0411,1.0000,1
3,2894,0.848736,0.030637,0.818099,5.0276,1.0000,1
3,2895,0.967571,0.317688,0.649883,10.2482,1.0000,1
3,2896,0.650822,0.033193,0.617628,7.8090,1.0000,1
3,2897,1.670436,0.897733,0.772703,15.5154,1.0000,1
3,2898,1.377851,0.818653,0.559198,12.1694,1.0000,1
3,2899,0.685982,0.079372,0.606610,7.6376,1.0000,1
3,2900,1.110154,0.478328,0.631826,8.3993,1.0000,1
3,2901,0.754211,0.222201,0.532011,10.4856,1.0000,1
3,2902,1.745924,1.053833,0.692092,18.7642,1.0000,1
3,2903,1.243165,0.554550,0.688615,16.3341,1.0000,1
3,2904,0.915849,0.188438,0.727411,3.5252,1.0000,1
3,2905,0.707708,0.125454,0.582254,4.1911,1.0000,1
3,2906,1.141979,0.307006,0.834973,5.7412,1.0000,1
3,2907,0.909839,0.292897,0.616942,11.1540,1.0000,1
3,2908,1.173969,0.461849,0.712120,7.5305,1.0000,1
3,2909,0.737668,0.028797,0.708871,9.3655,1.0000,1
3,2910,0.806926,0.124383,0.682544,5.4869,1.0000,1
3,2911,0.903041,0.350226,0.552815,6.7877,1.0000,1
3,2912,1.013278,0.156025,0.857253,3.2067,1.0000,1
3,2913,0.946139,0.267142,0.678997,7.4338,1.0000,1
3,2914,0.860110,0.157300,0.702810,9.3432,1.0000,1
3,2915,0.979737,0.028885,0.950852,2.3916,1.0000,1
3,2916,0.996783,0.202817,0.793966,5.9981,1.0000,1
3,2917,1.079361,0.096529,0.982832,3.6182,1.0000,1
3,2918,0.821244,0.135471,0.685773,7.5307,1.0000,1
3,2919,1.031509,0.186620,0.844889,8.2941,1.0000,1
3,2920,0.916898,0.055015,0.861883,6.1505,1.0000,1
3,2921,1.044350,0.439221,0.605128,11.1250,1.0000,1
3,2922,1.813455,0.966798,0.846657,10.9477,1.0000,1
3,2923,1.141723,0.622138,0.519585,7.3439,1.0000,1
3,2924,0.862326,0.015519,0.846807,4.4841,1.0000,1
3,2925,0.921847,0.284413,0.637434,5.9941,1.0000,1
3,2926,0.827001,0.021494,0.805507,8.3636,1.0000,1
3,2927,0.806842,0.250424,0.556419,3.0938,1.0000,1
3,2928,0.960789,0.105017,0.855772,11.5210,1.0000,1
3,2929,0.829356,0.057691,0.771665,15.3880,1.0000,1
3,2930,0.771243,0.031512,0.739731,5.2844,1.0000,1
3,2931,0.732042,0.163263,0.568779,11.0671,1.0000,1
3,2932,1.403225,0.602916,0.800309,14.9635,1.0000,1
3,2933,1.387449,0.777156,0.610293,33.6021,1.0000,1
3,2934,1.170178,0.559897,0.610281,16.5360,1.0000,1
3,2935,0.568830,0.126563,0.442267,5.8397,1.0000,1
3,2936,0.614661,0.115757,0.498904,3.7938,1.0000,1
3,2937,0.830085,0.113710,0.716375,17.1897,1.0000,1
3,2938,0.740442,0.248066,0.492376,10.9648,1.0000,1
3,2939,1.026869,0.281698,0.745171,4.2893,1.0000,1
3,2940,0.970072,0.250262,0.719809,17.3949,1.0000,1
3,2941,0.684289,0.096055,0.588234,6.5305,1.0000,1
3,2942,0.774771,0.234755,0.540016,5.2624,1.0000,1
3,2943,0.804258,0.269866,0.534393,8.6303,1.0000,1
3,2944,0.669388,0.182968,0.486420,21.9462,1.0000,1
3,2945,1.370707,0.894167,0.476540,17.9785,1.0000,1
3,2946,0.875880,0.274631,0.601248,9.4243,1.0000,1
3,2947,0.649788,0.018680,0.631107,12.4879,1.0000,1
3,2948,1.257767,0.752352,0.505415,36.3963,1.0000,1
3,2949,0.821043,0.175603,0.645440,10.5255,1.0000,1
3,2950,0.798113,0.267724,0.530390,25.4629,1.0000,1
3,2951,1.731776,1.146100,0.585676,53.8829,1.0000,1
3,2952,1.877492,1.429317,0.448174,52.4459,1.0000,1
3,2953,0.798948,0.132280,0.666668,6.6817,1.0000,1
3,2954,1.447839,0.734831,0.713008,14.3937,1.0000,1
3,2955,0.983169,0.350792,0.632378,14.0932,1.0000,1
3,2956,1.051052,0.266188,0.784863,9.4833,1.0000,1
3,2957,1.174670,0.255029,0.919641,8.9407,1.0000,1
3,2958,0.933646,0.113816,0.819830,3.8013,1.0000,1
3,2959,1.103204,0.423630,0.679575,7.6028,1.0000,1
3,2960,0.901274,0.119954,0.781320,3.6340,1.0000,1
3,2961,0.882692,0.030115,0.852578,4.7585,1.0000,1
3,2962,1.066236,0.152172,0.914063,13.3360,1.0000,1
3,2963,0.941829,0.101617,0.840212,5.2513,1.0000,1
3,2964,1.027560,0.371822,0.655738,10.9632,1.0000,1
3,2965,0.710069,0.020572,0.689498,8.1017,1.0000,1
3,2966,1.667839,0.990790,0.677049,17.7066,1.0000,1
3,2967,1.528523,0.799735,0.728788,17.5154,1.0000,1
3,2968,0.944730,0.304516,0.640214,6.5407,1.0000,1
3,2969,1.008643,0.055789,0.952854,1.3267,1.0000,1
3,2970,1.302376,0.569961,0.732416,7.9795,1.0000,1
3,2971,1.226293,0.360165,0.866128,8.2265,1.0000,1
3,2972,0.852609,0.115221,0.737388,3.5013,1.0000,1
3,2973,1.478018,0.798622,0.679396,8.9183,1.0000,1
3,2974,1.443376,0.595146,0.848230,8.6055,1.0000,1
3,2975,0.888561,0.014803,0.873758,3.1157,1.0000,1
3,2976,0.962196,0.002617,0.959579,2.0687,1.0000,1
3,2977,0.994412,0.273403,0.721009,13.4152,1.0000,1
3,2978,0.897158,0.149724,0.747434,4.4209,1.0000,1
3,2979,0.722788,0.203744,0.519043,7.0363,1.0000,1
3,2980,1.329519,0.590852,0.738666,12.2197,1.0000,1
3,2981,1.119109,0.379449,0.739660,3.5161,1.0000,1
3,2982,1.098021,0.430835,0.667186,11.8182,1.0000,1
3,2983,1.040368,0.236709,0.803659,5.0430,1.0000,1
3,2984,1.009936,0.219152,0.790784,6.4300,1.0000,1
3,2985,1.042857,0.152355,0.890502,25.6994,1.0000,1
3,2986,0.724660,0.126194,0.598467,6.9261,1.0000,1
3,2987,0.979102,0.231183,0.747920,6.8089,1.0000,1
3,2988,0.941900,0.093483,0.848417,4.0330,1.0000,1
3,2989,1.101460,0.192068,0.909393,6.8954,1.0000,1
3,2990,1.042401,0.199484,0.842917,2.9574,1.0000,1
3,2991,0.717674,0.080837,0.636837,5.7269,1.0000,1
3,2992,0.860579,0.074147,0.786432,5.1040,1.0000,1
3,2993,1.537110,0.709799,0.827310,13.5617,1.0000,1
3,2994,0.775964,0.129416,0.646549,13.8884,1.0000,1
3,2995,0.846339,0.187396,0.658942,7.8309,1.0000,1
3,2996,1.045499,0.064933,0.980566,4.8151,1.0000,1
3,2997,1.013683,0.312650,0.701033,25.1859,1.0000,1
3,2998,1.273571,0.395690,0.877881,7.5314,1.0000,1
3,2999,1.021291,0.490510,0.530781,25.2014,1.0000,1
3,3000,0.835613,0.037411,0.798202,3.7633,1.0000,1
3,3001,1.666287,0.905260,0.761027,10.2595,1.0000,1
3,3002,0.672892,0.164236,0.508656,10.2728,1.0000,1
3,3003,0.993753,0.359873,0.633879,3.6732,1.0000,1
3,3004,0.903020,0.035522,0.867498,6.2227,1.0000,1
3,3005,0.709380,0.136113,0.573267,6.9274,1.0000,1
3,3006,0.916491,0.225937,0.690554,10.1279,1.0000,1
3,3007,1.172926,0.609705,0.563222,17.1322,1.0000,1
3,3008,0.786121,0.306106,0.480014,9.8272,1.0000,1
3,3009,1.848064,1.277774,0.570289,32.9852,1.0000,1
3,3010,1.154447,0.452561,0.701886,15.9027,1.0000,1
3,3011,0.996338,0.019866,0.976472,2.1409,1.0000,1
3,3012,0.794134,0.088645,0.705489,6.1468,1.0000,1
3,3013,1.052161,0.324111,0.728051,15.5705,1.0000,1
3,3014,1.109486,0.316507,0.792979,6.8197,1.0000,1
3,3015,0.853417,0.081049,0.772367,4.4120,1.0000,1
3,3016,0.855199,0.086729,0.768470,4.3230,1.0000,1
3,3017,1.181261,0.386988,0.794273,6.5121,1.0000,1
3,3018,0.972586,0.186376,0.786210,5.5467,1.0000,1
3,3019,0.927525,0.091569,0.835956,3.9166,1.0000,1
3,3020,0.992569,0.016106,0.976462,1.3187,1.0000,1
3,3021,1.230729,0.308994,0.921736,5.2028,1.0000,1
3,3022,0.910232,0.123352,0.786880,4.1571,1.0000,1
3,3023,0.869436,0.135928,0.733508,5.6756,1.0000,1
3,3024,0.799799,0.141145,0.658654,6.1915,1.0000,1
3,3025,0.642136,0.025192,0.616944,6.9076,1.0000,1
3,3026,0.760989,0.245490,0.515499,13.5206,1.0000,1
3,3027,0.890881,0.342810,0.548071,10.2781,1.0000,1
3,3028,1.724470,0.807856,0.916614,24.6605,1.0000,1
3,3029,1.082917,0.557446,0.525471,16.2691,1.0000,1
3,3030,1.602195,0.930014,0.672180,60.9362,1.0000,1
3,3031,1.156966,0.331292,0.825675,6.8480,1.0000,1
3,3032,1.579653,0.967250,0.612403,50.7197,1.0000,1
3,3033,0.691536,0.175640,0.515895,16.2768,1.0000,1
3,3034,0.747805,0.209598,0.538207,11.9651,1.0000,1
3,3035,0.857423,0.228165,0.629257,13.4340,1.0000,1
3,3036,1.541927,0.946934,0.594993,31.0268,1.0000,1
3,3037,0.908371,0.048042,0.860329,2.5908,1.0000,1
3,3038,1.820329,0.964381,0.855947,17.4835,1.0000,1
3,3039,0.757330,0.080572,0.676758,6.0772,1.0000,1
3,3040,1.022494,0.195851,0.826643,3.9993,1.0000,1
3,3041,0.605143,0.035288,0.569855,5.3107,1.0000,1
3,3042,1.429111,0.530359,0.898752,14.9118,1.0000,1
3,3043,1.059356,0.438232,0.621125,21.9622,1.0000,1
3,3044,0.639286,0.026196,0.613090,7.7474,1.0000,1
3,3045,0.943833,0.564621,0.379212,32.6333,1.0000,1
3,3046,1.000171,0.366921,0.633250,12.0559,1.0000,1
3,3047,1.223266,0.625817,0.597449,15.6495,1.0000,1
3,3048,1.573851,0.899128,0.674723,16.4294,1.0000,1
3,3049,0.631052,0.124635,0.506416,5.2042,1.0000,1
3,3050,0.912495,0.102628,0.809867,3.0616,1.0000,1
3,3051,0.819836,0.153764,0.666071,8.4951,1.0000,1
3,3052,0.924164,0.304701,0.619462,16.4074,1.0000,1
3,3053,1.372215,0.579020,0.793195,6.8016,1.0000,1
3,3054,1.040886,0.387921,0.652964,5.8119,1.0000,1
3,3055,0.783677,0.099090,0.684587,5.3929,1.0000,1
3,3056,0.854582,0.154471,0.700111,9.1291,1.0000,1
3,3057,1.121365,0.123828,0.997537,1.6849,1.0000,1
3,3058,0.681045,0.144723,0.536323,10.8256,1.0000,1
3,3059,1.288326,0.523184,0.765142,17.4118,1.0000,1
3,3060,0.701539,0.102955,0.598584,8.9305,1.0000,1
3,3061,1.576112,0.883430,0.692683,10.1672,1.0000,1
3,3062,1.017118,0.235181,0.781938,7.8236,1.0000,1
3,3063,1.000977,0.001688,0.999288,0.1369,0.1369,0
3,3064,1.277768,0.410507,0.867261,11.3841,1.0000,1
3,3065,0.874800,0.293238,0.581562,3.5187,1.0000,1
3,3066,0.946645,0.013924,0.932721,3.4095,1.0000,1
3,3067,0.892236,0.102379,0.789857,6.5691,1.0000,1
3,3068,0.959501,0.176315,0.783186,5.6751,1.0000,1
3,3069,0.931590,0.081622,0.849967,2.8428,1.0000,1
3,3070,0.970542,0.107928,0.862614,4.3751,1.0000,1
3,3071,0.931053,0.196471,0.734583,4.6783,1.0000,1
3,3072,1.265661,0.449151,0.816510,6.3874,1.0000,1
3,3073,0.871630,0.171608,0.700022,11.5352,1.0000,1
3,3074,0.815401,0.021168,0.794233,4.5019,1.0000,1
3,3075,1.611845,0.897365,0.714480,18.8171,1.0000,1
3,3076,0.679414,0.047912,0.631502,5.7281,1.0000,1
3,3077,1.329377,0.642034,0.687343,8.8379,1.0000,1
3,3078,0.794440,0.097796,0.696644,4.9784,1.0000,1
3,3079,3.672495,2.820471,0.852024,36.8026,1.0000,1
3,3080,0.712147,0.222207,0.489940,6.4437,1.0000,1
3,3081,1.693179,1.092261,0.600918,29.3866,1.0000,1
3,3082,1.491894,0.724562,0.767332,21.4713,1.0000,1
3,3083,1.761731,1.260477,0.501254,24.0172,1.0000,1
3,3084,1.183008,0.372304,0.810704,6.8897,1.0000,1
3,3085,0.966564,0.353521,0.613043,14.4674,1.0000,1
3,3086,0.815213,0.027986,0.787226,5.5540,1.0000,1
3,3087,0.859682,0.139635,0.720047,3.6149,1.0000,1
3,3088,1.014754,0.202366,0.812388,4.5356,1.0000,1
3,3089,1.092450,0.150998,0.941453,5.7859,1.0000,1
3,3090,0.883687,0.095460,0.788226,3.6370,1.0000,1
3,3091,0.920714,0.054685,0.866029,2.4860,1.0000,1
3,3092,1.274688,0.483382,0.791306,8.9567,1.0000,1
3,3093,0.861894,0.159977,0.701917,5.3781,1.0000,1
3,3094,0.856378,0.123881,0.732497,4.8104,1.0000,1
3,3095,0.916550,0.032227,0.884323,5.2067,1.0000,1
3,3096,1.232167,0.668166,0.564002,38.5928,1.0000,1
3,3097,0.756058,0.134475,0.621583,7.6660,1.0000,1
3,3098,1.297473,0.764548,0.532925,26.9838,1.0000,1
3,3099,1.631308,0.888656,0.742651,20.4987,1.0000,1
3,3100,1.201032,0.683760,0.517272,17.8004,1.0000,1
3,3101,1.871369,1.269281,0.602089,52.5464,1.0000,1
3,3102,0.845116,0.252491,0.592624,11.8773,1.0000,1
3,3103,1.039115,0.522637,0.516479,11.6694,1.0000,1
3,3104,0.770238,0.125555,0.644683,5.3454,1.0000,1
3,3105,1.103115,0.169208,0.933907,1.7972,1.0000,1
3,3106,1.354848,0.691883,0.662965,18.3187,1.0000,1
3,3107,1.098320,0.397927,0.700393,3.8774,1.0000,1
3,3108,1.231920,0.672933,0.558987,26.1942,1.0000,1
3,3109,0.826719,0.152459,0.674260,5.3844,1.0000,1
3,3110,1.084593,0.286980,0.797613,12.4043,1.0000,1
3,3111,0.738968,0.109243,0.629725,7.2167,1.0000,1
3,3112,0.642198,0.059253,0.582944,5.8191,1.0000,1
3,3113,0.796335,0.110011,0.686324,8.9880,1.0000,1
3,3114,1.003427,0.306937,0.696491,19.1261,1.0000,1
3,3115,0.985601,0.287322,0.698278,5.3113,1.0000,1
3,3116,0.807382,0.108888,0.698493,5.5520,1.0000,1
3,3117,0.635984,0.090244,0.545740,10.0634,1.0000,1
3,3118,0.596228,0.021451,0.574778,5.9942,1.0000,1
3,3119,0.831428,0.162557,0.668872,25.8369,1.0000,1
3,3120,1.117383,0.357212,0.760170,6.5949,1.0000,1
3,3121,0.505662,0.071057,0.434605,6.0100,1.0000,1
3,3122,2.278929,1.289838,0.989091,33.5123,1.0000,1
3,3123,1.475730,0.477875,0.997855,5.3318,1.0000,1
3,3124,0.599543,0.130851,0.468692,10.5089,1.0000,1
3,3125,1.421491,0.998208,0.423284,13.3502,1.0000,1
3,3126,1.451505,0.485678,0.965827,5.3477,1.0000,1
3,3127,1.372093,0.731080,0.641013,30.9158,1.0000,1
3,3128,1.035295,0.412649,0.622647,3.8779,1.0000,1
3,3129,0.706339,0.042858,0.663482,9.1018,1.0000,1
3,3130,1.398782,0.894086,0.504697,27.0267,1.0000,1
3,3131,0.733973,0.165407,0.568565,4.4323,1.0000,1
3,3132,0.859809,0.150877,0.708933,6.8921,1.0000,1
3,3133,1.053689,0.559968,0.493721,10.9965,1.0000,1
3,3134,1.198250,0.350826,0.847425,11.2379,1.0000,1
3,3135,0.841322,0.274683,0.566639,5.2441,1.0000,1
3,3136,0.967165,0.030813,0.936352,2.0674,1.0000,1
3,3137,0.868458,0.115708,0.752750,5.2309,1.0000,1
3,3138,1.017304,0.139300,0.878004,5.0063,1.0000,1
3,3139,1.034039,0.334659,0.699380,7.5771,1.0000,1
3,3140,0.994286,0.104352,0.889934,2.6044,1.0000,1
3,3141,0.888995,0.068840,0.820156,6.0231,1.0000,1
3,3142,1.094266,0.318713,0.775553,5.3931,1.0000,1
3,3143,1.068777,0.218440,0.850337,5.3921,1.0000,1
3,3144,0.744990,0.008228,0.736762,5.6111,1.0000,1
3,3145,0.947580,0.112952,0.834629,7.6512,1.0000,1
3,3146,0.988214,0.330259,0.657956,6.9521,1.0000,1
3,3147,0.824916,0.066234,0.758682,17.9547,1.0000,1
3,3148,1.850641,1.214872,0.635769,22.5382,1.0000,1
3,3149,1.111505,0.497148,0.614357,11.6979,1.0000,1
3,3150,0.716104,0.050607,0.665497,12.6811,1.0000,1
3,3151,0.688999,0.256897,0.432102,3.7261,1.0000,1
3,3152,1.568132,0.869390,0.698742,21.5094,1.0000,1
3,3153,0.977013,0.293763,0.683250,6.8107,1.0000,1
3,3154,0.976717,0.217183,0.759534,11.2540,1.0000,1
3,3155,0.822723,0.109714,0.713009,12.4525,1.0000,1
3,3156,0.960564,0.077503,0.883061,3.6007,1.0000,1
3,3157,0.921076,0.317576,0.603500,6.4098,1.0000,1
3,3158,0.686448,0.183281,0.503166,4.9349,1.0000,1
3,3159,1.188450,0.481103,0.707346,20.6735,1.0000,1
3,3160,1.153327,0.512697,0.640630,11.0486,1.0000,1
3,3161,0.801611,0.095452,0.706160,5.8542,1.0000,1
3,3162,0.845186,0.099492,0.745694,5.8424,1.0000,1
3,3163,0.897085,0.128295,0.768791,5.9660,1.0000,1
3,3164,0.883792,0.088336,0.795456,8.3236,1.0000,1
3,3165,1.012676,0.348586,0.664089,10.3865,1.0000,1
3,3166,1.157876,0.170179,0.987698,14.2141,1.0000,1
3,3167,0.986677,0.227421,0.759256,6.6931,1.0000,1
3,3168,0.565388,0.078171,0.487218,4.8667,1.0000,1
3,3169,1.050471,0.503637,0.546834,13.6227,1.0000,1
3,3170,0.788101,0.136655,0.651446,6.5647,1.0000,1
3,3171,1.126401,0.579826,0.546574,20.5574,1.0000,1
3,3172,1.524471,0.881186,0.643285,45.5816,1.0000,1
3,3173,1.033911,0.380829,0.653082,15.5039,1.0000,1
3,3174,0.836840,0.181948,0.654892,6.8871,1.0000,1
3,3175,1.274216,0.791010,0.483207,18.3763,1.0000,1
3,3176,0.565089,0.091515,0.473574,7.5377,1.0000,1
3,3177,0.755198,0.025473,0.729725,6.2005,1.0000,1
3,3178,1.261222,0.586462,0.674760,11.6730,1.0000,1
3,3179,1.096478,0.471982,0.624495,10.2878,1.0000,1
3,3180,0.783377,0.074697,0.708680,5.1304,1.0000,1
3,3181,1.012132,0.095219,0.916913,1.5396,1.0000,1
3,3182,1.126772,0.393712,0.733060,4.5966,1.0000,1
3,3183,0.688894,0.081248,0.607645,4.3202,1.0000,1
3,3184,0.788779,0.238836,0.549943,6.5891,1.0000,1
3,3185,1.281534,0.338707,0.942827,20.8563,1.0000,1
3,3186,1.334423,0.574843,0.759580,15.0664,1.0000,1
3,3187,0.666758,0.079849,0.586909,8.0330,1.0000,1
3,3188,0.639692,0.021409,0.618283,7.3112,1.0000,1
3,3189,0.888714,0.212382,0.676332,9.6447,1.0000,1
3,3190,0.945121,0.234784,0.710337,6.0462,1.0000,1
3,3191,1.096326,0.097678,0.998647,0.9939,0.9939,0
3,3192,1.078999,0.358954,0.720046,4.7445,1.0000,1
3,3193,1.123178,0.448501,0.674678,8.4381,1.0000,1
3,3194,0.685055,0.151752,0.533303,10.7811,1.0000,1
3,3195,0.844079,0.309198,0.534881,3.8871,1.0000,1
3,3196,0.823951,0.089153,0.734797,2.9553,1.0000,1
3,3197,1.143301,0.480743,0.662558,9.1804,1.0000,1
3,3198,0.493977,0.032611,0.461366,6.0800,1.0000,1
3,3199,1.079445,0.295349,0.784097,9.9563,1.0000,1
3,3200,0.627050,0.012810,0.614240,6.8207,1.0000,1
3,3201,0.634158,0.072751,0.561408,5.4636,1.0000,1
3,3202,1.315497,0.614287,0.701210,15.5718,1.0000,1
3,3203,1.238266,0.544181,0.694085,12.8627,1.0000,1
3,3204,1.408614,0.747345,0.661270,11.8932,1.0000,1
3,3205,1.243794,0.685448,0.558346,7.9777,1.0000,1
3,3206,1.007310,0.386938,0.620372,9.2009,1.0000,1
3,3207,0.982850,0.503866,0.478985,5.5447,1.0000,1
3,3208,0.904323,0.125359,0.778964,5.2484,1.0000,1
3,3209,0.827594,0.013043,0.814551,5.0135,1.0000,1
3,3210,0.775152,0.082790,0.692362,2.4866,1.0000,1
3,3211,1.387851,0.909041,0.478809,22.6401,1.0000,1
3,3212,0.758138,0.327009,0.431129,6.3424,1.0000,1
3,3213,1.263263,0.658627,0.604636,15.4936,1.0000,1
3,3214,1.382256,0.653697,0.728558,23.7259,1.0000,1
3,3215,0.852797,0.310234,0.542562,14.8575,1.0000,1
3,3216,0.861034,0.305919,0.555115,9.5673,1.0000,1
3,3217,0.557153,0.007360,0.549793,10.1524,1.0000,1
3,3218,0.869205,0.172528,0.696677,5.4985,1.0000,1
3,3219,0.617347,0.037607,0.579740,7.4431,1.0000,1
3,3220,0.877262,0.502508,0.374753,10.7772,1.0000,1
3,3221,1.205984,0.431626,0.774358,32.5714,1.0000,1
3,3222,0.960598,0.341145,0.619453,5.4274,1.0000,1
3,3223,1.032831,0.187486,0.845345,4.3370,1.0000,1
3,3224,0.857357,0.151040,0.706317,4.6615,1.0000,1
3,3225,0.957349,0.105194,0.852155,3.2455,1.0000,1
3,3226,0.991447,0.309830,0.681616,6.7038,1.0000,1
3,3227,1.162652,0.384692,0.777960,9.3783,1.0000,1
3,3228,1.102745,0.224783,0.877962,5.9762,1.0000,1
3,3229,0.901092,0.090557,0.810535,5.2196,1.0000,1
3,3230,0.932423,0.032955,0.899468,2.4389,1.0000,1
3,3231,1.026235,0.384648,0.641587,10.1824,1.0000,1
3,3232,0.497318,0.051507,0.445811,14.7416,1.0000,1
3,3233,0.622976,0.015157,0.607819,6.5557,1.0000,1
3,3234,1.066220,0.297091,0.769129,4.8858,1.0000,1
3,3235,0.706937,0.034182,0.672755,10.3261,1.0000,1
3,3236,1.799791,1.244474,0.555317,19.1007,1.0000,1
3,3237,2.004592,1.378181,0.626411,24.7555,1.0000,1
3,3238,1.522906,0.929716,0.593191,24.6608,1.0000,1
3,3239,2.017482,1.232066,0.785417,23.6904,1.0000,1
3,3240,0.584031,0.129862,0.454169,16.5481,1.0000,1
3,3241,0.944155,0.093013,0.851143,27.7931,1.0000,1
3,3242,1.902391,1.029531,0.872860,18.3173,1.0000,1
3,3243,1.029622,0.187005,0.842617,18.1038,1.0000,1
3,3244,0.940316,0.155734,0.784582,5.1200,1.0000,1
3,3245,0.847067,0.145970,0.701097,5.1406,1.0000,1
3,3246,0.918928,0.151258,0.767671,9.6095,1.0000,1
3,3247,1.093246,0.342427,0.750819,8.8483,1.0000,1
3,3248,0.860206,0.254590,0.605616,5.3684,1.0000,1
3,3249,0.798144,0.017675,0.780470,6.7059,1.0000,1
3,3250,0.809739,0.113079,0.696660,6.0880,1.0000,1
3,3251,1.261709,0.438606,0.823102,15.7418,1.0000,1
3,3252,1.191747,0.461272,0.730476,20.4568,1.0000,1
3,3253,0.955901,0.155303,0.800599,6.2080,1.0000,1
3,3254,1.293274,0.648689,0.644585,31.8400,1.0000,1
3,3255,0.739949,0.080042,0.659907,4.9824,1.0000,1
3,3256,0.819089,0.308141,0.510948,5.0002,1.0000,1
3,3257,0.991785,0.241322,0.750464,11.7673,1.0000,1
3,3258,0.944102,0.067795,0.876307,4.1448,1.0000,1
3,3259,1.131398,0.280332,0.851066,4.0540,1.0000,1
3,3260,0.844601,0.022777,0.821824,3.6246,1.0000,1
3,3261,0.735928,0.076749,0.659180,4.2011,1.0000,1
3,3262,0.773305,0.085703,0.687601,5.7193,1.0000,1
3,3263,0.965300,0.401345,0.563955,12.6005,1.0000,1
3,3264,0.889471,0.078046,0.811425,6.2285,1.0000,1
3,3265,1.067071,0.267943,0.799129,24.6354,1.0000,1
3,3266,1.910565,1.385738,0.524827,41.8386,1.0000,1
3,3267,0.557194,0.057765,0.499429,3.9686,1.0000,1
3,3268,1.415616,0.859970,0.555646,13.7699,1.0000,1
3,3269,0.707023,0.177380,0.529643,16.1369,1.0000,1
3,3270,1.004522,0.010563,0.993959,0.5968,0.5968,0
3,3271,0.728114,0.139988,0.588127,8.9049,1.0000,1
3,3272,1.529838,0.847465,0.682374,13.6833,1.0000,1
3,3273,0.975773,0.446093,0.529681,15.0451,1.0000,1
3,3274,1.278033,0.520383,0.757650,7.4942,1.0000,1
3,3275,0.803526,0.050907,0.752620,6.3375,1.0000,1
3,3276,0.953777,0.220235,0.733541,14.9540,1.0000,1
3,3277,1.188551,0.361068,0.827483,4.1395,1.0000,1
3,3278,1.059839,0.231063,0.828776,19.6460,1.0000,1
3,3279,1.020438,0.105081,0.915357,2.7549,1.0000,1
3,3280,0.897915,0.171725,0.726190,5.0377,1.0000,1
3,3281,0.930958,0.051202,0.879755,3.9368,1.0000,1
3,3282,0.735729,0.046047,0.689682,8.1791,1.0000,1
3,3283,0.766637,0.043615,0.723022,4.6869,1.0000,1
3,3284,0.765686,0.088868,0.676818,5.3062,1.0000,1
3,3285,0.880253,0.241541,0.638712,7.9932,1.0000,1
3,3286,0.865916,0.061503,0.804413,5.8714,1.0000,1
3,3287,0.997032,0.012959,0.984073,1.0815,1.0000,1
3,3288,1.095624,0.363981,0.731643,22.5536,1.0000,1
3,3289,0.513344,0.094012,0.419332,16.0601,1.0000,1
3,3290,1.631228,0.877653,0.753575,39.4199,1.0000,1
3,3291,2.675561,1.894228,0.781334,37.0068,1.0000,1
3,3292,1.142021,0.774431,0.367590,41.5712,1.0000,1
3,3293,2.074889,1.585265,0.489624,50.4337,1.0000,1
3,3294,1.116600,0.440594,0.676006,43.4813,1.0000,1
3,3295,1.522945,0.858465,0.664479,24.7070,1.0000,1
3,3296,0.646272,0.039614,0.606657,10.4830,1.0000,1
3,3297,0.968765,0.123826,0.844940,16.4520,1.0000,1
3,3298,0.627635,0.032746,0.594889,6.3113,1.0000,1
3,3299,1.141591,0.610278,0.531313,13.8150,1.0000,1
3,3300,0.526662,0.100345,0.426317,4.5266,1.0000,1
3,3301,0.878391,0.039968,0.838423,6.0819,1.0000,1
3,3302,0.600872,0.156218,0.444654,13.3656,1.0000,1
3,3303,0.571598,0.213140,0.358457,5.6285,1.0000,1
3,3304,0.727964,0.008690,0.719273,6.4279,1.0000,1
3,3305,2.370475,1.541384,0.829091,30.3723,1.0000,1
3,3306,0.685260,0.181610,0.503650,4.4306,1.0000,1
3,3307,0.787473,0.189932,0.597540,3.0549,1.0000,1
3,3308,0.887920,0.334432,0.553488,18.8354,1.0000,1
3,3309,0.715056,0.275256,0.439800,5.5087,1.0000,1
3,3310,1.287468,0.622196,0.665272,8.5419,1.0000,1
3,3311,1.428409,0.969465,0.458944,19.4948,1.0000,1
3,3312,1.211048,0.712898,0.498150,13.8759,1.0000,1
3,3313,0.664211,0.021579,0.642633,9.1113,1.0000,1
3,3314,1.010346,0.483418,0.526928,30.3631,1.0000,1
3,3315,1.380789,0.543425,0.837363,9.5249,1.0000,1
3,3316,0.854752,0.182511,0.672242,6.2388,1.0000,1
3,3317,0.917374,0.089947,0.827427,2.2490,1.0000,1
3,3318,0.671463,0.011701,0.659762,4.7704,1.0000,1
3,3319,0.883171,0.237814,0.645356,6.8427,1.0000,1
3,3320,0.817015,0.084705,0.732310,4.1267,1.0000,1
3,3321,0.971963,0.022637,0.949326,1.8299,1.0000,1
3,3322,0.635301,0.045732,0.589569,7.0719,1.0000,1
3,3323,0.887606,0.154486,0.733120,3.6093,1.0000,1
3,3324,0.870895,0.274021,0.596874,9.7822,1.0000,1
3,3325,0.969307,0.261530,0.707776,8.2047,1.0000,1
3,3326,0.604804,0.005218,0.599586,3.7696,1.0000,1
3,3327,0.611204,0.191651,0.419553,6.8645,1.0000,1
3,3328,0.969975,0.556354,0.413622,11.0751,1.0000,1
3,3329,0.889431,0.447234,0.442197,21.3224,1.0000,1
3,3330,1.196800,0.616974,0.579826,13.5893,1.0000,1
3,3331,0.625710,0.133531,0.492179,16.1207,1.0000,1
3,3332,1.575601,0.801692,0.773909,9.6730,1.0000,1
3,3333,2.718851,2.165394,0.553457,53.3320,1.0000,1
3,3334,1.230977,0.576924,0.654053,13.5473,1.0000,1
3,3335,1.198331,0.533559,0.664772,10.5917,1.0000,1
3,3336,0.658777,0.012058,0.646719,4.6875,1.0000,1
3,3337,0.807265,0.082585,0.724680,7.6712,1.0000,1
3,3338,0.878023,0.335797,0.542226,5.2949,1.0000,1
3,3339,0.833519,0.031546,0.801973,3.8372,1.0000,1
3,3340,0.904476,0.066819,0.837657,2.9892,1.0000,1
3,3341,1.899784,1.132318,0.767466,20.9869,1.0000,1
3,3342,0.594487,0.075262,0.519225,9.6895,1.0000,1
3,3343,0.781570,0.265470,0.516100,4.5383,1.0000,1
3,3344,1.471814,0.702758,0.769055,18.3754,1.0000,1
3,3345,0.948422,0.416798,0.531624,5.4673,1.0000,1
3,3346,1.217875,0.436021,0.781854,12.7879,1.0000,1
3,3347,0.839487,0.073786,0.765701,5.0702,1.0000,1
3,3348,0.797005,0.009854,0.787151,6.4203,1.0000,1
3,3349,0.750917,0.027328,0.723588,3.2443,1.0000,1
3,3350,0.815801,0.150089,0.665713,7.5568,1.0000,1
3,3351,0.976206,0.423113,0.553093,10.8083,1.0000,1
3,3352,2.069590,1.084931,0.984658,23.8689,1.0000,1
3,3353,1.082628,0.536874,0.545754,7.2599,1.0000,1
3,3354,0.915780,0.269205,0.646575,11.7128,1.0000,1
3,3355,0.478736,0.082151,0.396585,4.4782,1.0000,1
3,3356,1.263511,0.642231,0.621280,23.2842,1.0000,1
3,3357,1.133970,0.415303,0.718667,5.8415,1.0000,1
3,3358,0.807152,0.042913,0.764239,5.7448,1.0000,1
3,3359,0.848898,0.205270,0.643627,5.1315,1.0000,1
3,3360,0.817933,0.052615,0.765318,9.3167,1.0000,1
3,3361,0.953529,0.339233,0.614296,6.7596,1.0000,1
3,3362,1.036708,0.150079,0.886629,3.9849,1.0000,1
3,3363,1.395065,0.553872,0.841193,6.1333,1.0000,1
3,3364,0.971430,0.340059,0.631371,4.8988,1.0000,1
3,3365,1.170756,0.489024,0.681732,10.6710,1.0000,1
3,3366,1.018912,0.331950,0.686962,9.2453,1.0000,1
3,3367,1.166893,0.622038,0.544855,15.5755,1.0000,1
3,3368,0.877516,0.165123,0.712392,3.7673,1.0000,1
3,3369,0.762251,0.070967,0.691284,4.5797,1.0000,1
3,3370,1.159066,0.242013,0.917053,32.7523,1.0000,1
3,3371,0.961267,0.209148,0.752118,12.2223,1.0000,1
3,3372,1.041504,0.069122,0.972382,1.4262,1.0000,1
3,3373,0.768220,0.083420,0.684800,3.8004,1.0000,1
3,3374,0.846787,0.033297,0.813490,4.6325,1.0000,1
3,3375,0.858960,0.090769,0.768191,13.7756,1.0000,1
3,3376,0.926186,0.367875,0.558311,16.4616,1.0000,1
3,3377,0.890725,0.259111,0.631615,5.1677,1.0000,1
3,3378,0.697102,0.003100,0.694002,7.1222,1.0000,1
3,3379,0.713583,0.255034,0.458549,6.3423,1.0000,1
3,3380,0.727009,0.041958,0.685051,4.3193,1.0000,1
3,3381,0.742098,0.276762,0.465336,6.8754,1.0000,1
3,3382,0.681173,0.036469,0.644704,6.6976,1.0000,1
3,3383,1.160219,0.161725,0.998494,1.5698,1.0000,1
3,3384,1.096030,0.593519,0.502511,5.5034,1.0000,1
3,3385,1.872735,1.071993,0.800742,23.6983,1.0000,1
3,3386,1.442263,0.640244,0.802019,8.0302,1.0000,1
3,3387,0.964096,0.464113,0.499983,7.1965,1.0000,1
3,3388,0.955135,0.306785,0.648350,12.8167,1.0000,1
3,3389,1.017955,0.286284,0.731672,6.8376,1.0000,1
3,3390,0.486788,0.033273,0.453515,8.1383,1.0000,1
3,3391,0.990526,0.277660,0.712865,11.6161,1.0000,1
3,3392,0.661161,0.042560,0.618601,5.9912,1.0000,1
3,3393,1.012898,0.243643,0.769255,5.0369,1.0000,1
3,3394,0.936080,0.426388,0.509692,6.4429,1.0000,1
3,3395,0.866026,0.335592,0.530434,4.0489,1.0000,1
3,3396,0.592946,0.113346,0.479600,4.6333,1.0000,1
3,3397,0.952332,0.291831,0.660501,6.6436,1.0000,1
3,3398,0.861992,0.094364,0.767628,3.6919,1.0000,1
3,3399,0.831317,0.225620,0.605696,6.7636,1.0000,1
3,3400,0.878239,0.119054,0.759185,10.1342,1.0000,1
3,3401,0.605790,0.153440,0.452349,3.8359,1.0000,1
3,3402,1.084849,0.392018,0.692831,13.5569,1.0000,1
3,3403,1.139393,0.360735,0.778657,4.3949,1.0000,1
3,3404,1.343286,0.655255,0.688031,8.3952,1.0000,1
3,3405,0.711708,0.033419,0.678289,4.6410,1.0000,1
3,3406,1.063839,0.421191,0.642648,15.5198,1.0000,1
3,3407,0.800416,0.144549,0.655867,4.0215,1.0000,1
3,3408,0.968407,0.265094,0.703314,5.2034,1.0000,1
3,3409,1.046988,0.469196,0.577793,15.1190,1.0000,1
3,3410,0.900086,0.264694,0.635392,8.3914,1.0000,1
3,3411,0.926568,0.234280,0.692288,5.3192,1.0000,1
3,3412,1.152857,0.481095,0.671762,8.9651,1.0000,1
3,3413,0.674629,0.041265,0.633364,8.8648,1.0000,1
3,3414,0.961693,0.029056,0.932637,1.6082,1.0000,1
3,3415,0.757484,0.113130,0.644354,6.0717,1.0000,1
3,3416,0.888493,0.042547,0.845946,7.3637,1.0000,1
3,3417,0.927800,0.418392,0.509409,10.7066,1.0000,1
3,3418,1.217831,0.445770,0.772061,27.3545,1.0000,1
3,3419,1.583222,0.720223,0.862999,15.1312,1.0000,1
3,3420,0.852525,0.134428,0.718097,9.2417,1.0000,1
3,3421,0.946744,0.116558,0.830187,4.4607,1.0000,1
3,3422,0.829677,0.256168,0.573509,16.4569,1.0000,1
3,3423,0.430860,0.088150,0.342710,9.1814,1.0000,1
3,3424,2.125989,1.419506,0.706483,36.8918,1.0000,1
3,3425,2.990944,2.113287,0.877657,50.6088,1.0000,1
3,3426,1.043896,0.630700,0.413196,11.1756,1.0000,1
3,3427,0.413875,0.021022,0.392854,5.9749,1.0000,1
3,3428,0.626189,0.274027,0.352161,9.9561,1.0000,1
3,3429,1.433611,0.768586,0.665025,20.6255,1.0000,1
3,3430,0.507267,0.069280,0.437987,6.3799,1.0000,1
3,3431,1.137205,0.421730,0.715475,9.1929,1.0000,1
3,3432,1.144252,0.567552,0.576700,7.9900,1.0000,1
3,3433,1.011698,0.304072,0.707626,13.5888,1.0000,1
3,3434,0.808979,0.183985,0.624994,3.8798,1.0000,1
3,3435,0.783073,0.161565,0.621509,5.7013,1.0000,1
3,3436,1.335164,0.499660,0.835503,6.4978,1.0000,1
3,3437,1.125777,0.127689,0.998089,1.7842,1.0000,1
3,3438,1.497260,0.786839,0.710421,12.3867,1.0000,1
3,3439,1.008221,0.038539,0.969682,1.2435,1.0000,1
3,3440,0.845509,0.118146,0.727364,6.7198,1.0000,1
3,3441,0.987427,0.128449,0.858978,2.8607,1.0000,1
3,3442,0.947202,0.084569,0.862633,2.9680,1.0000,1
3,3443,0.826955,0.170031,0.656924,41.7476,1.0000,1
3,3444,1.189735,0.524530,0.665205,7.5141,1.0000,1
3,3445,1.089566,0.318633,0.770933,12.9929,1.0000,1
3,3446,1.056158,0.252470,0.803688,5.8448,1.0000,1
3,3447,0.898910,0.217044,0.681866,10.5905,1.0000,1
3,3448,0.874371,0.295395,0.578976,7.5042,1.0000,1
3,3449,0.729661,0.007805,0.721856,8.3079,1.0000,1
3,3450,1.101147,0.522854,0.578293,17.4441,1.0000,1
3,3451,0.838009,0.322772,0.515237,9.2986,1.0000,1
3,3452,0.860404,0.219878,0.640526,8.9581,1.0000,1
3,3453,0.774940,0.063401,0.711539,6.6204,1.0000,1
3,3454,0.664356,0.035481,0.628875,4.5326,1.0000,1
3,3455,0.833810,0.076304,0.757505,13.4100,1.0000,1
3,3456,0.980936,0.232008,0.748928,5.7334,1.0000,1
3,3457,0.733004,0.034788,0.698217,7.2275,1.0000,1
3,3458,0.939554,0.330819,0.608735,27.9929,1.0000,1
3,3459,0.825949,0.205684,0.620266,7.0088,1.0000,1
3,3460,1.297387,0.462178,0.835210,11.8272,1.0000,1
3,3461,1.104501,0.250125,0.854375,26.1682,1.0000,1
3,3462,0.851649,0.266815,0.584835,4.3888,1.0000,1
3,3463,1.405101,0.834367,0.570735,17.2963,1.0000,1
3,3464,0.695871,0.066461,0.629409,5.7185,1.0000,1
3,3465,0.753524,0.075830,0.677695,3.9854,1.0000,1
3,3466,1.000146,0.232978,0.767168,6.1219,1.0000,1
3,3467,0.703932,0.094498,0.609434,6.1506,1.0000,1
3,3468,0.932762,0.053661,0.879101,2.7011,1.0000,1
3,3469,0.810939,0.441654,0.369285,10.0841,1.0000,1
3,3470,1.409239,0.831937,0.577302,22.6438,1.0000,1
3,3471,0.786012,0.370382,0.415630,9.9746,1.0000,1
3,3472,0.599473,0.176511,0.422962,12.8569,1.0000,1
3,3473,0.385131,0.016097,0.369034,8.0587,1.0000,1
3,3474,1.384824,0.713791,0.671033,28.2850,1.0000,1
3,3475,0.997661,0.228152,0.769509,3.1301,1.0000,1
3,3476,0.741676,0.137263,0.604414,4.6673,1.0000,1
3,3477,0.504796,0.137802,0.366995,2.8907,1.0000,1
3,3478,0.438128,0.035531,0.402597,16.3036,1.0000,1
3,3479,1.590317,0.901667,0.688650,27.1719,1.0000,1
3,3480,0.655727,0.041906,0.613821,7.2161,1.0000,1
3,3481,0.571025,0.164553,0.406473,9.7563,1.0000,1
3,3482,0.622028,0.001015,0.621012,13.2293,1.0000,1
3,3483,0.960462,0.234359,0.726103,19.8530,1.0000,1
3,3484,0.668872,0.203551,0.465321,37.2686,1.0000,1
3,3485,1.744659,0.747231,0.997427,10.8973,1.0000,1
3,3486,1.616223,1.054708,0.561515,17.4049,1.0000,1
3,3487,0.516032,0.074981,0.441051,9.9106,1.0000,1
3,3488,1.818685,1.005791,0.812893,53.5995,1.0000,1
3,3489,0.843744,0.328194,0.515550,11.3207,1.0000,1
3,3490,2.240538,1.486741,0.753797,38.7403,1.0000,1
3,3491,0.787878,0.141382,0.646496,3.7587,1.0000,1
3,3492,1.117616,0.120505,0.997111,4.2313,1.0000,1
3,3493,0.907477,0.326309,0.581169,6.0875,1.0000,1
3,3494,1.324660,0.730253,0.594408,24.8305,1.0000,1
3,3495,0.925792,0.178689,0.747103,3.6939,1.0000,1
3,3496,0.824015,0.047226,0.776789,4.8904,1.0000,1
3,3497,1.270355,0.782464,0.487891,16.8904,1.0000,1
3,3498,0.870470,0.005099,0.865371,5.3805,1.0000,1
3,3499,0.935497,0.165153,0.770344,5.0940,1.0000,1
3,3500,0.882204,0.236499,0.645705,12.8372,1.0000,1
3,3501,1.033313,0.089880,0.943432,4.1925,1.0000,1
3,3502,1.460252,0.513704,0.946548,5.6342,1.0000,1
3,3503,0.930667,0.144711,0.785956,6.6948,1.0000,1
3,3504,0.955402,0.164378,0.791025,5.7763,1.0000,1
3,3505,1.122523,0.231711,0.890812,6.8365,1.0000,1
3,3506,1.101370,0.255262,0.846108,10.8707,1.0000,1
3,3507,0.900288,0.071234,0.829054,4.8468,1.0000,1
3,3508,1.114880,0.235817,0.879063,4.9383,1.0000,1
3,3509,0.899415,0.132103,0.767313,4.2572,1.0000,1
3,3510,0.824384,0.034977,0.789408,5.9215,1.0000,1
3,3511,0.903239,0.146649,0.756590,3.9070,1.0000,1
3,3512,0.858905,0.059075,0.799830,4.5498,1.0000,1
3,3513,0.876507,0.223694,0.652813,8.1830,1.0000,1
3,3514,1.487160,0.650414,0.836745,15.3007,1.0000,1
3,3515,0.648540,0.073838,0.574701,4.9252,1.0000,1
3,3516,1.240001,0.770074,0.469927,39.4199,1.0000,1
3,3517,0.670167,0.115387,0.554780,6.9337,1.0000,1
3,3518,0.961645,0.457621,0.504024,9.2800,1.0000,1
3,3519,1.058939,0.218552,0.840387,3.7990,1.0000,1
3,3520,1.043452,0.319288,0.724164,7.5730,1.0000,1
3,3521,1.067577,0.562175,0.505402,5.9585,1.0000,1
3,3522,0.980581,0.062977,0.917604,5.3788,1.0000,1
3,3523,0.885296,0.162859,0.722437,11.7206,1.0000,1
3,3524,0.942797,0.193108,0.749689,4.6931,1.0000,1
3,3525,0.905872,0.327154,0.578718,9.3301,1.0000,1
3,3526,0.901856,0.320066,0.581790,10.0566,1.0000,1
3,3527,1.901106,1.157356,0.743751,7.4807,1.0000,1
3,3528,0.842226,0.225252,0.616974,3.6713,1.0000,1
3,3529,0.694041,0.029903,0.664138,7.1690,1.0000,1
3,3530,0.601646,0.151950,0.449696,3.8788,1.0000,1
3,3531,0.566512,0.055059,0.511453,10.7201,1.0000,1
3,3532,0.852985,0.147203,0.705781,12.5186,1.0000,1
3,3533,0.453205,0.108094,0.345112,14.7606,1.0000,1
3,3534,1.112342,0.550367,0.561975,20.4959,1.0000,1
3,3535,0.787678,0.218561,0.569117,6.9827,1.0000,1
3,3536,1.089261,0.497070,0.592191,22.8024,1.0000,1
3,3537,0.895481,0.121328,0.774152,8.1692,1.0000,1
3,3538,1.066006,0.517811,0.548195,42.1516,1.0000,1
3,3539,1.254243,0.421339,0.832904,9.3395,1.0000,1
3,3540,0.485585,0.049936,0.435649,20.2380,1.0000,1
3,3541,1.042759,0.523289,0.519470,74.0120,1.0000,1
3,3542,0.569768,0.105385,0.464384,45.9779,1.0000,1
3,3543,1.248451,0.721162,0.527289,22.2507,1.0000,1
3,3544,1.628254,1.141193,0.487061,59.0273,1.0000,1
3,3545,1.439780,0.708029,0.731751,302.7442,1.0000,1
3,3546,2.271275,1.620121,0.651154,55.6559,1.0000,1
3,3547,1.438978,0.611467,0.827511,33.0556,1.0000,1
3,3548,3.124337,2.398822,0.725516,321.0777,1.0000,1
3,3549,2.204728,1.606492,0.598235,934.2176,1.0000,1
3,3550,2.607915,1.608732,0.999184,31.6661,1.0000,1
3,3551,1.558935,0.561277,0.997658,194.2045,1.0000,1
3,3552,6.169811,5.170066,0.999745,225.7030,1.0000,1
3,3553,2.213698,1.214782,0.998917,149.8080,1.0000,1
3,3554,4.749396,3.749748,0.999649,319.9726,1.0000,1
3,3555,1.629024,0.631107,0.997917,386.3041,1.0000,1
3,3556,2.748955,1.749707,0.999248,277.5862,1.0000,1
3,3557,1.642242,0.644283,0.997959,536.8865,1.0000,1
3,3558,3.342042,2.342604,0.999438,464.9518,1.0000,1
3,3559,3.019646,2.267109,0.752537,19165.1101,1.0000,1
3,3560,2.064664,1.065899,0.998765,285.3681,1.0000,1
3,3561,2.955889,1.956562,0.999327,511.7290,1.0000,1
3,3562,6.067039,5.067299,0.999740,663.5188,1.0000,1
3,3563,1.036335,0.056661,0.979675,191274.3322,1.0000,1
3,3564,5.791646,4.873845,0.917801,3493.3587,1.0000,1
3,3565,0.875102,0.299098,0.576004,319017.1193,1.0000,1
3,3566,4.232861,3.233268,0.999593,1076.4768,1.0000,1
3,3567,0.000001,0.000001,0.000000,1508262431.6269,1.0000,1
3,3568,1.699061,0.700937,0.998124,3971.0865,1.0000,1
3,3569,2.158310,1.159445,0.998865,3302.7186,1.0000,1
3,3570,2.079174,1.080392,0.998782,7325.2292,1.0000,1
3,3571,2.756882,1.757624,0.999258,10417.7781,1.0000,1
3,3572,4.213095,3.213505,0.999590,57755.7614,1.0000,1
3,3573,7.803615,6.928784,0.874831,1257029.4530,1.0000,1
3,3574,3.150328,2.401346,0.748983,6719401.0596,1.0000,1
3,3575,6.221957,5.222186,0.999771,1061543.3235,1.0000,1
3,3576,3.890646,3.056310,0.834337,32435105.3991,1.0000,1
3,3577,4.074507,3.146241,0.928266,24111994.6201,1.0000,1
3,3578,4.593911,3.594277,0.999634,1990074.6690,1.0000,1
3,3579,3.489641,2.490170,0.999471,465364.3960,1.0000,1
3,3580,4.396256,3.396644,0.999612,2163204.3083,1.0000,1
3,3581,1.804710,0.806341,0.998369,9468155.6034,1.0000,1
3,3582,2.166223,1.167350,0.998873,17790883.3933,1.0000,1
3,3583,3.757155,2.757633,0.999522,6331804.0081,1.0000,1
3,3584,2.003983,1.005291,0.998691,55100860.8836,1.0000,1
3,3585,3.647779,2.648276,0.999503,17020994.2488,1.0000,1
3,3586,5.796925,4.797200,0.999725,733604.1331,1.0000,1
3,3587,4.979988,3.980319,0.999669,9483250.2163,1.0000,1
3,3588,9.834023,8.834171,0.999851,2279844.8395,1.0000,1
3,3589,7.424169,6.424374,0.999795,61160925.9063,1.0000,1
3,3590,2.091045,1.092250,0.998795,340486325.5485,1.0000,1
3,3591,3.003337,2.003994,0.999343,179127383.9837,1.0000,1
3,3592,4.188058,3.188472,0.999587,1585166523.5457,1.0000,1
3,3593,5.091988,4.092310,0.999678,420225692.3993,1.0000,1
3,3594,5.173683,4.173999,0.999684,4627361817.1212,1.0000,1
3,3595,5.590057,4.590344,0.999713,12675296.5344,1.0000,1
3,3596,2.837266,1.837983,0.999284,250583972.0960,1.0000,1
3,3597,3.280102,2.280679,0.999423,1400454059.0793,1.0000,1
3,3598,7.691639,6.691836,0.999803,651913204.9953,1.0000,1
3,3599,4.115583,3.116006,0.999577,3659499900.3234,1.0000,1
3,3600,2.988839,1.989501,0.999338,3305001353.8314,1.0000,1
3,3601,2.548590,1.549439,0.999150,2920534679.2183,1.0000,1
3,3602,3.798006,2.798476,0.999529,2457732901.7762,1.0000,1
3,3603,3.181260,2.181863,0.999397,12775981240.1029,1.0000,1
3,3604,2.079174,1.080392,0.998782,33671468568.0469,1.0000,1
3,3605,2.520906,1.521771,0.999135,22145888192.9298,1.0000,1
3,3606,3.112728,2.113351,0.999377,13203145945.2117,1.0000,1
3,3607,1.776984,0.778673,0.998311,177928794263.9891,1.0000,1
3,3608,2.568364,1.569203,0.999161,221971501517.8173,1.0000,1
3,3609,8.023671,7.023859,0.999812,871778969.5434,1.0000,1
3,3610,4.313241,3.313639,0.999603,29469168914.9033,1.0000,1
3,3611,2.327100,1.328091,0.999009,106005282226.3853,1.0000,1
3,3612,2.429940,1.430860,0.999080,77588782417.1277,1.0000,1
3,3613,4.228907,3.229315,0.999592,17093557613.7562,1.0000,1
3,3614,3.883661,2.884118,0.999543,12325440770.3979,1.0000,1
3,3615,3.467238,2.467772,0.999466,141202084331.1971,1.0000,1
3,3616,4.091865,3.092290,0.999574,232975396050.9531,1.0000,1
3,3617,2.886034,1.886732,0.999302,783581835702.4799,1.0000,1
3,3618,4.376491,3.376881,0.999610,250406590946.1250,1.0000,1
3,3619,6.573000,5.573236,0.999764,116835247038.9191,1.0000,1
3,3620,2.481356,1.482244,0.999112,2183102045085.7822,1.0000,1
3,3621,5.650668,4.650951,0.999717,330224809098.6906,1.0000,1
3,3622,2.651412,1.652208,0.999203,6540346691902.2998,1.0000,1
3,3623,2.253259,1.254308,0.998951,8082832107058.4434,1.0000,1
3,3624,1.562904,0.565230,0.997674,54171045198723.1016,1.0000,1
3,3625,2.002663,1.003974,0.998689,9895978926271.4316,1.0000,1
3,3626,2.386432,1.387381,0.999051,35724066210047.4062,1.0000,1
3,3627,1.974958,0.976305,0.998652,52786247379077.3047,1.0000,1
3,3628,1.829792,0.831375,0.998418,14501653667304.0547,1.0000,1
3,3629,4.518802,3.519176,0.999626,5412485618789.5195,1.0000,1
3,3630,2.336330,1.337314,0.999016,52579260139153.0234,1.0000,1
3,3631,5.030059,4.030385,0.999673,6447481575819.2715,1.0000,1
3,3632,3.356539,2.357097,0.999441,20399486219186.5117,1.0000,1
3,3633,3.340724,2.341287,0.999438,103261417283034.4531,1.0000,1
3,3634,5.729726,4.730004,0.999722,9237334553386.4297,1.0000,1
3,3635,6.488673,5.488913,0.999760,22645345744215.0547,1.0000,1
3,3636,5.586105,4.586392,0.999713,14482914452082.1836,1.0000,1
3,3637,2.204467,1.205559,0.998908,49081683897124.4531,1.0000,1
3,3638,2.693593,1.694370,0.999223,260835009325824.9375,1.0000,1
3,3639,3.940324,2.940772,0.999552,1250231045783875.5000,1.0000,1
3,3640,2.698865,1.699640,0.999225,191188741893771.5312,1.0000,1
3,3641,3.371035,2.371591,0.999445,1467091009553435.5000,1.0000,1
3,3642,4.271075,3.271477,0.999597,60060956626665.9297,1.0000,1
3,3643,3.268241,2.268821,0.999420,159693196798646.9375,1.0000,1
3,3644,2.764772,1.765517,0.999254,351649272566383.3125,1.0000,1
3,3645,8.537528,7.537703,0.999825,48477795137.8230,1.0000,1
3,3646,5.741585,4.741862,0.999722,136962513761064.7031,1.0000,1
3,3647,2.650093,1.650891,0.999203,2598612813521919.0000,1.0000,1
3,3648,5.347612,4.347915,0.999697,187409111644720.0938,1.0000,1
3,3649,6.122377,5.122634,0.999743,266979916047195.3750,1.0000,1
3,3650,5.628269,4.628553,0.999715,323634109300061.6875,1.0000,1
3,3651,3.820408,2.820875,0.999533,5621564291209.8662,1.0000,1
3,3652,2.576273,1.577108,0.999165,586037027294446.5000,1.0000,1
3,3653,2.639548,1.640350,0.999197,1425633741646307.5000,1.0000,1
3,3654,2.084450,1.085662,0.998788,5026747672116004.0000,1.0000,1
3,3655,2.440487,1.441400,0.999087,2952372462160573.5000,1.0000,1
3,3656,2.957207,1.957880,0.999327,413317782589051.3750,1.0000,1
3,3657,4.235497,3.235903,0.999593,141957614907453.7812,1.0000,1
3,3658,2.013217,1.014514,0.998703,2471398810504051.0000,1.0000,1
3,3659,1.415847,0.418982,0.996865,75153460859981344.0000,1.0000,1
3,3660,2.996747,1.997406,0.999341,521560822892809.4375,1.0000,1
3,3661,2.422030,1.422955,0.999075,4563270623402111.0000,1.0000,1
3,3662,5.601916,4.602202,0.999714,21010051284422.3750,1.0000,1
3,3663,3.111410,2.112033,0.999377,2305620122543716.0000,1.0000,1
3,3664,1.158138,0.166012,0.992126,1071635939056295296.0000,1.0000,1
3,3665,2.075217,1.076439,0.998778,14996749137251218.0000,1.0000,1
3,3666,2.647457,1.648256,0.999201,6416430307659495.0000,1.0000,1
3,3667,3.066600,2.067237,0.999363,6044643610798925.0000,1.0000,1
3,3668,3.490959,2.491488,0.999471,4789709947578882.0000,1.0000,1
3,3669,1.109028,0.119898,0.989130,3340838920198977024.0000,1.0000,1
3,3670,1.186924,0.193681,0.993243,1325814323309510656.0000,1.0000,1
3,3671,2.845175,1.845888,0.999287,15727624540032014.0000,1.0000,1
3,3672,1.763779,0.765497,0.998282,113620048117738464.0000,1.0000,1
3,3673,1.918220,0.919651,0.998569,192126198364746464.0000,1.0000,1
3,3674,2.727865,1.728626,0.999238,28718141050358648.0000,1.0000,1
3,3675,1.894466,0.895935,0.998532,86164167612268880.0000,1.0000,1
3,3676,4.640029,3.640391,0.999638,45237059616250432.0000,1.0000,1
3,3677,2.755545,1.756295,0.999250,35027213402615588.0000,1.0000,1
3,3678,2.124019,1.125188,0.998830,9760665492557010.0000,1.0000,1
3,3679,2.164904,1.166033,0.998871,95151815801376352.0000,1.0000,1
3,3680,6.474179,5.474420,0.999759,439420341648939.1875,1.0000,1
3,3681,2.192599,1.193701,0.998897,146756550292331136.0000,1.0000,1
3,3682,4.002258,3.002697,0.999561,29481756768168904.0000,1.0000,1
3,3683,2.555181,1.556027,0.999154,5489594667021672.0000,1.0000,1
3,3684,2.717319,1.718086,0.999234,51177315980945688.0000,1.0000,1
3,3685,1.605227,0.607391,0.997836,207984873816824288.0000,1.0000,1
3,3686,1.712271,0.714113,0.998158,325848211718547392.0000,1.0000,1
3,3687,2.201830,1.202924,0.998906,128651453310665040.0000,1.0000,1
3,3688,3.054738,2.055378,0.999359,138261322660585552.0000,1.0000,1
3,3689,4.240767,3.241174,0.999594,119393630216210192.0000,1.0000,1
3,3690,2.742364,1.743119,0.999245,162904668891394496.0000,1.0000,1
3,3691,1.918220,0.919651,0.998569,758679981106451840.0000,1.0000,1
3,3692,3.645143,2.645641,0.999502,148473319564442368.0000,1.0000,1
3,3693,2.370611,1.371570,0.999040,67302255358511440.0000,1.0000,1
3,3694,6.119742,5.119999,0.999743,10084832940144.1367,1.0000,1
3,3695,1.589359,0.591581,0.997778,2671447449135274496.0000,1.0000,1
3,3696,2.183367,1.184478,0.998889,776776904339082752.0000,1.0000,1
3,3697,4.255262,3.255666,0.999595,166902642618032768.0000,1.0000,1
3,3698,4.020707,3.021142,0.999564,2128973234327600.0000,1.0000,1
3,3699,6.741653,5.741882,0.999771,65155343433577.2891,1.0000,1
3,3700,2.509041,1.509913,0.999128,518086065912659648.0000,1.0000,1
3,3701,2.307322,1.308328,0.998994,1449845141252177408.0000,1.0000,1
3,3702,2.681730,1.682512,0.999218,691304112998796672.0000,1.0000,1
3,3703,1.940652,0.942049,0.998603,2405875650358835200.0000,1.0000,1
3,3704,2.030367,1.031642,0.998724,1990887656392430848.0000,1.0000,1
3,3705,2.211061,1.212147,0.998914,4005567864095148544.0000,1.0000,1
3,3706,1.263903,0.268781,0.995122,73062222585118359552.0000,1.0000,1
3,3707,6.393806,5.394050,0.999756,119253817859560016.0000,1.0000,1
3,3708,2.271720,1.272754,0.998966,3215430502752389120.0000,1.0000,1
3,3709,2.796406,1.797139,0.999267,2301294077655362048.0000,1.0000,1
3,3710,5.135471,4.135790,0.999682,34377303544453812.0000,1.0000,1
3,3711,5.401636,4.401935,0.999701,50473097208896600.0000,1.0000,1
4,3712,4.358043,3.358435,0.999608,485860375520879872.0000,1.0000,1
4,3713,2.660639,1.661431,0.999208,1283045859122618112.0000,1.0000,1
4,3714,1.754535,0.756275,0.998261,27606655961913847808.0000,1.0000,1
4,3715,2.229523,1.230592,0.998930,1789570408780957952.0000,1.0000,1
4,3716,2.727865,1.728626,0.999238,2821145056240659456.0000,1.0000,1
4,3717,1.263903,0.268781,0.995122,165573950996407975936.0000,1.0000,1
4,3718,3.371035,2.371590,0.999445,7462977625524116480.0000,1.0000,1
4,3719,6.899765,5.899988,0.999777,146630991619193536.0000,1.0000,1
4,3720,3.815137,2.815605,0.999532,2376601007290556928.0000,1.0000,1
4,3721,2.509041,1.509913,0.999128,19635574563014352896.0000,1.0000,1
4,3722,3.406617,2.407164,0.999453,2482329908705235968.0000,1.0000,1
4,3723,2.253259,1.254308,0.998951,25315880716470206464.0000,1.0000,1
4,3724,5.304130,4.304436,0.999694,1255963832037296896.0000,1.0000,1
4,3725,2.693593,1.694370,0.999223,25931693552942391296.0000,1.0000,1
4,3726,1.149843,0.158107,0.991736,2039713427133058777088.0000,1.0000,1
4,3727,2.228204,1.229275,0.998929,27749517589604356096.0000,1.0000,1
4,3728,2.073898,1.075122,0.998776,71866021855913385984.0000,1.0000,1
4,3729,3.675452,2.675944,0.999508,15702966150540388352.0000,1.0000,1
4,3730,1.084166,0.097500,0.986667,4401754453540849844224.0000,1.0000,1
4,3731,3.500184,2.500710,0.999473,618029512643890560.0000,1.0000,1
4,3732,3.707079,2.707566,0.999514,1186747999681843456.0000,1.0000,1
4,3733,1.184196,0.191046,0.993151,1336643656526311718912.0000,1.0000,1
4,3734,3.562121,2.562635,0.999486,3786148329973440512.0000,1.0000,1
4,3735,5.235612,4.235923,0.999689,155698429468450528.0000,1.0000,1
4,3736,3.061328,2.061966,0.999361,10392923316275572736.0000,1.0000,1
4,3737,4.131396,3.131817,0.999579,103519695519423807488.0000,1.0000,1
4,3738,2.129294,1.130459,0.998836,61439174160757465088.0000,1.0000,1
4,3739,5.043236,4.043561,0.999674,455012334673817600.0000,1.0000,1
4,3740,5.870712,4.870982,0.999730,932798278592080128.0000,1.0000,1
4,3741,1.916900,0.918333,0.998567,156084436122369982464.0000,1.0000,1
4,3742,5.113070,4.113391,0.999680,5034464384914322432.0000,1.0000,1
4,3743,3.501502,2.502028,0.999474,4804017456003730432.0000,1.0000,1
4,3744,5.018200,4.018528,0.999672,2703573235316244480.0000,1.0000,1
4,3745,2.725228,1.725991,0.999237,84742133736698445824.0000,1.0000,1
4,3746,3.949548,2.949995,0.999554,18584793407241777152.0000,1.0000,1
4,3747,2.003983,1.005291,0.998691,168477489581641859072.0000,1.0000,1
4,3748,2.412801,1.413732,0.999069,59000821714878545920.0000,1.0000,1
4,3749,2.320508,1.321503,0.999004,66366524484646060032.0000,1.0000,1
4,3750,3.544990,2.545507,0.999483,11196266960400580608.0000,1.0000,1
4,3751,3.450106,2.450643,0.999463,12995080725376090112.0000,1.0000,1
4,3752,1.599938,0.602121,0.997817,454427896926295687168.0000,1.0000,1
4,3753,4.203871,3.204282,0.999589,20801504568684568576.0000,1.0000,1
4,3754,2.010579,1.011879,0.998700,100019011964020310016.0000,1.0000,1
4,3755,4.753349,3.753700,0.999649,6586591785151705088.0000,1.0000,1
4,3756,3.743977,2.744457,0.999520,464548764754002051072.0000,1.0000,1
4,3757,9.167331,8.167492,0.999839,1026065228292111232.0000,1.0000,1
4,3758,6.047274,5.047534,0.999739,7616706330621075456.0000,1.0000,1
4,3759,1.334735,0.338611,0.996124,3543440313718588571648.0000,1.0000,1
4,3760,3.641190,2.641688,0.999501,39350854822466076672.0000,1.0000,1
4,3761,5.281730,4.282038,0.999692,6414584320359502848.0000,1.0000,1
4,3762,3.490959,2.491488,0.999471,28845947785168863232.0000,1.0000,1
4,3763,3.319638,2.320206,0.999432,41609232121823977472.0000,1.0000,1
4,3764,3.957455,2.957901,0.999555,23398572081460719616.0000,1.0000,1
4,3765,2.060707,1.061946,0.998761,74834506591259115520.0000,1.0000,1
4,3766,1.704345,0.706208,0.998138,1263354360236917129216.0000,1.0000,1
4,3767,2.796406,1.797139,0.999267,67804870756666744832.0000,1.0000,1
4,3768,4.209142,3.209552,0.999590,286659775555319529472.0000,1.0000,1
4,3769,1.423810,0.426887,0.996923,4718953763563535597568.0000,1.0000,1
4,3770,2.373248,1.374205,0.999042,199421621112011948032.0000,1.0000,1
4,3771,5.281730,4.282038,0.999692,38046698516657250304.0000,1.0000,1
4,3772,7.673193,6.673391,0.999803,304719942811120369664.0000,1.0000,1
4,3773,4.455553,3.455934,0.999619,32938712778757963776.0000,1.0000,1
4,3774,2.611866,1.612682,0.999184,180092355462182043648.0000,1.0000,1
4,3775,4.431834,3.432218,0.999616,48091491843020128256.0000,1.0000,1
4,3776,4.333007,3.333402,0.999605,112114847855795732480.0000,1.0000,1
4,3777,2.218973,1.220052,0.998921,603107787592592261120.0000,1.0000,1
4,3778,1.996067,0.997386,0.998681,715195317014949658624.0000,1.0000,1
4,3779,3.844128,2.844591,0.999537,137452866941979361280.0000,1.0000,1
4,3780,2.605274,1.606094,0.999180,427851025388017418240.0000,1.0000,1
4,3781,1.951208,0.952590,0.998619,334649193763940794368.0000,1.0000,1
4,3782,3.198392,2.198991,0.999401,185469098151414792192.0000,1.0000,1
4,3783,2.502450,1.503325,0.999124,211903113378695020544.0000,1.0000,1
4,3784,7.379370,6.379576,0.999794,21647238122752479232.0000,1.0000,1
4,3785,1.755856,0.757592,0.998264,3398828869468128018432.0000,1.0000,1
4,3786,3.174670,2.175276,0.999395,323572440002377416704.0000,1.0000,1
4,3787,4.633440,3.633803,0.999638,53757148556522905600.0000,1.0000,1
4,3788,7.027573,6.027791,0.999781,40172452986507821056.0000,1.0000,1
4,3789,1.766420,0.768133,0.998288,1208217460023751081984.0000,1.0000,1
4,3790,3.224751,2.225343,0.999408,8916822114705451008.0000,1.0000,1
4,3791,1.090112,0.102770,0.987342,170370080247658605182976.0000,1.0000,1
4,3792,2.034324,1.035595,0.998729,2013980272512631570432.0000,1.0000,1
4,3793,2.197874,1.198971,0.998902,3084459985058114043904.0000,1.0000,1
4,3794,3.141722,2.142337,0.999385,731411225866398466048.0000,1.0000,1
4,3795,3.197075,2.197674,0.999401,126272424258118533120.0000,1.0000,1
4,3796,1.837713,0.839280,0.998433,3012396229065214263296.0000,1.0000,1
4,3797,1.577455,0.579723,0.997732,723848650450448416768.0000,1.0000,1
4,3798,4.499037,3.499413,0.999624,558455114168741724160.0000,1.0000,1
4,3799,6.036732,5.036994,0.999739,3418647133326934016.0000,1.0000,1
4,3800,2.449716,1.450623,0.999093,2540095879748529422336.0000,1.0000,1
4,3801,5.161824,4.162141,0.999684,202000819744726056960.0000,1.0000,1
4,3802,2.373248,1.374205,0.999042,3032210968754125799424.0000,1.0000,1
4,3803,2.920303,1.920989,0.999315,1067855652177457971200.0000,1.0000,1
4,3804,6.168493,5.168748,0.999745,646913646225454268416.0000,1.0000,1
4,3805,2.320508,1.321503,0.999004,3518843897064928051200.0000,1.0000,1
4,3806,2.860991,1.861699,0.999293,3392978469279282757632.0000,1.0000,1
4,3807,3.989081,2.989522,0.999559,545636380778895048704.0000,1.0000,1
4,3808,7.277915,6.278125,0.999790,267678549440086409216.0000,1.0000,1
4,3809,2.568364,1.569203,0.999161,1451580449887702482944.0000,1.0000,1
4,3810,2.502450,1.503325,0.999124,5656829172486772883456.0000,1.0000,1
4,3811,2.257215,1.258261,0.998954,854918664911456567296.0000,1.0000,1
4,3812,3.388168,2.388719,0.999449,1314486344671922225152.0000,1.0000,1
4,3813,4.211778,3.212188,0.999590,722138360569354649600.0000,1.0000,1
4,3814,3.743977,2.744457,0.999520,192381842640592863232.0000,1.0000,1
4,3815,1.982874,0.984211,0.998663,10945859966850784296960.0000,1.0000,1
4,3816,3.693901,2.694390,0.999511,5560344734192763928576.0000,1.0000,1
4,3817,6.438604,5.438846,0.999758,9725092163773724672.0000,1.0000,1
4,3818,4.832409,3.832753,0.999656,31444136569865424896.0000,1.0000,1
4,3819,1.576133,0.578405,0.997727,13764875857311026905088.0000,1.0000,1
4,3820,2.607911,1.608729,0.999182,3280344379950978564096.0000,1.0000,1
4,3821,3.743977,2.744457,0.999520,2156709145036226560000.0000,1.0000,1
4,3822,2.773999,1.774741,0.999258,902849185867240570880.0000,1.0000,1
4,3823,2.759500,1.760247,0.999252,62726914082166415360.0000,1.0000,1
4,3824,4.754667,3.755018,0.999649,47079000872525201408.0000,1.0000,1
4,3825,3.000701,2.001359,0.999342,1369310270995016712192.0000,1.0000,1
4,3826,7.912994,6.913185,0.999809,125304233070740520960.0000,1.0000,1
4,3827,2.775317,1.776058,0.999259,2055014768173071466496.0000,1.0000,1
4,3828,9.761557,8.761707,0.999850,115645137731307929600.0000,1.0000,1
4,3829,3.747931,2.748410,0.999521,11484104885097040183296.0000,1.0000,1
4,3830,3.966679,2.967123,0.999556,2440196595039416614912.0000,1.0000,1
4,3831,2.553863,1.554710,0.999153,4968634693243406123008.0000,1.0000,1
4,3832,3.454059,2.454596,0.999463,3033448463442957565952.0000,1.0000,1
4,3833,2.909759,1.910448,0.999311,1075906965232708354048.0000,1.0000,1
4,3834,2.352152,1.353125,0.999027,8188953477113442205696.0000,1.0000,1
4,3835,2.830676,1.831395,0.999281,6306477132138005135360.0000,1.0000,1
4,3836,1.372006,0.375503,0.996503,140302279523668236173312.0000,1.0000,1
4,3837,4.657159,3.657519,0.999640,683396613115673313280.0000,1.0000,1
4,3838,3.890249,2.890705,0.999544,2023698682424211275776.0000,1.0000,1
4,3839,3.771651,2.772126,0.999525,10079327732235990204416.0000,1.0000,1
4,3840,1.842993,0.844550,0.998442,5066286036556168822784.0000,1.0000,1
4,3841,1.882589,0.884077,0.998512,23886936862525566746624.0000,1.0000,1
4,3842,2.747636,1.748389,0.999247,2676271589622509731840.0000,1.0000,1
4,3843,3.695219,2.695708,0.999511,74529103370547544195072.0000,1.0000,1
4,3844,4.293476,3.293875,0.999600,2903578962305961426944.0000,1.0000,1
4,3845,4.724361,3.724715,0.999646,483296276528491790336.0000,1.0000,1
4,3846,2.229523,1.230592,0.998930,63004554309905915314176.0000,1.0000,1
4,3847,3.707079,2.707566,0.999514,4803422288319903432704.0000,1.0000,1
4,3848,2.970387,1.971055,0.999332,1878150469423775875072.0000,1.0000,1
4,3849,2.226885,1.227957,0.998928,8363789246407876018176.0000,1.0000,1
4,3850,2.726547,1.727309,0.999238,4931083974654262509568.0000,1.0000,1
4,3851,4.244720,3.245126,0.999594,105952808810077470720.0000,1.0000,1
4,3852,2.274357,1.275389,0.998968,25662561276650374299648.0000,1.0000,1
4,3853,1.691135,0.693032,0.998102,118905545777684160708608.0000,1.0000,1
4,3854,3.288010,2.288585,0.999425,4934168131096913379328.0000,1.0000,1
4,3855,4.771797,3.772146,0.999651,1963013702660866965504.0000,1.0000,1
4,3856,2.127975,1.129141,0.998834,37203312569749191262208.0000,1.0000,1
4,3857,1.799429,0.801071,0.998358,92065693373249565491200.0000,1.0000,1
4,3858,2.379840,1.380793,0.999047,20423983222481173348352.0000,1.0000,1
4,3859,2.907123,1.907813,0.999310,7224932798489705840640.0000,1.0000,1
4,3860,3.114046,2.114668,0.999377,6542521294327714414592.0000,1.0000,1
4,3861,2.451034,1.451941,0.999093,17147228877181239164928.0000,1.0000,1
4,3862,4.364632,3.365023,0.999609,6058442664681440018432.0000,1.0000,1
4,3863,4.348819,3.349213,0.999607,3353115860274332041216.0000,1.0000,1
4,3864,5.283047,4.283355,0.999692,5124879817407839862784.0000,1.0000,1
4,3865,1.442383,0.445333,0.997050,334439640887167748669440.0000,1.0000,1
4,3866,2.582864,1.583696,0.999169,10201683128717473218560.0000,1.0000,1
4,3867,6.816756,5.816983,0.999774,12975457376754444288.0000,1.0000,1
4,3868,1.056240,0.073784,0.982456,25283098994764728810602496.0000,1.0000,1
4,3869,1.212726,0.218714,0.994012,2752023644288574468128768.0000,1.0000,1
4,3870,3.257698,2.258281,0.999417,17940825078075280588800.0000,1.0000,1
4,3871,2.547272,1.548122,0.999150,5479003444060292644864.0000,1.0000,1
4,3872,1.300045,0.304355,0.995690,1205781852004750907670528.0000,1.0000,1
4,3873,2.055430,1.056676,0.998755,76796574501469920690176.0000,1.0000,1
4,3874,1.443709,0.446650,0.997059,322063994266984065794048.0000,1.0000,1
4,3875,4.153798,3.154215,0.999582,2988652132899175792640.0000,1.0000,1
4,3876,2.712047,1.712815,0.999231,13808786389187317202944.0000,1.0000,1
4,3877,1.751894,0.753639,0.998255,157608814451282535251968.0000,1.0000,1
4,3878,1.775663,0.777355,0.998308,50460877206985539321856.0000,1.0000,1
4,3879,4.477954,3.478333,0.999621,44520211383182918942720.0000,1.0000,1
4,3880,2.801679,1.802409,0.999270,22868424978520137007104.0000,1.0000,1
4,3881,1.178733,0.185776,0.992958,7424223170847301015961600.0000,1.0000,1
4,3882,1.570842,0.573135,0.997706,752048508927865362841600.0000,1.0000,1
4,3883,5.114389,4.114709,0.999680,39337552232343781376.0000,1.0000,1
4,3884,2.255896,1.256943,0.998953,3293502054777700745216.0000,1.0000,1
4,3885,1.170517,0.177870,0.992647,2463933931900092224110592.0000,1.0000,1
4,3886,7.692956,6.693153,0.999803,382173335015571456000.0000,1.0000,1
4,3887,2.246666,1.247721,0.998945,123667663960206452195328.0000,1.0000,1
4,3888,5.366059,4.366361,0.999698,6665731521282904686592.0000,1.0000,1
4,3889,4.570192,3.570561,0.999631,5175383492935836237824.0000,1.0000,1
4,3890,1.621092,0.623202,0.997890,598081716956003087417344.0000,1.0000,1
4,3891,2.725228,1.725991,0.999237,366216217881496581570560.0000,1.0000,1
4,3892,1.399914,0.403171,0.996743,1648449144627370771087360.0000,1.0000,1
4,3893,4.547791,3.548162,0.999629,5542118351701660401664.0000,1.0000,1
4,3894,3.906063,2.906516,0.999547,65821882733605433638912.0000,1.0000,1
4,3895,6.706078,5.706309,0.999769,1783175094599759691776.0000,1.0000,1
4,3896,3.554215,2.554730,0.999485,25784250960519339442176.0000,1.0000,1
4,3897,4.398891,3.399279,0.999613,21615042723609317474304.0000,1.0000,1
4,3898,2.640866,1.641668,0.999198,34880465007239837515776.0000,1.0000,1
4,3899,1.780945,0.782625,0.998319,506183545179410593218560.0000,1.0000,1
4,3900,1.919540,0.920968,0.998571,419877790315080444805120.0000,1.0000,1
4,3901,2.075217,1.076439,0.998778,283908176557912191139840.0000,1.0000,1
4,3902,3.832268,2.832733,0.999535,113675824855921631166464.0000,1.0000,1
4,3903,2.265127,1.266166,0.998960,235121284732507488518144.0000,1.0000,1
4,3904,8.320127,7.320308,0.999820,103117907735892778287104.0000,1.0000,1
4,3905,1.811311,0.812929,0.998382,680741345110430639456256.0000,1.0000,1
4,3906,4.296111,3.296511,0.999600,109408385439099151974400.0000,1.0000,1
4,3907,2.005302,1.006609,0.998693,191818655915265134428160.0000,1.0000,1
4,3908,5.409541,4.409840,0.999701,14229118850633899704320.0000,1.0000,1
4,3909,3.091640,2.092270,0.999371,44755086867285395111936.0000,1.0000,1
4,3910,1.345392,0.349152,0.996241,7364460294025744199188480.0000,1.0000,1
4,3911,4.711184,3.711539,0.999645,5289628474980237836288.0000,1.0000,1
4,3912,3.550261,2.550777,0.999484,765105551019632238788608.0000,1.0000,1
4,3913,4.948364,3.948698,0.999666,124672469986375635042304.0000,1.0000,1
4,3914,2.845175,1.845888,0.999287,621222093684464796303360.0000,1.0000,1
4,3915,4.048379,3.048811,0.999568,274299628752934845546496.0000,1.0000,1
4,3916,7.765425,6.765619,0.999805,64802622448186781859840.0000,1.0000,1
4,3917,2.286225,1.287247,0.998977,323576253572107208753152.0000,1.0000,1
4,3918,1.829793,0.831375,0.998418,788474491895633349181440.0000,1.0000,1
4,3919,1.973638,0.974988,0.998650,647142291793865691103232.0000,1.0000,1
4,3920,2.692275,1.693052,0.999222,7983369023119013445632.0000,1.0000,1
4,3921,1.433098,0.436110,0.996988,4655710691593615440871424.0000,1.0000,1
4,3922,2.797724,1.798456,0.999268,201263010866776256806912.0000,1.0000,1
4,3923,2.701502,1.702275,0.999227,191548851035740951281664.0000,1.0000,1
4,3924,2.423348,1.424272,0.999076,155763953894940307619840.0000,1.0000,1
4,3925,5.314672,4.314977,0.999695,2124985027486895570944.0000,1.0000,1
4,3926,1.901065,0.902523,0.998542,637647714735812933320704.0000,1.0000,1
4,3927,3.021789,2.022440,0.999349,163398720705915126808576.0000,1.0000,1
4,3928,3.895520,2.895975,0.999545,315882532380957594353664.0000,1.0000,1
4,3929,2.072579,1.073804,0.998775,225013891286596094787584.0000,1.0000,1
4,3930,5.238248,4.238559,0.999689,32466039534825764814848.0000,1.0000,1
4,3931,2.551226,1.552075,0.999152,142285516550428476571648.0000,1.0000,1
4,3932,2.195236,1.196336,0.998900,446104552753992122236928.0000,1.0000,1
4,3933,5.016882,4.017210,0.999672,46361249233166797897728.0000,1.0000,1
4,3934,1.598615,0.600804,0.997812,2885549130022685893459968.0000,1.0000,1
4,3935,1.898426,0.899888,0.998538,168510340384874035150848.0000,1.0000,1
4,3936,3.588478,2.588986,0.999491,66074041616668863496192.0000,1.0000,1
4,3937,2.011898,1.013197,0.998701,1438207996715931774484480.0000,1.0000,1
4,3938,1.523203,0.525703,0.997500,4015315305730874720387072.0000,1.0000,1
4,3939,3.398710,2.399259,0.999451,39749158577632467484672.0000,1.0000,1
4,3940,3.223433,2.224025,0.999408,225671769807888784031744.0000,1.0000,1
4,3941,1.650172,0.652188,0.997984,5102433921756854724067328.0000,1.0000,1
4,3942,2.052792,1.054041,0.998752,891288713093540961320960.0000,1.0000,1
4,3943,3.579253,2.579763,0.999490,284288144280430500118528.0000,1.0000,1
4,3944,1.780945,0.782625,0.998319,2296285666863867949481984.0000,1.0000,1
4,3945,4.867987,3.868327,0.999660,259133520307844733206528.0000,1.0000,1
4,3946,4.856128,3.856469,0.999658,166589733937790217879552.0000,1.0000,1
4,3947,3.924511,2.924962,0.999550,2060212844321708137512960.0000,1.0000,1
4,3948,4.049697,3.050129,0.999568,1045619342508892369190912.0000,1.0000,1
4,3949,1.350718,0.354422,0.996296,6999381452986373218762752.0000,1.0000,1
4,3950,3.828315,2.828780,0.999534,149336782390518983163904.0000,1.0000,1
4,3951,3.788782,2.789254,0.999528,41788047666220799885312.0000,1.0000,1
4,3952,2.371929,1.372888,0.999041,304010776093027957997568.0000,1.0000,1
4,3953,3.351267,2.351827,0.999440,254745857734710271148032.0000,1.0000,1
4,3954,3.518633,2.519156,0.999477,183389915382865215881216.0000,1.0000,1
4,3955,1.993428,0.994751,0.998677,1940586181248460372574208.0000,1.0000,1
4,3956,1.386629,0.389996,0.996633,20641899373135592452784128.0000,1.0000,1
4,3957,4.509578,3.509953,0.999625,3667371315846929448960.0000,1.0000,1
4,3958,1.389286,0.392631,0.996656,17666243146262941213392896.0000,1.0000,1
4,3959,3.174670,2.175276,0.999395,230376907475945225453568.0000,1.0000,1
4,3960,1.750574,0.752322,0.998252,6685079494043004047458304.0000,1.0000,1
4,3961,3.754519,2.754997,0.999522,9454315630978920349696.0000,1.0000,1
4,3962,6.712667,5.712897,0.999769,6233019121554634026516480.0000,1.0000,1
4,3963,1.109028,0.119898,0.989130,307957654535536246876274688.0000,1.0000,1
4,3964,4.290840,3.291240,0.999600,29358089400169032318976.0000,1.0000,1
4,3965,4.397574,3.397962,0.999612,135039198387329845690368.0000,1.0000,1
4,3966,4.402845,3.403232,0.999613,806091354298133430403072.0000,1.0000,1
4,3967,2.907123,1.907813,0.999310,435336380630980293033984.0000,1.0000,1
4,3968,2.182048,1.183161,0.998888,789273522507561627025408.0000,1.0000,1
4,3969,3.621423,2.621925,0.999498,211494262588506518847488.0000,1.0000,1
4,3970,2.472128,1.473022,0.999106,7711222777595874156478464.0000,1.0000,1
4,3971,2.783225,1.783963,0.999262,419197047468734271193088.0000,1.0000,1
4,3972,1.869391,0.870901,0.998489,5327635113234293887860736.0000,1.0000,1
4,3973,4.073416,3.073844,0.999572,163671172006783827836928.0000,1.0000,1
4,3974,3.175988,2.176593,0.999395,742756483539175001292800.0000,1.0000,1
4,3975,1.149843,0.158107,0.991736,213517625306573781080211456.0000,1.0000,1
4,3976,1.545704,0.548102,0.997602,12962620499006140891267072.0000,1.0000,1
4,3977,3.070553,2.071189,0.999364,723279547569419247943680.0000,1.0000,1
4,3978,3.038922,2.039568,0.999354,183053653731351050846208.0000,1.0000,1
4,3979,2.447079,1.447988,0.999091,1263894214515083003822080.0000,1.0000,1
4,3980,1.923498,0.924921,0.998578,5116293325356042941366272.0000,1.0000,1
4,3981,1.410537,0.413712,0.996825,28761600809653696450265088.0000,1.0000,1
4,3982,3.517316,2.517839,0.999477,118696393310461587619840.0000,1.0000,1
4,3983,7.231801,6.232012,0.999789,1717804520663169519058944.0000,1.0000,1
4,3984,8.519082,7.519258,0.999825,5168690257504957890560.0000,1.0000,1
4,3985,1.945930,0.947319,0.998611,3443018355282484727382016.0000,1.0000,1
4,3986,3.936371,2.936820,0.999552,252148081303434135863296.0000,1.0000,1
4,3987,6.082849,5.083108,0.999741,44697716266284517163008.0000,1.0000,1
4,3988,3.749248,2.749727,0.999521,228337636008942150615040.0000,1.0000,1
4,3989,2.294136,1.295152,0.998984,1786654209657912757846016.0000,1.0000,1
4,3990,1.622414,0.624520,0.997895,18249490966201021547675648.0000,1.0000,1
4,3991,1.993428,0.994751,0.998677,5671036947500610671869952.0000,1.0000,1
4,3992,3.388167,2.388719,0.999449,619164171059130533937152.0000,1.0000,1
4,3993,2.073898,1.075122,0.998776,2296323110843188592508928.0000,1.0000,1
4,3994,7.526941,6.527143,0.999798,18143955837902835941376.0000,1.0000,1
4,3995,5.951087,4.951353,0.999734,187809399076253566238720.0000,1.0000,1
4,3996,3.152266,2.152877,0.999388,3134729850907382413000704.0000,1.0000,1
4,3997,6.089436,5.089695,0.999741,2957120513434209805664256.0000,1.0000,1
4,3998,1.342729,0.346517,0.996212,129465527863490628850548736.0000,1.0000,1
4,3999,1.701703,0.703573,0.998131,7235492687404126747754496.0000,1.0000,1
4,4000,2.174135,1.175255,0.998880,6812977824287696822992896.0000,1.0000,1
4,4001,5.796924,4.797199,0.999725,2801704839855089096065024.0000,1.0000,1
4,4002,6.057814,5.058074,0.999740,59831266027116389466112.0000,1.0000,1
4,4003,4.878528,3.878867,0.999660,394001688924874917019648.0000,1.0000,1
4,4004,6.177717,5.177972,0.999746,563302173951502760017920.0000,1.0000,1
4,4005,1.916901,0.918333,0.998567,20436434602366244766089216.0000,1.0000,1
4,4006,7.313491,6.313700,0.999791,835260070481002451959808.0000,1.0000,1
4,4007,1.235678,0.241113,0.994565,290312707921502383191883776.0000,1.0000,1
4,4008,3.849399,2.849861,0.999538,631725781125062532792320.0000,1.0000,1
4,4009,6.839156,5.839381,0.999774,141677666155856998170624.0000,1.0000,1
4,4010,4.367267,3.367658,0.999609,132727096447495412121600.0000,1.0000,1
4,4011,3.775604,2.776078,0.999526,145436388038274671706112.0000,1.0000,1
4,4012,10.600849,9.600986,0.999863,2293751194539850345742336.0000,1.0000,1
4,4013,2.131932,1.133094,0.998839,6734957390769644785106944.0000,1.0000,1
4,4014,7.661335,6.661532,0.999802,1176137977658513024876544.0000,1.0000,1
4,4015,1.941972,0.943367,0.998605,17999043437302639098855424.0000,1.0000,1
4,4016,4.322465,3.322862,0.999604,10590046574458604129091584.0000,1.0000,1
4,4017,2.257215,1.258261,0.998954,16921931430917712042262528.0000,1.0000,1
4,4018,1.866751,0.868266,0.998485,14749719057787231095750656.0000,1.0000,1
4,4019,7.081594,6.081810,0.999783,234510617901830592528384.0000,1.0000,1
4,4020,3.165445,2.166053,0.999392,1601917436145400717246464.0000,1.0000,1
4,4021,5.617728,4.618013,0.999715,396400923021528465932288.0000,1.0000,1
4,4022,2.113467,1.114648,0.998819,7869518852846824925954048.0000,1.0000,1
4,4023,3.273513,2.274092,0.999421,572972492179326583701504.0000,1.0000,1
4,4024,5.538670,4.538960,0.999710,225222271234684034744320.0000,1.0000,1
4,4025,1.032082,0.055338,0.976744,5616785498867373699644784640.0000,1.0000,1
4,4026,6.372724,5.372969,0.999755,63688975953838498381824.0000,1.0000,1
4,4027,5.285684,4.285991,0.999693,83924914070722415951872.0000,1.0000,1
4,4028,3.626694,2.627195,0.999499,1305031142187997817995264.0000,1.0000,1
4,4029,2.559136,1.559980,0.999156,13810038419963818092265472.0000,1.0000,1
4,4030,3.335453,2.336016,0.999436,2952647866189320644722688.0000,1.0000,1
4,4031,4.477954,3.478333,0.999621,854023745603225717309440.0000,1.0000,1
4,4032,1.693777,0.695667,0.998110,38091525951602423146479616.0000,1.0000,1
4,4033,5.765302,4.765578,0.999724,2039578498140649872687104.0000,1.0000,1
4,4034,4.940458,3.940792,0.999666,8507216477785246973034496.0000,1.0000,1
4,4035,3.993034,2.993474,0.999560,1470365804848510723424256.0000,1.0000,1
4,4036,3.197075,2.197674,0.999401,16600109404706457060900864.0000,1.0000,1
4,4037,3.173352,2.173958,0.999394,15710997557574416256204800.0000,1.0000,1
4,4038,1.350718,0.354422,0.996296,141525696818083095449174016.0000,1.0000,1
4,4039,3.613516,2.614020,0.999496,1786657560246852941512704.0000,1.0000,1
4,4040,2.163585,1.164715,0.998870,15738971046907562086629376.0000,1.0000,1
4,4041,5.124929,4.125249,0.999681,48591792637317170069504.0000,1.0000,1
4,4042,3.957455,2.957900,0.999555,1757560161825776254058496.0000,1.0000,1
4,4043,2.411482,1.412414,0.999068,6391013507572108407865344.0000,1.0000,1
4,4044,2.875490,1.876192,0.999298,955935044190125732921344.0000,1.0000,1
4,4045,6.239645,5.239896,0.999749,415633170441312999047168.0000,1.0000,1
4,4046,6.442557,5.442799,0.999758,210403647078247503495168.0000,1.0000,1
4,4047,1.458294,0.461143,0.997151,114544287660822193124671488.0000,1.0000,1
4,4048,1.253165,0.258241,0.994924,570703473729205151991857152.0000,1.0000,1
4,4049,3.945595,2.946042,0.999553,11314885263726317894893568.0000,1.0000,1
4,4050,3.693902,2.694390,0.999511,20999421108705984686063616.0000,1.0000,1
4,4051,3.008609,2.009264,0.999345,12965141946145937272340480.0000,1.0000,1
4,4052,2.625048,1.625857,0.999190,9785638549552346307756032.0000,1.0000,1
4,4053,3.261652,2.262234,0.999418,2761833584599785256517632.0000,1.0000,1
4,4054,4.446329,3.446711,0.999618,2699482241063708692316160.0000,1.0000,1
4,4055,2.710729,1.711498,0.999231,5674727716037801107521536.0000,1.0000,1
4,4056,1.242409,0.247700,0.994709,671756306561998547213877248.0000,1.0000,1
4,4057,5.146012,4.146330,0.999682,19151037687110594778365952.0000,1.0000,1
4,4058,4.093182,3.093608,0.999574,7183077684216570927120384.0000,1.0000,1
4,4059,4.741490,3.741842,0.999648,797085936955231964233728.0000,1.0000,1
4,4060,2.710729,1.711498,0.999231,4834446512192833454080000.0000,1.0000,1
4,4061,2.549908,1.550757,0.999151,3952255241882231354949632.0000,1.0000,1
4,4062,3.038922,2.039568,0.999354,268115930511718433685504.0000,1.0000,1
4,4063,3.089005,2.089635,0.999370,3446483292867024480370688.0000,1.0000,1
4,4064,6.537425,5.537663,0.999762,1816574785592644453007360.0000,1.0000,1
4,4065,8.306952,7.307132,0.999820,638963027723759822831616.0000,1.0000,1
4,4066,4.392303,3.392692,0.999612,1174495686846323439435776.0000,1.0000,1
4,4067,3.133815,2.134432,0.999383,96811435061349562974208.0000,1.0000,1
4,4068,4.144574,3.144993,0.999581,147432863949884414314414080.0000,1.0000,1
4,4069,1.861472,0.862996,0.998476,33729434545818224409182208.0000,1.0000,1
4,4070,1.749253,0.751004,0.998249,39269652337957220684660736.0000,1.0000,1
4,4071,4.066828,3.067257,0.999571,4545491635904051494780928.0000,1.0000,1
4,4072,4.145892,3.146310,0.999581,2761510868195404538707968.0000,1.0000,1
4,4073,3.012563,2.013217,0.999346,9712023741030488587894784.0000,1.0000,1
4,4074,1.932735,0.934144,0.998592,37989237612798343299203072.0000,1.0000,1
4,4075,3.928464,2.928914,0.999550,209735303573596645883904.0000,1.0000,1
4,4076,2.440487,1.441400,0.999087,16040111431583016719220736.0000,1.0000,1
4,4077,2.036963,1.038230,0.998733,2982832337387449904791552.0000,1.0000,1
4,4078,1.171888,0.179188,0.992701,2022758260044263053200457728.0000,1.0000,1
4,4079,9.217399,8.217559,0.999840,156939262092366921596928.0000,1.0000,1
4,4080,4.087912,3.088338,0.999574,8303665296757457753735168.0000,1.0000,1
4,4081,2.259852,1.260896,0.998956,10783316618740033132691456.0000,1.0000,1
4,4082,2.002663,1.003974,0.998689,45880137832473139290832896.0000,1.0000,1
4,4083,3.317003,2.317571,0.999432,1639850796873793016954880.0000,1.0000,1
4,4084,1.241064,0.246383,0.994681,1246635213157914475161976832.0000,1.0000,1
4,4085,3.709715,2.710201,0.999514,630989767857437442834432.0000,1.0000,1
4,4086,4.178834,3.179248,0.999586,3761754027526860650315776.0000,1.0000,1
4,4087,2.341604,1.342584,0.999020,8594393571430905101156352.0000,1.0000,1
4,4088,2.288862,1.289882,0.998980,27154685046853803368775680.0000,1.0000,1
4,4089,6.538743,5.538980,0.999762,73027615531429833736192.0000,1.0000,1
4,4090,3.489641,2.490170,0.999471,17623222825634484163969024.0000,1.0000,1
4,4091,3.792735,2.793206,0.999529,6639795088743857479745536.0000,1.0000,1
4,4092,1.875990,0.877489,0.998501,40791878211511994713899008.0000,1.0000,1
4,4093,2.068621,1.069851,0.998770,84296649393054011122253824.0000,1.0000,1
4,4094,2.207105,1.208194,0.998911,28401164837751106872279040.0000,1.0000,1
4,4095,1.109028,0.119898,0.989130,5865822743508614420105265152.0000,1.0000,1
4,4096,2.048835,1.050088,0.998747,8775396808212504251465728.0000,1.0000,1
4,4097,1.541734,0.544149,0.997585,237995043858131221116616704.0000,1.0000,1
4,4098,1.537763,0.540196,0.997567,448715542236619734427631616.0000,1.0000,1
4,4099,1.153995,0.162060,0.991935,2892876748549893279958695936.0000,1.0000,1
4,4100,2.093683,1.094885,0.998798,64241379230334897121918976.0000,1.0000,1
4,4101,3.095595,2.096223,0.999372,13456348658968571829813248.0000,1.0000,1
4,4102,3.299870,2.300443,0.999428,162395447541982817870151680.0000,1.0000,1
4,4103,8.526987,7.527163,0.999825,1015790163066823427227648.0000,1.0000,1
4,4104,2.659321,1.660114,0.999207,16551603965618509060243456.0000,1.0000,1
4,4105,2.563091,1.563933,0.999158,43932557821414412021399552.0000,1.0000,1
4,4106,1.283999,0.288544,0.995455,1673500519714499900255240192.0000,1.0000,1
4,4107,3.330181,2.330746,0.999435,29028311803759441290985472.0000,1.0000,1
4,4108,2.787180,1.787916,0.999264,25019546230514647467819008.0000,1.0000,1
4,4109,4.261850,3.262254,0.999596,78873203567058583663149056.0000,1.0000,1
4,4110,4.997118,3.997447,0.999671,62797922512615075802513408.0000,1.0000,1
4,4111,4.289522,3.289923,0.999600,6387889759209806389837824.0000,1.0000,1
4,4112,2.266445,1.267484,0.998962,33614810618994237175234560.0000,1.0000,1
4,4113,1.093059,0.105405,0.987654,19919994447288015362038169600.0000,1.0000,1
4,4114,6.084167,5.084425,0.999741,2263696440768144072507392.0000,1.0000,1
4,4115,2.980931,1.981596,0.999336,8299206333452379953823744.0000,1.0000,1
4,4116,4.028613,3.029048,0.999565,172772556770983587495280640.0000,1.0000,1
4,4117,2.565727,1.566568,0.999160,40470779076688357999247360.0000,1.0000,1
4,4118,2.949299,1.949975,0.999325,22596773360029122921758720.0000,1.0000,1
4,4119,4.060239,3.060669,0.999570,20148990643329559353622528.0000,1.0000,1
4,4120,4.178834,3.179248,0.999586,3701177141660840368275456.0000,1.0000,1
4,4121,6.085484,5.085743,0.999741,609874257943742134616064.0000,1.0000,1
4,4122,3.900792,2.901246,0.999546,216842390425844293360943104.0000,1.0000,1
4,4123,3.077143,2.077777,0.999366,22226031332962341817942016.0000,1.0000,1
4,4124,5.231659,4.231971,0.999689,7280898666570374891700224.0000,1.0000,1
4,4125,1.560258,0.562595,0.997664,575328930165355863118708736.0000,1.0000,1
4,4126,3.912652,2.913104,0.999548,142032031542720363669487616.0000,1.0000,1
4,4127,2.034324,1.035595,0.998729,71329422146569320821424128.0000,1.0000,1
4,4128,5.538669,4.538960,0.999710,33999566414495256647041024.0000,1.0000,1
4,4129,2.905805,1.906496,0.999309,5073850816283622940606464.0000,1.0000,1
4,4130,0.865049,0.007906,0.857143,2900821854222388987520283049984.0000,1.0000,1
4,4131,1.759818,0.761545,0.998273,347123895818756412816752640.0000,1.0000,1
4,4132,5.754761,4.755038,0.999723,18185225663072322675802112.0000,1.0000,1
4,4133,3.177306,2.177911,0.999395,129792515537777405143810048.0000,1.0000,1
4,4134,1.145680,0.154154,0.991525,8284014589178094838316269568.0000,1.0000,1
4,4135,4.765208,3.765558,0.999650,5998914264616272635363328.0000,1.0000,1
4,4136,3.181260,2.181864,0.999397,2059767419501835414667264.0000,1.0000,1
4,4137,1.429118,0.432157,0.996960,1054583146414166718610931712.0000,1.0000,1
4,4138,4.933869,3.934204,0.999665,6128284732235267830710272.0000,1.0000,1
4,4139,2.155672,1.156810,0.998862,34868561214913854006362112.0000,1.0000,1
4,4140,1.270607,0.275369,0.995238,1699029470616387785980903424.0000,1.0000,1
4,4141,3.672817,2.673310,0.999507,237628088542810311814545408.0000,1.0000,1
4,4142,2.374566,1.375523,0.999043,42254041111406146907799552.0000,1.0000,1
4,4143,6.806215,5.806442,0.999773,25671981331537172679884800.0000,1.0000,1
4,4144,5.185542,4.185856,0.999685,387187441704888729681788928.0000,1.0000,1
4,4145,1.266585,0.271416,0.995169,2536743123082846975083675648.0000,1.0000,1
4,4146,5.657257,4.657539,0.999717,89639735232681033261383680.0000,1.0000,1
4,4147,5.080130,4.080452,0.999677,4203529645380069798969344.0000,1.0000,1
4,4148,2.551226,1.552075,0.999152,366033059875407769980895232.0000,1.0000,1
4,4149,7.717991,6.718187,0.999804,940699842543008849330176.0000,1.0000,1
4,4150,1.208664,0.214762,0.993902,9932206678889084580909809664.0000,1.0000,1
4,4151,2.788498,1.789234,0.999264,32505754932181921110687744.0000,1.0000,1
4,4152,2.344241,1.345219,0.999022,75018805259384022076751872.0000,1.0000,1
4,4153,3.464602,2.465137,0.999466,14046659830091397159976960.0000,1.0000,1
4,4154,3.657003,2.657499,0.999504,26954411978319746522152960.0000,1.0000,1
4,4155,3.689948,2.690437,0.999511,37002093124072998845808640.0000,1.0000,1
4,4156,2.603956,1.604777,0.999180,25717275491495286631563264.0000,1.0000,1
4,4157,3.042876,2.043520,0.999356,32269036237986029398654976.0000,1.0000,1
4,4158,11.960576,10.960696,0.999880,1030600669187012995055616.0000,1.0000,1
4,4159,2.410164,1.411097,0.999067,51683893592117226925719552.0000,1.0000,1
4,4160,1.629024,0.631107,0.997917,407676950132370780350054400.0000,1.0000,1
4,4161,4.054968,3.055399,0.999569,49498660554595750490669056.0000,1.0000,1
4,4162,2.544635,1.545487,0.999148,5365546126284343274897408.0000,1.0000,1
4,4163,2.205786,1.206876,0.998909,80425013808421265521770496.0000,1.0000,1
4,4164,2.833312,1.834030,0.999282,41490042771916715143987200.0000,1.0000,1
4,4165,2.295455,1.296470,0.998985,22191254344004168545468416.0000,1.0000,1
4,4166,6.930070,5.930292,0.999778,2661887608252509582262272.0000,1.0000,1
4,4167,7.115851,6.116067,0.999785,86166392432434131773685760.0000,1.0000,1
4,4168,2.179411,1.180526,0.998885,149404055334468761405095936.0000,1.0000,1
4,4169,2.891307,1.892003,0.999304,98705611313781419051843584.0000,1.0000,1
4,4170,4.600498,3.600864,0.999634,519678762497157732006625280.0000,1.0000,1
4,4171,1.969680,0.971035,0.998645,457905497115107063150673920.0000,1.0000,1
4,4172,1.117599,0.127803,0.989796,33386961337346468832463552512.0000,1.0000,1
4,4173,7.169873,6.170086,0.999786,1079842355564937541058560.0000,1.0000,1
4,4174,1.677922,0.679857,0.998066,284363246589123122759204864.0000,1.0000,1
4,4175,2.951935,1.952610,0.999326,248366172710393583446786048.0000,1.0000,1
4,4176,3.840175,2.840638,0.999536,10048833244334682078707712.0000,1.0000,1
4,4177,4.232861,3.233268,0.999593,13719878076662146714828800.0000,1.0000,1
4,4178,2.961161,1.961833,0.999329,42080483487974810418413568.0000,1.0000,1
4,4179,1.480824,0.483542,0.997283,2485722963521761112338989056.0000,1.0000,1
4,4180,4.749396,3.749747,0.999649,10744239211183559671808.0000,1.0000,1
4,4181,5.232978,4.233289,0.999689,10719451737522219402657792.0000,1.0000,1
4,4182,1.973638,0.974988,0.998650,475196235920490300587376640.0000,1.0000,1
4,4183,8.797091,7.797260,0.999831,181001436124778319577088.0000,1.0000,1
4,4184,5.719185,4.719464,0.999721,601236773313529723614134272.0000,1.0000,1
4,4185,5.734996,4.735274,0.999722,17049717959285987304538112.0000,1.0000,1
4,4186,2.882080,1.882780,0.999301,377939488228316334990032896.0000,1.0000,1
4,4187,5.671751,4.672032,0.999718,63599358129505854180818944.0000,1.0000,1
4,4188,3.027061,2.027710,0.999351,93281347983951818618044416.0000,1.0000,1
4,4189,4.950999,3.951333,0.999667,9163817902645101094502400.0000,1.0000,1
4,4190,6.416205,5.416448,0.999757,540422881297260185609306112.0000,1.0000,1
4,4191,3.230022,2.230613,0.999410,37642179285654694512295936.0000,1.0000,1
4,4192,3.284056,2.284632,0.999424,13584672401188952599429120.0000,1.0000,1
4,4193,1.820552,0.822152,0.998400,590026885714854617280413696.0000,1.0000,1
4,4194,3.567393,2.567906,0.999487,46842617742425712064724992.0000,1.0000,1
4,4195,1.928777,0.930191,0.998586,789324650020770779748106240.0000,1.0000,1
4,4196,3.512044,2.512568,0.999476,100305568555492427650039808.0000,1.0000,1
4,4197,3.012563,2.013217,0.999346,46198712949287902399954944.0000,1.0000,1
4,4198,2.892624,1.893320,0.999305,58400153597808872773386240.0000,1.0000,1
4,4199,3.439563,2.440103,0.999460,35997661595607797084454912.0000,1.0000,1
4,4200,6.258091,5.258342,0.999749,147706788494742717435215872.0000,1.0000,1
4,4201,7.432075,6.432279,0.999795,8000333743867406206369792.0000,1.0000,1
4,4202,1.668673,0.670634,0.998039,922895144877584511500550144.0000,1.0000,1
4,4203,2.938755,1.939434,0.999321,551701747963960666431160320.0000,1.0000,1
4,4204,4.157751,3.158168,0.999583,34979498456612737717895168.0000,1.0000,1
4,4205,1.629024,0.631107,0.997917,871761785497528230517669888.0000,1.0000,1
4,4206,4.543839,3.544210,0.999628,1222745135220208261790695424.0000,1.0000,1
4,4207,3.755837,2.756315,0.999522,1698584854875983550311563264.0000,1.0000,1
4,4208,2.578910,1.579743,0.999167,200379998152414555535310848.0000,1.0000,1
4,4209,2.329737,1.330726,0.999011,259596607793702233587056640.0000,1.0000,1
4,4210,3.243201,2.243788,0.999413,89400730405156066961653760.0000,1.0000,1
4,4211,1.588036,0.590263,0.997773,2754744335592867643088961536.0000,1.0000,1
4,4212,3.194439,2.195039,0.999400,504083523413035927612686336.0000,1.0000,1
4,4213,6.302890,5.303139,0.999752,1718608463561173342617600.0000,1.0000,1
4,4214,2.907123,1.907813,0.999310,877644736633172368751067136.0000,1.0000,1
4,4215,5.375282,4.375583,0.999699,6588844674333510421446656.0000,1.0000,1
4,4216,1.344060,0.347834,0.996226,4988402173674505111701815296.0000,1.0000,1
4,4217,3.562122,2.562635,0.999486,76869749947527435758075904.0000,1.0000,1
4,4218,3.303824,2.304396,0.999429,71393126491558385098424320.0000,1.0000,1
4,4219,2.131932,1.133094,0.998839,263347706686734309089345536.0000,1.0000,1
4,4220,2.950617,1.951292,0.999325,87744307682013669039800320.0000,1.0000,1
4,4221,3.497548,2.498075,0.999473,549060341470839155288178688.0000,1.0000,1
4,4222,3.471191,2.471724,0.999467,93656341499708604673949696.0000,1.0000,1
4,4223,1.588036,0.590263,0.997773,3398532695174992132715839488.0000,1.0000,1
4,4224,3.162809,2.163418,0.999391,2190834579457954245888704512.0000,1.0000,1
4,4225,1.844313,0.845868,0.998445,1265697379935854903229939712.0000,1.0000,1
4,4226,3.544990,2.545507,0.999483,70307717423642964809220096.0000,1.0000,1
4,4227,2.787180,1.787916,0.999264,121432510278376843923947520.0000,1.0000,1
4,4228,3.753202,2.753680,0.999522,85044184201085828877778944.0000,1.0000,1
4,4229,5.371330,4.371631,0.999699,633687584310800835627974656.0000,1.0000,1
4,4230,1.701703,0.703573,0.998131,309778527013880924163014656.0000,1.0000,1
4,4231,4.535932,3.536304,0.999628,238936198946007894085074944.0000,1.0000,1
4,4232,2.005302,1.006609,0.998693,452671516262807123909410816.0000,1.0000,1
4,4233,3.063964,2.064601,0.999362,108053306419491804733767680.0000,1.0000,1
4,4234,3.141722,2.142337,0.999385,117306835324460514066563072.0000,1.0000,1
4,4235,2.899215,1.899908,0.999307,248853330330154649123815424.0000,1.0000,1
4,4236,1.585391,0.587628,0.997763,3762055222531283099702001664.0000,1.0000,1
4,4237,4.350137,3.350530,0.999607,901324522855833356591955968.0000,1.0000,1
4,4238,5.140742,4.141060,0.999682,456369232420834930017173504.0000,1.0000,1
4,4239,5.741585,4.741863,0.999722,20954562291066675149144064.0000,1.0000,1
4,4240,1.891827,0.893300,0.998527,1285915165276549376173408256.0000,1.0000,1
4,4241,1.370676,0.374185,0.996491,16530059440513233165075087360.0000,1.0000,1
4,4242,4.748079,3.748430,0.999649,43158132467270607242788864.0000,1.0000,1
4,4243,1.844313,0.845868,0.998445,3236143786445997210381320192.0000,1.0000,1
4,4244,3.502820,2.503345,0.999474,616344286498903248351526912.0000,1.0000,1
4,4245,1.385300,0.388678,0.996622,6489872391059644412908797952.0000,1.0000,1
4,4246,5.072224,4.072547,0.999677,41024032244694472024129536.0000,1.0000,1
4,4247,7.524305,6.524507,0.999798,12989828074452356073259008.0000,1.0000,1
4,4248,2.663275,1.664066,0.999209,1781744271243111442837143552.0000,1.0000,1
4,4249,5.151283,4.151600,0.999683,29964719611722881799553024.0000,1.0000,1
4,4250,1.537763,0.540196,0.997567,5293035334911998047324995584.0000,1.0000,1
4,4251,5.456976,4.457272,0.999704,456767307981976521163145216.0000,1.0000,1
4,4252,5.551846,4.552135,0.999711,31988212471233330666274816.0000,1.0000,1
4,4253,2.532771,1.533629,0.999142,175549290210715995639644160.0000,1.0000,1
4,4254,2.245347,1.246403,0.998944,396252175179881564222783488.0000,1.0000,1
4,4255,1.956486,0.957860,0.998626,2539211502180856827142471680.0000,1.0000,1
4,4256,2.613184,1.613999,0.999184,511946438668255793667637248.0000,1.0000,1
4,4257,2.626366,1.627175,0.999191,1626240525468063750955204608.0000,1.0000,1
4,4258,4.821868,3.822213,0.999655,238756917468618728918745088.0000,1.0000,1
4,4259,6.609893,5.610127,0.999765,24401229040478793087582208.0000,1.0000,1
4,4260,3.261652,2.262234,0.999418,54377883149747774927405056.0000,1.0000,1
4,4261,3.418478,2.419022,0.999456,299366232740013351641284608.0000,1.0000,1
4,4262,1.938013,0.939414,0.998599,1099955608941227491985457152.0000,1.0000,1
4,4263,1.020406,0.047433,0.972973,1314765663360810486511379152896.0000,1.0000,1
4,4264,2.344241,1.345219,0.999022,714751100579447539058606080.0000,1.0000,1
4,4265,1.762459,0.764180,0.998279,498301471384641727860047872.0000,1.0000,1
4,4266,2.634275,1.635080,0.999195,652590582284686462570987520.0000,1.0000,1
4,4267,3.762426,2.762903,0.999523,4985206454378693691338391552.0000,1.0000,1
4,4268,2.089726,1.090932,0.998794,2259979945522598413670023168.0000,1.0000,1
4,4269,2.796406,1.797139,0.999267,288221589315225695406784512.0000,1.0000,1
4,4270,3.356539,2.357098,0.999441,1820456638793868748418711552.0000,1.0000,1
4,4271,3.871801,2.872260,0.999542,2459502396112560634726449152.0000,1.0000,1
4,4272,2.419393,1.420320,0.999073,569926427766073120249610240.0000,1.0000,1
4,4273,3.689948,2.690438,0.999511,2095521075714741671083114496.0000,1.0000,1
4,4274,3.334135,2.334699,0.999436,50254787677290203724120064.0000,1.0000,1
4,4275,3.386849,2.387401,0.999448,1267899645233999897000148992.0000,1.0000,1
4,4276,2.843857,1.844571,0.999286,441248083887539489949614080.0000,1.0000,1
4,4277,2.835948,1.836665,0.999283,520102399436009791406735360.0000,1.0000,1
4,4278,3.244519,2.245106,0.999413,12879211228148652381831168.0000,1.0000,1
4,4279,3.377625,2.378178,0.999446,615694600875763177812393984.0000,1.0000,1
4,4280,2.055430,1.056676,0.998755,238203442632064557593395200.0000,1.0000,1
4,4281,1.397257,0.400536,0.996721,16424996294994436208319266816.0000,1.0000,1
4,4282,5.214530,4.214842,0.999687,4193534480301380319427166208.0000,1.0000,1
4,4283,3.154902,2.155512,0.999389,215771642689863550588944384.0000,1.0000,1
4,4284,1.270607,0.275369,0.995238,25817754761768016397782220800.0000,1.0000,1
4,4285,3.240566,2.241153,0.999412,755655855586103355506688000.0000,1.0000,1
4,4286,1.866751,0.868266,0.998485,2126318890633966251791089664.0000,1.0000,1
4,4287,2.999383,2.000041,0.999342,163076005658842632223195136.0000,1.0000,1
4,4288,4.078687,3.079115,0.999572,134739103582317127997063168.0000,1.0000,1
4,4289,2.495858,1.496737,0.999120,926009189742604914505285632.0000,1.0000,1
4,4290,2.425985,1.426907,0.999077,1086945573478558203476180992.0000,1.0000,1
4,4291,1.573487,0.575770,0.997717,6074960813306987308294078464.0000,1.0000,1
4,4292,3.150948,2.151560,0.999388,198620961790039507047809024.0000,1.0000,1
4,4293,2.275676,1.276707,0.998969,1139238853498200722778357760.0000,1.0000,1
4,4294,2.295455,1.296470,0.998985,2927389996327476381351936.0000,1.0000,1
4,4295,2.263808,1.264849,0.998959,861254454572805407725584384.0000,1.0000,1
4,4296,4.410751,3.411137,0.999614,104043075565903654655361024.0000,1.0000,1
4,4297,3.558168,2.558683,0.999485,4314020189724335251914752.0000,1.0000,1
4,4298,3.548944,2.549460,0.999483,266867259007682336664846336.0000,1.0000,1
4,4299,2.196555,1.197654,0.998901,4853536533830486890599415808.0000,1.0000,1
4,4300,4.194647,3.195059,0.999588,118651698299873655649206272.0000,1.0000,1
4,4301,2.036963,1.038230,0.998733,484838750293057577762684928.0000,1.0000,1
4,4302,2.083131,1.084344,0.998786,2979011957381579661400604672.0000,1.0000,1
4,4303,7.132980,6.133195,0.999785,1337157610699121461014036480.0000,1.0000,1
4,4304,1.792828,0.794483,0.998344,3203970005861831413833138176.0000,1.0000,1
4,4305,4.226272,3.226680,0.999592,1026602224474095260943777792.0000,1.0000,1
4,4306,2.609229,1.610047,0.999182,1622323445202057750275686400.0000,1.0000,1
4,4307,3.450106,2.450644,0.999463,998287739219175744041123840.0000,1.0000,1
4,4308,2.629002,1.629810,0.999192,346704559895543174190333952.0000,1.0000,1
4,4309,1.622414,0.624520,0.997895,7331193685410887713266073600.0000,1.0000,1
4,4310,1.997386,0.998704,0.998682,1886537585790360836917690368.0000,1.0000,1
4,4311,5.101213,4.101533,0.999679,107367836804583150990655488.0000,1.0000,1
4,4312,2.710729,1.711498,0.999231,509577478077962905897140224.0000,1.0000,1
4,4313,2.679093,1.679877,0.999216,448050357928314129726046208.0000,1.0000,1
4,4314,2.716002,1.716768,0.999233,455608297402592268109479936.0000,1.0000,1
4,4315,3.036286,2.036933,0.999354,535156375790019817775300608.0000,1.0000,1
4,4316,1.817912,0.819517,0.998395,2651047138183456339735347200.0000,1.0000,1
4,4317,2.215017,1.216099,0.998918,1242756576011409713036001280.0000,1.0000,1
4,4318,7.387276,6.387482,0.999794,7289009640353032274056314880.0000,1.0000,1
4,4319,2.052792,1.054041,0.998752,2692974468241662674087182336.0000,1.0000,1
4,4320,2.365337,1.366300,0.999037,1729698872425221692866953216.0000,1.0000,1
4,4321,4.173563,3.173978,0.999585,130501333621103376042295296.0000,1.0000,1
4,4322,2.047516,1.048771,0.998745,1619389003071118510405976064.0000,1.0000,1
4,4323,2.976977,1.977643,0.999334,964747072507873930111877120.0000,1.0000,1
4,4324,5.045870,4.046196,0.999674,233310089374263380103135232.0000,1.0000,1
4,4325,1.109028,0.119898,0.989130,532001119267304732010630610944.0000,1.0000,1
4,4326,4.103724,3.104148,0.999576,1462685035688913741939736576.0000,1.0000,1
4,4327,2.577591,1.578425,0.999166,927915317066242779621883904.0000,1.0000,1
4,4328,4.903563,3.903901,0.999663,186159337381630265689899008.0000,1.0000,1
4,4329,1.812631,0.814247,0.998384,5586967430942387764734197760.0000,1.0000,1
4,4330,5.399000,4.399300,0.999701,1559987594753676621165625344.0000,1.0000,1
4,4331,3.291963,2.292538,0.999426,454787175099103078913146880.0000,1.0000,1
4,4332,2.615820,1.616635,0.999186,203952141061066026475585536.0000,1.0000,1
4,4333,1.891827,0.893300,0.998527,7459470470033741992981168128.0000,1.0000,1
4,4334,4.838998,3.839341,0.999657,355960733725101739009376256.0000,1.0000,1
4,4335,4.094501,3.094926,0.999574,84874807147311624901099520.0000,1.0000,1
4,4336,5.414812,4.415110,0.999702,1577680477737887841029980160.0000,1.0000,1
4,4337,3.544990,2.545507,0.999483,13095422692863308956488957952.0000,1.0000,1
4,4338,2.022452,1.023737,0.998715,1097545692435278209405157376.0000,1.0000,1
4,4339,3.114046,2.114668,0.999377,6139448865660711096870240256.0000,1.0000,1
4,4340,2.592092,1.592919,0.999174,3862107077311190273877868544.0000,1.0000,1
4,4341,2.296773,1.297787,0.998986,2699999455015564383000461312.0000,1.0000,1
4,4342,3.476463,2.476995,0.999468,829172681465395250705989632.0000,1.0000,1
4,4343,1.016226,0.044798,0.971429,5754981283816912231867269251072.0000,1.0000,1
4,4344,3.237930,2.238518,0.999412,470426532850711998150737920.0000,1.0000,1
4,4345,4.394939,3.395327,0.999612,800399210035629689675972608.0000,1.0000,1
4,4346,2.288862,1.289882,0.998980,4207041922878161441553121280.0000,1.0000,1
4,4347,6.388535,5.388779,0.999756,68612586000892081259675648.0000,1.0000,1
4,4348,4.502990,3.503366,0.999624,351183037029410247771422720.0000,1.0000,1
4,4349,3.630647,2.631148,0.999499,1651570217888221090025570304.0000,1.0000,1
4,4350,4.543839,3.544210,0.999628,2031488509049395403080859648.0000,1.0000,1
4,4351,2.440487,1.441400,0.999087,3583891100736722012664233984.0000,1.0000,1
4,4352,6.696854,5.697085,0.999769,467965083154364989391765504.0000,1.0000,1
4,4353,5.429306,4.429603,0.999703,959893388479847965223026688.0000,1.0000,1
4,4354,3.174670,2.175276,0.999395,707162687544174586672185344.0000,1.0000,1
4,4355,1.938013,0.939414,0.998599,11679280915901712308665057280.0000,1.0000,1
4,4356,5.425353,4.425651,0.999702,238782149341649452132204544.0000,1.0000,1
4,4357,1.487448,0.490129,0.997319,36212993035728113718020538368.0000,1.0000,1
4,4358,3.832268,2.832733,0.999535,465218971049833384858615808.0000,1.0000,1
4,4359,4.468729,3.469109,0.999620,294484221903677339864137728.0000,1.0000,1
4,4360,2.781907,1.782646,0.999261,1579551643792636215994351616.0000,1.0000,1
4,4361,3.112728,2.113351,0.999377,10103721430100046727648116736.0000,1.0000,1
4,4362,2.308640,1.309645,0.998995,11488729473425647338898063360.0000,1.0000,1
4,4363,2.988839,1.989501,0.999338,6726116367132267358137090048.0000,1.0000,1
4,4364,1.982874,0.984211,0.998663,5912981509923701711276343296.0000,1.0000,1
4,4365,4.611040,3.611405,0.999635,415785055592023649547190272.0000,1.0000,1
4,4366,2.050154,1.051406,0.998748,11779329017717249985950515200.0000,1.0000,1
4,4367,2.415438,1.416367,0.999071,3235069816568039231652364288.0000,1.0000,1
4,4368,3.571346,2.571858,0.999488,1273916955462363779472293888.0000,1.0000,1
4,4369,7.820763,6.820956,0.999807,2424112992945424665927483392.0000,1.0000,1
4,4370,2.448398,1.449306,0.999092,4534422451514598593124106240.0000,1.0000,1
4,4371,5.387142,4.387442,0.999700,221094387963236156115517440.0000,1.0000,1
4,4372,1.959125,0.960495,0.998630,6192823159320011373818150912.0000,1.0000,1
4,4373,4.351455,3.351848,0.999607,370790928676882729152806912.0000,1.0000,1
4,4374,1.197811,0.204221,0.993590,434708836285418473442886287360.0000,1.0000,1
4,4375,5.101213,4.101533,0.999679,16903686243505829895471104.0000,1.0000,1
4,4376,4.820550,3.820895,0.999655,209481641107122815730974720.0000,1.0000,1
4,4377,1.740008,0.741781,0.998227,30105154644741548492298649600.0000,1.0000,1
4,4378,5.590057,4.590344,0.999713,155517404269689452267307008.0000,1.0000,1
4,4379,5.740267,4.740545,0.999722,2990603279251560781842481152.0000,1.0000,1
4,4380,3.622741,2.623243,0.999498,1286353884329858518713630720.0000,1.0000,1
4,4381,2.158310,1.159445,0.998865,4863327403466326429575151616.0000,1.0000,1
4,4382,2.571000,1.571838,0.999162,577701655004859344151904256.0000,1.0000,1
4,4383,5.167095,4.167411,0.999684,1491376519595127332843552768.0000,1.0000,1
4,4384,1.783586,0.785261,0.998325,22064054409196903395963699200.0000,1.0000,1
4,4385,4.472683,3.473062,0.999621,439421049066760519632814080.0000,1.0000,1
4,4386,4.894340,3.894678,0.999662,589827985946214896253272064.0000,1.0000,1
4,4387,2.215017,1.216100,0.998918,6237807514555673512738029568.0000,1.0000,1
4,4388,3.974586,2.975029,0.999557,1163233983180179333554634752.0000,1.0000,1
4,4389,3.903427,2.903881,0.999546,1017683607803589723460468736.0000,1.0000,1
4,4390,6.529519,5.529757,0.999762,202808467087622134369878016.0000,1.0000,1
4,4391,2.055431,1.056676,0.998755,4808214353568707985444700160.0000,1.0000,1
4,4392,4.628170,3.628533,0.999637,11163658457249132603745763328.0000,1.0000,1
4,4393,2.192598,1.193701,0.998897,10222202985294357046470115328.0000,1.0000,1
4,4394,4.131396,3.131816,0.999579,3526699010236214392590958592.0000,1.0000,1
4,4395,1.159517,0.167330,0.992188,502196176855324602859389976576.0000,1.0000,1
4,4396,4.472682,3.473062,0.999621,660899735219524035707666432.0000,1.0000,1
4,4397,5.990616,4.990880,0.999736,426335908567226907824750592.0000,1.0000,1
4,4398,3.883661,2.884117,0.999543,7790439677846427812468097024.0000,1.0000,1
4,4399,3.761109,2.761586,0.999523,1299701645379180881474748416.0000,1.0000,1
4,4400,5.342342,4.342645,0.999697,449574003331781913584074752.0000,1.0000,1
4,4401,5.662527,4.662809,0.999718,310882507858794213581783040.0000,1.0000,1
4,4402,2.491903,1.492785,0.999118,4327777403211271857258889216.0000,1.0000,1
4,4403,5.841724,4.841997,0.999728,527981657470911496646033408.0000,1.0000,1
4,4404,4.609723,3.610087,0.999635,1897542767280200308190347264.0000,1.0000,1
4,4405,6.089437,5.089695,0.999741,275074509731122000124968960.0000,1.0000,1
4,4406,3.149630,2.150242,0.999388,2871855351091411036086992896.0000,1.0000,1
4,4407,1.890507,0.891982,0.998525,21302996522246680396821430272.0000,1.0000,1
4,4408,2.333693,1.334679,0.999014,4001728800825701357620035584.0000,1.0000,1
4,4409,4.825821,3.826165,0.999656,372940414383105430169583616.0000,1.0000,1
4,4410,3.210254,2.210849,0.999404,6243796957522959795367182336.0000,1.0000,1
4,4411,2.242710,1.243768,0.998942,8346428032644589413438849024.0000,1.0000,1
4,4412,6.650739,5.650972,0.999767,10050001749342154613430681600.0000,1.0000,1
4,4413,2.886034,1.886732,0.999302,3624434292415532049289445376.0000,1.0000,1
4,4414,2.648775,1.649573,0.999202,647848427545885345912455168.0000,1.0000,1
4,4415,2.054111,1.055358,0.998753,11847269831625691467264032768.0000,1.0000,1
4,4416,2.813541,1.814267,0.999274,27161704006281158073130156032.0000,1.0000,1
4,4417,3.883661,2.884117,0.999543,19302166626523879396872290304.0000,1.0000,1
4,4418,1.111895,0.122533,0.989362,2269374856443881520800785760256.0000,1.0000,1
4,4419,2.809587,1.810314,0.999273,2137302297267006783233196032.0000,1.0000,1
4,4420,3.019153,2.019805,0.999348,24543735526084343561195618304.0000,1.0000,1
4,4421,3.286691,2.287267,0.999424,5217442493470744660334870528.0000,1.0000,1
4,4422,7.134298,6.134512,0.999785,19237196157717593414696960.0000,1.0000,1
4,4423,5.333118,4.333422,0.999696,2878322483099708873385181184.0000,1.0000,1
4,4424,2.994111,1.994771,0.999340,9161524878887577728445317120.0000,1.0000,1
4,4425,4.879846,3.880185,0.999661,48489796169041063264208814080.0000,1.0000,1
4,4426,2.306003,1.307010,0.998993,10745752971668078020542857216.0000,1.0000,1
4,4427,3.468556,2.469089,0.999467,2865101472176344947899760640.0000,1.0000,1
4,4428,1.374665,0.378138,0.996528,139251522493093014834868387840.0000,1.0000,1
4,4429,3.813819,2.814287,0.999532,18787788362521254366973788160.0000,1.0000,1
4,4430,3.689948,2.690438,0.999511,2369583837199029200415096832.0000,1.0000,1
4,4431,3.252427,2.253011,0.999416,1191835309078438583084253184.0000,1.0000,1
4,4432,2.085769,1.086980,0.998789,13694233506250075696061743104.0000,1.0000,1
4,4433,2.585501,1.586331,0.999170,22680587506607189637315166208.0000,1.0000,1
4,4434,3.821726,2.822192,0.999533,1132237326170395739976368128.0000,1.0000,1
4,4435,3.219479,2.220072,0.999407,2917727861876401680106389504.0000,1.0000,1
4,4436,2.694911,1.695687,0.999224,789623736681175855021424640.0000,1.0000,1
4,4437,3.222115,2.222707,0.999408,1174301374402816402887016448.0000,1.0000,1
4,4438,3.717622,2.718107,0.999516,3356844860444577034498211840.0000,1.0000,1
4,4439,2.696229,1.697005,0.999224,5843434744806739978273947648.0000,1.0000,1
4,4440,5.250106,4.250416,0.999690,6649175258192635345653202944.0000,1.0000,1
4,4441,2.868900,1.869604,0.999296,2734889825311287246774599680.0000,1.0000,1
4,4442,5.302813,4.303119,0.999694,2173774007487330249730949120.0000,1.0000,1
4,4443,3.965362,2.965806,0.999556,1636212314565611250161549312.0000,1.0000,1
4,4444,1.300045,0.304355,0.995690,361324465317323534034188369920.0000,1.0000,1
4,4445,2.764772,1.765518,0.999254,5209324822011671890538528768.0000,1.0000,1
4,4446,3.301188,2.301760,0.999428,4226889080378593180215410688.0000,1.0000,1
4,4447,2.793770,1.794504,0.999266,2524187394621331372559564800.0000,1.0000,1
4,4448,2.773999,1.774740,0.999258,3886238041344551361586397184.0000,1.0000,1
4,4449,5.682291,4.682572,0.999719,2413273494896423558143016960.0000,1.0000,1
4,4450,2.122700,1.123871,0.998829,14867730096411611280827219968.0000,1.0000,1
4,4451,4.307971,3.308368,0.999602,90933776260636816011427840.0000,1.0000,1
4,4452,6.881319,5.881543,0.999776,2387648098247212176622223360.0000,1.0000,1
4,4453,3.990398,2.990839,0.999560,10814920558397017543048953856.0000,1.0000,1
4,4454,3.978539,2.978981,0.999558,3493579149352959258279280640.0000,1.0000,1
4,4455,1.864111,0.865631,0.998480,30891345244734353821333979136.0000,1.0000,1
4,4456,12.417772,11.417888,0.999885,663996784257142154105716736.0000,1.0000,1
4,4457,1.761138,0.762862,0.998276,21753989930394876369354883072.0000,1.0000,1
4,4458,4.333007,3.333402,0.999605,1925063786148794823927136256.0000,1.0000,1
4,4459,5.522858,4.523149,0.999709,224536721626526905027002368.0000,1.0000,1
4,4460,2.518269,1.519136,0.999133,8137878829068551831267835904.0000,1.0000,1
4,4461,6.182988,5.183242,0.999746,35793391248557031846576128.0000,1.0000,1
4,4462,2.863628,1.864334,0.999294,3756995343530944012910329856.0000,1.0000,1
4,4463,3.154902,2.155513,0.999389,3641480916779843966998675456.0000,1.0000,1
4,4464,4.754667,3.755018,0.999649,7261956682607507151926591488.0000,1.0000,1
4,4465,1.144290,0.152837,0.991453,2814190210323892619992956403712.0000,1.0000,1
4,4466,3.071871,2.072507,0.999365,2936215766061922797062455296.0000,1.0000,1
4,4467,2.495858,1.496737,0.999120,17975899400755624359856439296.0000,1.0000,1
4,4468,2.109510,1.110695,0.998815,13018769443682638315967741952.0000,1.0000,1
4,4469,5.657257,4.657539,0.999717,55843782473081460663255040.0000,1.0000,1
4,4470,2.541998,1.542852,0.999147,92026877000207600021416181760.0000,1.0000,1
4,4471,3.502820,2.503345,0.999474,4611523856737279100770582528.0000,1.0000,1
4,4472,3.347313,2.347874,0.999439,3057660961256410334021812224.0000,1.0000,1
4,4473,1.747932,0.749687,0.998246,15927236567998617844218593280.0000,1.0000,1
4,4474,1.844313,0.845868,0.998445,36320261442449099351788617728.0000,1.0000,1
4,4475,4.824504,3.824848,0.999656,2358124973095495660025675776.0000,1.0000,1
4,4476,7.252881,6.253092,0.999789,589715013997219320642404352.0000,1.0000,1
4,4477,4.234179,3.234586,0.999593,55995709017555091063975182336.0000,1.0000,1
4,4478,1.356042,0.359692,0.996350,366958836405573016295877640192.0000,1.0000,1
4,4479,1.885228,0.886712,0.998516,23244103918887307201650622464.0000,1.0000,1
4,4480,4.849539,3.849881,0.999658,51785070166386239303650902016.0000,1.0000,1
4,4481,2.199192,1.200289,0.998904,8083832885034012191095783424.0000,1.0000,1
4,4482,3.293281,2.293855,0.999426,2410222219844784105709371392.0000,1.0000,1
4,4483,4.177516,3.177931,0.999586,12421716296540373918060380160.0000,1.0000,1
4,4484,2.875490,1.876192,0.999298,17353036696085460671661080576.0000,1.0000,1
4,4485,1.026385,0.051385,0.975000,18565468386064074286774905470976.0000,1.0000,1
4,4486,2.042239,1.043500,0.998739,52122179198500007396757209088.0000,1.0000,1
4,4487,6.479450,5.479691,0.999760,27732938453233926812219736064.0000,1.0000,1
4,4488,5.103847,4.104168,0.999679,725769481632066991816704.0000,1.0000,1
4,4489,3.978539,2.978981,0.999558,2577265082297510869499641856.0000,1.0000,1
4,4490,5.329165,4.329469,0.999696,1833956388347233559463854080.0000,1.0000,1
4,4491,5.176319,4.176634,0.999685,9074233658318799339597594624.0000,1.0000,1
4,4492,4.698008,3.698364,0.999644,1334000534898884547962732544.0000,1.0000,1
4,4493,2.701502,1.702275,0.999227,10390287462965829220173873152.0000,1.0000,1
4,4494,2.015856,1.017149,0.998706,10387254994449988884944125952.0000,1.0000,1
4,4495,5.868077,4.868348,0.999729,4850919760211999442599936.0000,1.0000,1
4,4496,2.081812,1.083027,0.998785,27271797489036367263038439424.0000,1.0000,1
4,4497,3.829632,2.830098,0.999535,2674228277405849283515645952.0000,1.0000,1
4,4498,1.993428,0.994751,0.998677,35622789506867805353863544832.0000,1.0000,1
4,4499,2.131932,1.133094,0.998839,17178634583197502589762535424.0000,1.0000,1
4,4500,1.827152,0.828740,0.998413,41770848185536953354647764992.0000,1.0000,1
4,4501,2.068621,1.069851,0.998770,97131748399734749926581600256.0000,1.0000,1
4,4502,6.791722,5.791949,0.999773,4507095493908779927875878912.0000,1.0000,1
4,4503,2.338967,1.339949,0.999018,19280355025638337571421421568.0000,1.0000,1
4,4504,5.005023,4.005352,0.999671,4031720636570490884707057664.0000,1.0000,1
4,4505,3.104820,2.105446,0.999375,3892459192645800665387368448.0000,1.0000,1
4,4506,2.889988,1.890685,0.999304,17522893920307092013507936256.0000,1.0000,1
4,4507,2.142483,1.143634,0.998849,34040783155578149386393223168.0000,1.0000,1
4,4508,2.758181,1.758930,0.999251,14681093149608536906919837696.0000,1.0000,1
4,4509,4.549109,3.549480,0.999629,1336654520281670092916260864.0000,1.0000,1
4,4510,4.829774,3.830118,0.999656,1839754160046190647215915008.0000,1.0000,1
4,4511,2.904487,1.905178,0.999309,12581031413452329238415802368.0000,1.0000,1
4,4512,2.428622,1.429542,0.999079,113727569867293489398915530752.0000,1.0000,1
4,4513,4.289522,3.289923,0.999600,44483923262838264273632755712.0000,1.0000,1
4,4514,1.713592,0.715430,0.998162,106854926570855006985959505920.0000,1.0000,1
4,4515,7.085546,6.085763,0.999784,71763155289929262418574180352.0000,1.0000,1
4,4516,2.367974,1.368935,0.999038,12390202478259752533806284800.0000,1.0000,1
4,4517,3.057374,2.058014,0.999360,6511766812899135903368216576.0000,1.0000,1
4,4518,1.885228,0.886712,0.998516,69234300350578977399392698368.0000,1.0000,1
4,4519,1.957805,0.959177,0.998628,65866195913654992536665587712.0000,1.0000,1
4,4520,3.999623,3.000062,0.999561,2518315345667532874783391744.0000,1.0000,1
4,4521,2.719956,1.720721,0.999235,18803443875847018550476668928.0000,1.0000,1
4,4522,2.473446,1.474339,0.999107,22117274482824037923127558144.0000,1.0000,1
4,4523,6.122377,5.122634,0.999743,460203968036798911381241856.0000,1.0000,1
4,4524,4.025978,3.026413,0.999565,2268011879804891325223927808.0000,1.0000,1
4,4525,1.774343,0.776038,0.998305,58361817192073548404556300288.0000,1.0000,1
4,4526,7.915628,6.915819,0.999810,34984499973646201684720877568.0000,1.0000,1
4,4527,5.898382,4.898651,0.999731,2380691310460912691327270912.0000,1.0000,1
4,4528,3.374989,2.375543,0.999446,41852400185071110241067728896.0000,1.0000,1
4,4529,2.872854,1.873557,0.999297,26232169279148043790943518720.0000,1.0000,1
4,4530,1.701703,0.703573,0.998131,129799860999584601379633627136.0000,1.0000,1
4,4531,4.124808,3.125229,0.999579,4905098381291239047415463936.0000,1.0000,1
4,4532,1.924818,0.926238,0.998580,63182219511193407608047271936.0000,1.0000,1
4,4533,5.734997,4.735275,0.999722,17334959040091329410409431040.0000,1.0000,1
4,4534,5.590057,4.590344,0.999713,1437686283584026537560637440.0000,1.0000,1
4,4535,1.314733,0.318848,0.995885,1408945655756142725430079651840.0000,1.0000,1
4,4536,1.766420,0.768133,0.998288,40026709794163757012653965312.0000,1.0000,1
4,4537,1.565550,0.567865,0.997685,182983826171487221969334566912.0000,1.0000,1
4,4538,4.460824,3.461204,0.999619,103104121772309286754988326912.0000,1.0000,1
4,4539,2.668548,1.669336,0.999211,50565162731697514167157129216.0000,1.0000,1
4,4540,2.716002,1.716768,0.999233,191397936198201214625602600960.0000,1.0000,1
4,4541,3.830950,2.831415,0.999535,5990318135718076007579648000.0000,1.0000,1
4,4542,2.867582,1.868286,0.999295,35498325455127252970145579008.0000,1.0000,1
4,4543,3.343360,2.343922,0.999438,5300765291654176249588219904.0000,1.0000,1
4,4544,2.341604,1.342584,0.999020,20326777321044508012756074496.0000,1.0000,1
4,4545,7.288456,6.288666,0.999791,754730097491222816530366464.0000,1.0000,1
4,4546,4.861398,3.861739,0.999659,91860792453569815307129716736.0000,1.0000,1
4,4547,2.596047,1.596871,0.999176,16926990407198875072235307008.0000,1.0000,1
4,4548,5.061682,4.062006,0.999676,13927302831756661728303120384.0000,1.0000,1
4,4549,3.537083,2.537602,0.999481,15956909740504990442711941120.0000,1.0000,1
4,4550,1.663387,0.665364,0.998024,125525158904498004451750051840.0000,1.0000,1
4,4551,1.656780,0.658776,0.998004,160565983861423466418739871744.0000,1.0000,1
4,4552,2.124019,1.125188,0.998830,26874088915859706376334868480.0000,1.0000,1
4,4553,4.137985,3.138405,0.999580,4135372186363789009993334784.0000,1.0000,1
4,4554,2.472128,1.473022,0.999106,28298699474462130021708333056.0000,1.0000,1
4,4555,3.676770,2.677262,0.999508,150159361852116911934813503488.0000,1.0000,1
4,4556,3.402664,2.403212,0.999452,46403868546167570966605987840.0000,1.0000,1
4,4557,1.345392,0.349152,0.996241,718980539413536975160331993088.0000,1.0000,1
4,4558,4.467412,3.467792,0.999620,12028010691435910730660970496.0000,1.0000,1
4,4559,2.854401,1.855111,0.999290,13374869678579982784299794432.0000,1.0000,1
4,4560,2.954571,1.955245,0.999327,8708820233918526065473486848.0000,1.0000,1
4,4561,2.358744,1.359712,0.999032,71431802106640697257474654208.0000,1.0000,1
4,4562,4.464777,3.465157,0.999620,11110223792255405676531023872.0000,1.0000,1
4,4563,5.460930,4.461225,0.999705,60743630435283687005334011904.0000,1.0000,1
4,4564,5.431941,4.432238,0.999703,30431504786193659476312064.0000,1.0000,1
4,4565,3.743977,2.744457,0.999520,20453948716769028718005846016.0000,1.0000,1
4,4566,2.577592,1.578426,0.999166,515457633855494339866656768.0000,1.0000,1
4,4567,3.933735,2.934184,0.999551,32352020858957252489254010880.0000,1.0000,1
4,4568,6.006427,5.006690,0.999737,2544876204328607539271827456.0000,1.0000,1
4,4569,1.279984,0.284592,0.995392,1689357920040843892343925899264.0000,1.0000,1
4,4570,3.999623,3.000062,0.999561,30036134609636494630214172672.0000,1.0000,1
4,4571,1.253165,0.258241,0.994924,1976643049178620974737662148608.0000,1.0000,1
4,4572,5.069588,4.069912,0.999676,2451268826680323182155530240.0000,1.0000,1
4,4573,8.609995,7.610168,0.999827,1599645177447644988209889280.0000,1.0000,1
4,4574,2.834630,1.835348,0.999283,74103627961550722016319897600.0000,1.0000,1
4,4575,3.425067,2.425610,0.999457,12382956794439464276434354176.0000,1.0000,1
4,4576,6.238327,5.238578,0.999749,50241041683777163843357114368.0000,1.0000,1
4,4577,1.441057,0.444015,0.997041,307350511661520075859326664704.0000,1.0000,1
4,4578,3.588478,2.588986,0.999491,187856182850151870877350756352.0000,1.0000,1
4,4579,2.036963,1.038230,0.998733,84782812836735225649898192896.0000,1.0000,1
4,4580,6.164541,5.164796,0.999745,2375844498048812929326776320.0000,1.0000,1
4,4581,1.480824,0.483542,0.997283,510274337317942292885968781312.0000,1.0000,1
4,4582,4.293476,3.293875,0.999600,3877985831424161034950148096.0000,1.0000,1
4,4583,6.102613,5.102871,0.999742,33609569700742318579074990080.0000,1.0000,1
4,4584,1.479499,0.482224,0.997275,446807689017760194999323983872.0000,1.0000,1
4,4585,2.155672,1.156810,0.998862,54712207288632484322693087232.0000,1.0000,1
4,4586,3.970632,2.971076,0.999557,12433793424926591141812371456.0000,1.0000,1
4,4587,3.273513,2.274092,0.999421,5180679437264334947843309568.0000,1.0000,1
4,4588,3.133814,2.134431,0.999383,4158970264960195124394983424.0000,1.0000,1
4,4589,4.215731,3.216140,0.999591,6014153474523598079089704960.0000,1.0000,1
4,4590,2.638230,1.639033,0.999197,35768372309402707578616545280.0000,1.0000,1
4,4591,1.290688,0.295132,0.995556,1188911633264865267493072011264.0000,1.0000,1
4,4592,4.049697,3.050129,0.999568,8689206375358542113610399744.0000,1.0000,1
4,4593,1.606549,0.608709,0.997840,331074083282428927740586491904.0000,1.0000,1
4,4594,2.660639,1.661431,0.999208,12001122867783509217831288832.0000,1.0000,1
4,4595,1.861472,0.862996,0.998476,145305717455819314166507765760.0000,1.0000,1
4,4596,3.289327,2.289902,0.999425,11666586208112599085587890176.0000,1.0000,1
4,4597,5.843042,4.843314,0.999728,199232930690790994995052544.0000,1.0000,1
4,4598,1.706987,0.708843,0.998145,24158140899450270379623317504.0000,1.0000,1
4,4599,8.878781,7.878948,0.999833,32584188382864828466263490560.0000,1.0000,1
4,4600,1.660744,0.662729,0.998016,160454661238577588396099633152.0000,1.0000,1
4,4601,4.292158,3.292558,0.999600,230402483496314520731648.0000,1.0000,1
4,4602,3.606926,2.607431,0.999495,46166086721097525052242395136.0000,1.0000,1
4,4603,2.486629,1.487514,0.999115,90067270042998084132705140736.0000,1.0000,1
4,4604,3.866529,2.866989,0.999541,6495896742870009285359697920.0000,1.0000,1
4,4605,4.280299,3.280700,0.999599,24342987604239569379819257856.0000,1.0000,1
4,4606,1.306723,0.310943,0.995781,2342608458942743077845068677120.0000,1.0000,1
4,4607,3.483052,2.483582,0.999470,31593016706081406038833102848.0000,1.0000,1
4,4608,1.833753,0.835328,0.998425,118123666581069510303205556224.0000,1.0000,1
4,4609,6.371407,5.371652,0.999755,149204260834096665708980076544.0000,1.0000,1
4,4610,4.541203,3.541574,0.999628,43225242748426908414729256960.0000,1.0000,1
4,4611,8.023670,7.023858,0.999812,2262654506692045794703310848.0000,1.0000,1
4,4612,2.576273,1.577108,0.999165,28427628239706930845086384128.0000,1.0000,1
4,4613,2.298092,1.299105,0.998987,74055257424064143470884814848.0000,1.0000,1
4,4614,4.339595,3.339989,0.999606,21994873218652080304910499840.0000,1.0000,1
4,4615,5.605868,4.606154,0.999714,1214034705854655022378254336.0000,1.0000,1
4,4616,4.687466,3.687823,0.999643,92218200423910011150962524160.0000,1.0000,1
4,4617,1.784906,0.786578,0.998328,180930942923744384852269465600.0000,1.0000,1
4,4618,2.042239,1.043500,0.998739,92524183023219428577335312384.0000,1.0000,1
4,4619,3.013881,2.014534,0.999346,57143679602054192086164439040.0000,1.0000,1
4,4620,5.671751,4.672032,0.999718,7624303581984396264280686592.0000,1.0000,1
4,4621,1.279984,0.284592,0.995392,2291970305109586610684445065216.0000,1.0000,1
4,4622,1.184196,0.191046,0.993151,5807127455958971618150844465152.0000,1.0000,1
4,4623,4.128760,3.129181,0.999579,1106381049172129915686879232.0000,1.0000,1
4,4624,8.920944,7.921110,0.999834,44734988425252451496493056.0000,1.0000,1
4,4625,1.304052,0.308308,0.995745,1892541332370135599932176859136.0000,1.0000,1
4,4626,3.709715,2.710201,0.999514,14002970506586541047662247936.0000,1.0000,1
4,4627,1.714913,0.716748,0.998165,270412464813422531487073304576.0000,1.0000,1
4,4628,1.354712,0.358374,0.996337,1260005835299671215961442091008.0000,1.0000,1
4,4629,3.146994,2.147607,0.999387,104372216946978982198473916416.0000,1.0000,1
4,4630,5.453023,4.453319,0.999704,3487076925513628447724797952.0000,1.0000,1
4,4631,3.004655,2.005312,0.999343,79456505061259996887120871424.0000,1.0000,1
4,4632,4.871940,3.872280,0.999660,8937284391490851053940768768.0000,1.0000,1
4,4633,2.311277,1.312281,0.998997,49329424747729768963628859392.0000,1.0000,1
4,4634,4.692737,3.693093,0.999643,2827331427156583512635604992.0000,1.0000,1
4,4635,6.573000,5.573236,0.999764,139017751333532547621584896.0000,1.0000,1
4,4636,5.596645,4.596932,0.999713,3737881938658336393780002816.0000,1.0000,1
4,4637,3.320956,2.321524,0.999433,163992517391524989766067027968.0000,1.0000,1
4,4638,3.077143,2.077777,0.999366,301770547423481925845009825792.0000,1.0000,1
4,4639,2.663275,1.664066,0.999209,59047532351677830024197570560.0000,1.0000,1
4,4640,3.150948,2.151560,0.999388,12034074147520404601255755776.0000,1.0000,1
4,4641,4.788927,3.789274,0.999652,26806914491367349723842215936.0000,1.0000,1
4,4642,1.953847,0.955225,0.998623,44600137852659561607249002496.0000,1.0000,1
4,4643,1.049646,0.068514,0.981132,58143091899163222378628887085056.0000,1.0000,1
4,4644,5.060365,4.060689,0.999676,1316315786690935990899441664.0000,1.0000,1
4,4645,9.554698,8.554852,0.999846,1903837565653969857601863680.0000,1.0000,1
4,4646,4.671654,3.672012,0.999641,90238973966069527282649661440.0000,1.0000,1
4,4647,1.964403,0.965765,0.998638,111122748873599422456506875904.0000,1.0000,1
4,4648,4.108994,3.109418,0.999576,16822013066740034895641313280.0000,1.0000,1
4,4649,2.876808,1.877509,0.999299,41468508527503861481950150656.0000,1.0000,1
4,4650,5.849629,4.849901,0.999728,2979805099380965491964116992.0000,1.0000,1
4,4651,9.797131,8.797280,0.999850,498846378595091366675480576.0000,1.0000,1
4,4652,1.544380,0.546784,0.997596,802034585300680419507607437312.0000,1.0000,1
4,4653,4.195964,3.196376,0.999588,29645272427628012997078679552.0000,1.0000,1
4,4654,3.826997,2.827463,0.999534,17560023753915465398780690432.0000,1.0000,1
4,4655,4.555697,3.556068,0.999630,110649274352837346930165022720.0000,1.0000,1
4,4656,2.888671,1.889367,0.999303,52621087998289216174674673664.0000,1.0000,1
4,4657,2.759500,1.760247,0.999252,11420867140568693962713333760.0000,1.0000,1
4,4658,7.584915,6.585115,0.999800,5448138774013401890816.0000,1.0000,1
4,4659,2.280950,1.281977,0.998973,134521291790530679490226421760.0000,1.0000,1
4,4660,1.403898,0.407124,0.996774,1024713405648803164389136924672.0000,1.0000,1
4,4661,1.106152,0.117263,0.988889,34800080302501988277648336355328.0000,1.0000,1
4,4662,6.297620,5.297868,0.999751,282491881655055474245203132416.0000,1.0000,1
4,4663,4.941775,3.942110,0.999666,15928825387846954658524299264.0000,1.0000,1
4,4664,6.644151,5.644384,0.999767,2988334446594145601177255936.0000,1.0000,1
4,4665,4.202553,3.202964,0.999589,15841576746717458884198400000.0000,1.0000,1
4,4666,1.543057,0.545467,0.997590,202232646791081401437296525312.0000,1.0000,1
4,4667,8.798409,7.798578,0.999831,37803378162594209033825026048.0000,1.0000,1
4,4668,1.433098,0.436110,0.996988,1791271523093729165144169119744.0000,1.0000,1
4,4669,5.604551,4.604837,0.999714,7965174051396113692989849600.0000,1.0000,1
4,4670,1.474199,0.476954,0.997245,1535443518461462696149907406848.0000,1.0000,1
4,4671,1.255851,0.260876,0.994975,7165723097842791034136301666304.0000,1.0000,1
4,4672,4.203871,3.204282,0.999589,10716861927128816547866345472.0000,1.0000,1
4,4673,1.246445,0.251653,0.994792,5764518399550020158948657594368.0000,1.0000,1
4,4674,1.471549,0.474319,0.997230,1856567333212592237598279204864.0000,1.0000,1
4,4675,3.991716,2.992157,0.999560,369393896205017782681600.0000,1.0000,1
4,4676,1.865431,0.866949,0.998483,324774138564999847490678161408.0000,1.0000,1
4,4677,2.154353,1.155492,0.998861,75453928026691929419565498368.0000,1.0000,1
4,4678,1.582746,0.584993,0.997753,876890930915606843017463332864.0000,1.0000,1
4,4679,3.924511,2.924961,0.999550,100364124520792789186638774272.0000,1.0000,1
4,4680,4.513531,3.513906,0.999625,494518403543044978920571011072.0000,1.0000,1
4,4681,2.721274,1.722039,0.999235,57942388222660068000187547648.0000,1.0000,1
4,4682,3.460649,2.461184,0.999465,72741876693220840903916126208.0000,1.0000,1
4,4683,5.175001,4.175316,0.999685,14004059667765768365193297920.0000,1.0000,1
4,4684,4.538568,3.538939,0.999628,20745739898186472024591826944.0000,1.0000,1
4,4685,1.548350,0.550737,0.997613,1205159599219034537914517159936.0000,1.0000,1
4,4686,3.264287,2.264869,0.999419,200764255089545708169345368064.0000,1.0000,1
4,4687,2.429940,1.430860,0.999080,56334034364991338287766437888.0000,1.0000,1
4,4688,3.606927,2.607432,0.999495,754971215734092951626853646336.0000,1.0000,1
4,4689,1.854872,0.856408,0.998464,184766384666857633372306407424.0000,1.0000,1
4,4690,3.359175,2.359733,0.999442,32344807945099898486702211072.0000,1.0000,1
4,4691,3.402664,2.403212,0.999452,54540056584098429143751852032.0000,1.0000,1
4,4692,2.922939,1.923624,0.999316,56783190211794622480602103808.0000,1.0000,1
4,4693,3.052102,2.052744,0.999359,193759680263080653732446208.0000,1.0000,1
4,4694,3.212890,2.213485,0.999405,16241799647095734335896027136.0000,1.0000,1
4,4695,4.576780,3.577148,0.999632,3704836457580365589264728064.0000,1.0000,1
4,4696,9.382095,8.382253,0.999843,1897177307880406591184306176.0000,1.0000,1
4,4697,2.276994,1.278024,0.998970,106855790229111457293904379904.0000,1.0000,1
4,4698,6.435969,5.436211,0.999758,29450481336723197973757952.0000,1.0000,1
4,4699,4.628170,3.628532,0.999637,225569349084896801926686965760.0000,1.0000,1
4,4700,6.852332,5.852557,0.999775,10654854121105392101599739904.0000,1.0000,1
4,4701,4.078687,3.079115,0.999572,387790074522492995831525801984.0000,1.0000,1
4,4702,2.338967,1.339949,0.999018,411259143992894597972071809024.0000,1.0000,1
4,4703,2.889988,1.890685,0.999304,85056545034123270305490141184.0000,1.0000,1
4,4704,4.293476,3.293876,0.999600,10012131413237516937432399872.0000,1.0000,1
4,4705,5.516270,4.516562,0.999708,8112018855243819128400642048.0000,1.0000,1
4,4706,5.488599,4.488893,0.999707,18049082352982598170108231680.0000,1.0000,1
4,4707,1.314733,0.318848,0.995885,8570506941518185926905953255424.0000,1.0000,1
4,4708,2.481356,1.482244,0.999112,188806289482187625591516168192.0000,1.0000,1
4,4709,3.986446,2.986887,0.999559,22965814551440907654580404224.0000,1.0000,1
4,4710,4.616311,3.616675,0.999636,31037283351465929288005451776.0000,1.0000,1
4,4711,4.960223,3.960556,0.999667,823844121052599644775885307904.0000,1.0000,1
4,4712,11.766895,10.767017,0.999878,18752018408697747271443283968.0000,1.0000,1
4,4713,5.269871,4.270180,0.999692,369677491157180532229431885824.0000,1.0000,1
4,4714,2.178092,1.179208,0.998884,139221965980232396269707853824.0000,1.0000,1
4,4715,6.982774,5.982995,0.999780,13211518618097512361792372736.0000,1.0000,1
4,4716,1.312064,0.316213,0.995851,7981306068002969834343054180352.0000,1.0000,1
4,4717,1.486124,0.488812,0.997312,3150437043708218644304494592000.0000,1.0000,1
4,4718,2.581546,1.582378,0.999168,207598278714939446622093836288.0000,1.0000,1
4,4719,2.167542,1.168668,0.998874,289241345601050159842993373184.0000,1.0000,1
4,4720,4.636076,3.636438,0.999638,4733587670227435907880845312.0000,1.0000,1
4,4721,7.454473,6.454678,0.999796,55022202245992672553020162048.0000,1.0000,1
4,4722,5.758713,4.758990,0.999723,678042976937720300807844265984.0000,1.0000,1
4,4723,3.062646,2.063284,0.999362,64462323180439414272335806464.0000,1.0000,1
4,4724,5.010293,4.010622,0.999672,17638862050361220781414809600.0000,1.0000,1
4,4725,3.266923,2.267504,0.999419,95695145070782515909805211648.0000,1.0000,1
4,4726,4.492448,3.492826,0.999623,122750816704872552678754877440.0000,1.0000,1
4,4727,1.621092,0.623202,0.997890,1611701413861435731596311265280.0000,1.0000,1
4,4728,1.915581,0.917016,0.998565,384793606350152687566679179264.0000,1.0000,1
4,4729,2.271720,1.272754,0.998966,294798011171601173170855346176.0000,1.0000,1
4,4730,3.589795,2.590304,0.999492,133256485027858452400884940800.0000,1.0000,1
4,4731,3.450106,2.450644,0.999463,15612332244519079994617495552.0000,1.0000,1
4,4732,6.045955,5.046216,0.999739,25858884842084499076767809536.0000,1.0000,1
4,4733,2.436532,1.437448,0.999084,293781895479177760702466097152.0000,1.0000,1
4,4734,3.906062,2.906515,0.999547,710887445063173604715039555584.0000,1.0000,1
4,4735,1.218137,0.223984,0.994152,29429432341691301378232747556864.0000,1.0000,1
4,4736,3.373671,2.374226,0.999445,123772396916170869860915478528.0000,1.0000,1
4,4737,1.654137,0.656141,0.997996,454972384447808274353818173440.0000,1.0000,1
4,4738,1.421156,0.424252,0.996904,4459589376738078513789174546432.0000,1.0000,1
4,4739,4.800786,3.801132,0.999654,38741758321875321191720288256.0000,1.0000,1
4,4740,6.667868,5.668100,0.999768,23062941998229354037953691648.0000,1.0000,1
4,4741,3.000701,2.001359,0.999342,116145622484479791016974483456.0000,1.0000,1
4,4742,2.518269,1.519136,0.999133,181905871405361478129441308672.0000,1.0000,1
4,4743,2.585501,1.586331,0.999170,1030705232617608230290350669824.0000,1.0000,1
4,4744,2.829358,1.830078,0.999281,271946912364609500038842810368.0000,1.0000,1
4,4745,4.625535,3.625898,0.999637,51305028017507615031443849216.0000,1.0000,1
4,4746,1.813951,0.815564,0.998387,229831404318671813396777664512.0000,1.0000,1
4,4747,7.663970,6.664167,0.999802,2942347759901579493211373568.0000,1.0000,1
4,4748,9.085641,8.085804,0.999837,1471231623129266350689615872.0000,1.0000,1
4,4749,2.581546,1.582378,0.999168,1370631966033774995752821456896.0000,1.0000,1
4,4750,4.317194,3.317591,0.999603,19083713337528365739371659264.0000,1.0000,1
4,4751,2.369292,1.370253,0.999039,1123930299898622241406590124032.0000,1.0000,1
4,4752,3.805913,2.806382,0.999531,72789404800622711498975739904.0000,1.0000,1
4,4753,3.298553,2.299125,0.999427,93822187829451595324520923136.0000,1.0000,1
4,4754,1.072034,0.086959,0.985075,130181923244138683291258694139904.0000,1.0000,1
4,4755,4.815280,3.815625,0.999655,717947982254090044623237939200.0000,1.0000,1
4,4756,5.645398,4.645681,0.999716,35386205047704587875303555072.0000,1.0000,1
4,4757,3.181260,2.181863,0.999397,157326505137112452079080701952.0000,1.0000,1
4,4758,4.060239,3.060669,0.999570,697274766897428870318784512.0000,1.0000,1
4,4759,2.598683,1.599506,0.999177,303494547350130021592991793152.0000,1.0000,1
4,4760,4.914104,3.914441,0.999664,126834383233930924969684893696.0000,1.0000,1
4,4761,5.402954,4.403253,0.999701,7993639446656982059719852032.0000,1.0000,1
4,4762,6.824662,5.824888,0.999774,382965279924059486087821656064.0000,1.0000,1
4,4763,2.951935,1.952610,0.999326,51639993020764657746494619648.0000,1.0000,1
4,4764,2.085769,1.086980,0.998789,742098940292547439175309197312.0000,1.0000,1
4,4765,3.904745,2.905198,0.999547,140751307355325668930543943680.0000,1.0000,1
4,4766,2.200511,1.201606,0.998905,1040486823134822949584820502528.0000,1.0000,1
4,4767,6.729795,5.730024,0.999770,310505045349829285518868742144.0000,1.0000,1
4,4768,5.261965,4.262274,0.999691,41697986110903655579070234624.0000,1.0000,1
4,4769,3.556850,2.557365,0.999485,106241770540110332653228523520.0000,1.0000,1
4,4770,2.747637,1.748389,0.999247,196245258147013061510126632960.0000,1.0000,1
4,4771,6.123695,5.123952,0.999743,3886004781735168868811276288.0000,1.0000,1
4,4772,1.650172,0.652188,0.997984,630057346646714210235877163008.0000,1.0000,1
4,4773,3.268241,2.268821,0.999420,79174655054949595996433154048.0000,1.0000,1
4,4774,8.023670,7.023858,0.999812,5350171338587218101927936.0000,1.0000,1
4,4775,4.813962,3.814307,0.999655,63874073073876608821003026432.0000,1.0000,1
4,4776,3.601655,2.602162,0.999494,1191766746014445117693231104.0000,1.0000,1
4,4777,2.597365,1.598189,0.999176,182784953261824917612087214080.0000,1.0000,1
4,4778,3.991716,2.992156,0.999560,78768492715945831246619213824.0000,1.0000,1
4,4779,3.011245,2.011899,0.999346,275886450093470462412972883968.0000,1.0000,1
4,4780,2.042239,1.043500,0.998739,988524684296152438640161587200.0000,1.0000,1
4,4781,2.648775,1.649573,0.999202,131576358337630227928967020544.0000,1.0000,1
4,4782,3.164127,2.164735,0.999392,226419467626739010387706904576.0000,1.0000,1
4,4783,3.019153,2.019804,0.999348,249452420063669490820426235904.0000,1.0000,1
4,4784,2.088407,1.089615,0.998792,284762882664948372116105854976.0000,1.0000,1
4,4785,2.543317,1.544169,0.999147,119845366982710356303409053696.0000,1.0000,1
4,4786,4.020707,3.021142,0.999564,658398564298089444120121573376.0000,1.0000,1
4,4787,2.748955,1.749707,0.999248,1140966803065916113992516894720.0000,1.0000,1
4,4788,2.506404,1.507278,0.999127,106760858835273312386408251392.0000,1.0000,1
4,4789,6.330560,5.330807,0.999753,4682814171798482742021193728.0000,1.0000,1
4,4790,1.561581,0.563912,0.997669,6676298583456940427071224545280.0000,1.0000,1
4,4791,4.538568,3.538939,0.999628,51114028234186873205554151424.0000,1.0000,1
4,4792,3.237930,2.238518,0.999412,562595414396344747578196230144.0000,1.0000,1
4,4793,2.253259,1.254308,0.998951,256567396092433834457079742464.0000,1.0000,1
4,4794,1.592003,0.594216,0.997788,5124299101899134188160030867456.0000,1.0000,1
4,4795,1.364026,0.367597,0.996429,20959529929753152714485549498368.0000,1.0000,1
4,4796,1.158138,0.166012,0.992126,96554689585782887075916300681216.0000,1.0000,1
4,4797,1.963083,0.964447,0.998636,363780811289213431649147027456.0000,1.0000,1
4,4798,2.825404,1.826125,0.999279,168022227915987837565571956736.0000,1.0000,1
4,4799,3.417160,2.417705,0.999455,238770841487752195516508667904.0000,1.0000,1
4,4800,3.413207,2.413752,0.999454,189811160362682691742546788352.0000,1.0000,1
4,4801,2.775317,1.776058,0.999259,100094469431916751889847287808.0000,1.0000,1
4,4802,1.415847,0.418982,0.996865,11192047338403210241536419692544.0000,1.0000,1
4,4803,1.623736,0.625837,0.997899,3522112928502388400869716525056.0000,1.0000,1
4,4804,3.546308,2.546825,0.999483,744395858431963799677959143424.0000,1.0000,1
4,4805,2.312596,1.313598,0.998998,179917988799444910617491668992.0000,1.0000,1
4,4806,2.731819,1.732579,0.999240,322191759759839615446073475072.0000,1.0000,1
4,4807,1.068940,0.084324,0.984615,391120968366853981339011472424960.0000,1.0000,1
4,4808,4.174881,3.175296,0.999585,16796485676753309553039245312.0000,1.0000,1
4,4809,1.014068,0.043480,0.970588,1393784908798684477940305649205248.0000,1.0000,1
4,4810,2.574955,1.575791,0.999165,83630558749356622793572089856.0000,1.0000,1
4,4811,4.159069,3.159485,0.999583,106203571528985438913313112064.0000,1.0000,1
4,4812,3.953501,2.953947,0.999554,66361328095570649849656246272.0000,1.0000,1
4,4813,12.765608,11.765719,0.999888,12004864743676221866477879296.0000,1.0000,1
4,4814,3.515998,2.516521,0.999477,787836482654856703443728334848.0000,1.0000,1
4,4815,1.182832,0.189728,0.993103,95617793555119796342955578490880.0000,1.0000,1
4,4816,3.446152,2.446691,0.999462,80546225067829909420895109120.0000,1.0000,1
4,4817,1.167772,0.175235,0.992537,120831018587373232537153918992384.0000,1.0000,1
4,4818,3.577935,2.578446,0.999489,2053164619229239169266630000640.0000,1.0000,1
4,4819,2.253259,1.254308,0.998951,978111832321979781341817864192.0000,1.0000,1
4,4820,5.284365,4.284673,0.999693,3068964777887390310374309888.0000,1.0000,1
4,4821,2.494539,1.495420,0.999120,1192855018203080464887921508352.0000,1.0000,1
4,4822,1.837713,0.839280,0.998433,1216082292057599074280079884288.0000,1.0000,1
4,4823,2.007940,1.009244,0.998696,2351822696394501213687887429632.0000,1.0000,1
4,4824,2.292817,1.293835,0.998983,985864674118356129499884552192.0000,1.0000,1
4,4825,1.574810,0.577088,0.997722,6726601128530282182004462059520.0000,1.0000,1
4,4826,2.921621,1.922306,0.999315,638209887079753825371094515712.0000,1.0000,1
4,4827,3.937689,2.938137,0.999552,217650838688768180928148144128.0000,1.0000,1
4,4828,2.925575,1.926259,0.999316,3312210508314087226556712747008.0000,1.0000,1
4,4829,3.642508,2.643006,0.999502,221804916631749449441739800576.0000,1.0000,1
4,4830,2.428622,1.429542,0.999079,541815955363379433638645989376.0000,1.0000,1
4,4831,3.357857,2.358415,0.999442,4510495033314525624460640256.0000,1.0000,1
4,4832,4.327736,3.328132,0.999604,800167129848941761221237932032.0000,1.0000,1
4,4833,2.953254,1.953927,0.999326,385203665889820999941556797440.0000,1.0000,1
4,4834,7.416264,6.416469,0.999795,7274838223532886873595707392.0000,1.0000,1
4,4835,3.886296,2.886752,0.999544,999723402195671814407274364928.0000,1.0000,1
4,4836,4.253944,3.254349,0.999595,52420648729840312007360774144.0000,1.0000,1
4,4837,1.184196,0.191046,0.993151,65203498939768561473553399021568.0000,1.0000,1
4,4838,3.297235,2.297808,0.999427,6216702219458419327141842780160.0000,1.0000,1
4,4839,2.062026,1.063264,0.998762,2905313790372599120197670928384.0000,1.0000,1
4,4840,5.271189,4.271497,0.999692,124652729970063463924392525824.0000,1.0000,1
4,4841,3.521269,2.521791,0.999478,3644502384808239098946668986368.0000,1.0000,1
4,4842,1.882589,0.884077,0.998512,3041251513738302255847677362176.0000,1.0000,1
4,4843,2.003983,1.005291,0.998691,4843077457940334474085221269504.0000,1.0000,1
4,4844,5.037965,4.038291,0.999674,67398853513735199778953756672.0000,1.0000,1
4,4845,4.803421,3.803767,0.999654,90964480168829932116612481024.0000,1.0000,1
4,4846,5.168412,4.168728,0.999684,7062216039588113884729311232.0000,1.0000,1
4,4847,6.267315,5.267565,0.999750,312402865121759951784291336192.0000,1.0000,1
4,4848,3.725528,2.726011,0.999517,813906845836096480809423208448.0000,1.0000,1
4,4849,5.895747,4.896016,0.999731,464978710963056212756668612608.0000,1.0000,1
4,4850,1.578778,0.581040,0.997738,16650508287666938929008491888640.0000,1.0000,1
4,4851,2.540680,1.541534,0.999146,876228641897462432612355145728.0000,1.0000,1
4,4852,6.160588,5.160843,0.999745,230862087178928667287971954688.0000,1.0000,1
4,4853,1.390615,0.393948,0.996667,37392012769748741634264305500160.0000,1.0000,1
4,4854,8.202863,7.203046,0.999817,8146537047189221034292150272.0000,1.0000,1
4,4855,2.895260,1.895955,0.999306,1157366688047355892385779286016.0000,1.0000,1
4,4856,2.287543,1.288565,0.998979,1283561182576527654661927206912.0000,1.0000,1
4,4857,1.165024,0.172600,0.992424,170817314290686227701199628402688.0000,1.0000,1
4,4858,5.434577,4.434874,0.999703,227502224324539419863076044800.0000,1.0000,1
4,4859,3.899473,2.899928,0.999546,2952267688827952594548108034048.0000,1.0000,1
4,4860,1.301381,0.305672,0.995708,36891898056976954425905499865088.0000,1.0000,1
4,4861,5.192130,4.192444,0.999686,1118108032673861307639154081792.0000,1.0000,1
4,4862,2.431258,1.432178,0.999081,1115582936649326380767502139392.0000,1.0000,1
4,4863,3.695219,2.695708,0.999511,13708277355530856612147434094592.0000,1.0000,1
4,4864,1.911622,0.913063,0.998559,6900070877986044911315398426624.0000,1.0000,1
4,4865,1.873350,0.874854,0.998496,17518148666512659780365975552.0000,1.0000,1
4,4866,3.678088,2.678580,0.999508,2891309581968956605874569216.0000,1.0000,1
4,4867,3.372353,2.372908,0.999445,1374408738923841377332625408.0000,1.0000,1
4,4868,1.889187,0.890665,0.998523,3423283740056664421307934310400.0000,1.0000,1
4,4869,2.957207,1.957880,0.999327,1726639456831050743105974173696.0000,1.0000,1
4,4870,3.201029,2.201627,0.999402,154830551359465531138168061952.0000,1.0000,1
4,4871,5.421400,4.421698,0.999702,1343920562901349270663725056.0000,1.0000,1
4,4872,4.574145,3.574513,0.999632,4723802932051358337129716383744.0000,1.0000,1
4,4873,5.131518,4.131837,0.999681,543631826995617297044311375872.0000,1.0000,1
4,4874,3.380260,2.380813,0.999447,4393735996628322225114528612352.0000,1.0000,1
4,4875,3.390803,2.391354,0.999449,253227169641191611491336323072.0000,1.0000,1
4,4876,2.797724,1.798457,0.999268,4626105782024563709350495911936.0000,1.0000,1
4,4877,8.772057,7.772226,0.999830,1255501087701169289806252867584.0000,1.0000,1
4,4878,2.203148,1.204241,0.998907,783792160960176917113703759872.0000,1.0000,1
4,4879,6.055179,5.055439,0.999739,17244820605626982312821391360.0000,1.0000,1
4,4880,4.240767,3.241173,0.999594,320101185640783983664082976768.0000,1.0000,1
4,4881,2.209742,1.210829,0.998913,1603169732638939990341581799424.0000,1.0000,1
4,4882,5.831183,4.831456,0.999727,606689249822607908930098036736.0000,1.0000,1
4,4883,4.601817,3.602182,0.999634,162404244638552146288536715264.0000,1.0000,1
4,4884,3.763744,2.764220,0.999524,416000266395376937026084405248.0000,1.0000,1
4,4885,1.642242,0.644283,0.997959,12913622267019310688707742269440.0000,1.0000,1
4,4886,1.387958,0.391313,0.996644,26906670425225638270177950826496.0000,1.0000,1
4,4887,2.226886,1.227957,0.998928,3597191567878966239294750982144.0000,1.0000,1
4,4888,3.521269,2.521791,0.999478,222825855978595573781747466240.0000,1.0000,1
4,4889,2.176773,1.177890,0.998883,4427616527626419900535745282048.0000,1.0000,1
4,4890,5.850948,4.851219,0.999729,188204777795815776535336452096.0000,1.0000,1
4,4891,4.775750,3.776098,0.999651,6161156201810503664952405917696.0000,1.0000,1
4,4892,1.978916,0.980258,0.998658,5653235082915509878097283383296.0000,1.0000,1
4,4893,1.580101,0.582358,0.997743,26838843580854522431541639905280.0000,1.0000,1
4,4894,2.878126,1.878827,0.999299,755134334695822977966324842496.0000,1.0000,1
4,4895,2.333693,1.334679,0.999014,2274079555135985603252158726144.0000,1.0000,1
4,4896,7.433392,6.433597,0.999795,4434899804746201274005848064000.0000,1.0000,1
4,4897,2.412801,1.413732,0.999069,1196633358608241433504049528832.0000,1.0000,1
4,4898,7.024938,6.025156,0.999781,80532868935403954068244135936.0000,1.0000,1
4,4899,5.596646,4.596932,0.999713,539847510561084629034249224192.0000,1.0000,1
4,4900,2.399616,1.400556,0.999060,1834173442426327004091976253440.0000,1.0000,1
4,4901,2.104235,1.105425,0.998810,2703622746582127319615090458624.0000,1.0000,1
4,4902,1.564227,0.566547,0.997680,8708120916759312545195499716608.0000,1.0000,1
4,4903,2.545953,1.546804,0.999149,667947202030996218101001879552.0000,1.0000,1
4,4904,8.017083,7.017271,0.999812,27026367520239933069534953472.0000,1.0000,1
4,4905,2.630320,1.631127,0.999193,1678161651132598262442749853696.0000,1.0000,1
4,4906,5.541305,4.541595,0.999710,205761571294742168342248816640.0000,1.0000,1
4,4907,7.287138,6.287348,0.999790,26802336447572803744759283712.0000,1.0000,1
4,4908,3.288009,2.288585,0.999425,581486165268505711620458020864.0000,1.0000,1
4,4909,2.690957,1.691735,0.999222,2195039063263606797723368423424.0000,1.0000,1
4,4910,1.500694,0.503305,0.997389,32852294807688336170776730271744.0000,1.0000,1
4,4911,2.416756,1.417684,0.999071,8411633796496934400156592242688.0000,1.0000,1
4,4912,3.164127,2.164735,0.999392,322640934196456270779604008960.0000,1.0000,1
4,4913,7.204130,6.204342,0.999788,27448559781569384926769315840.0000,1.0000,1
4,4914,2.328418,1.329409,0.999010,825930213896401306391188340736.0000,1.0000,1
4,4915,3.143040,2.143655,0.999386,608969652440438158853526257664.0000,1.0000,1
4,4916,4.550426,3.550797,0.999629,575253380765711718039014080512.0000,1.0000,1
4,4917,4.667701,3.668060,0.999641,531259056421022223904186302464.0000,1.0000,1
4,4918,2.875490,1.876192,0.999298,986123963968770987005260595200.0000,1.0000,1
4,4919,1.725480,0.727288,0.998192,13466094021545555921087825444864.0000,1.0000,1
4,4920,2.320508,1.321503,0.999004,2333095980763398997199749644288.0000,1.0000,1
4,4921,3.523904,2.524426,0.999478,889649155275417898284564348928.0000,1.0000,1
4,4922,1.774343,0.776038,0.998305,3944333670414728881831478820864.0000,1.0000,1
4,4923,4.516167,3.516541,0.999625,229898682993077106509906706432.0000,1.0000,1
4,4924,3.650414,2.650911,0.999503,484008238220165178616170151936.0000,1.0000,1
4,4925,2.704138,1.704911,0.999228,3448331352644915154764582354944.0000,1.0000,1
4,4926,1.783586,0.785261,0.998325,8248708072955389320179264520192.0000,1.0000,1
4,4927,1.853552,0.855091,0.998462,8790955715214013871918633975808.0000,1.0000,1
4,4928,4.404163,3.404550,0.999613,16007463362594473255386572914688.0000,1.0000,1
4,4929,4.671653,3.672012,0.999641,437779113945066744113369448448.0000,1.0000,1
4,4930,5.422718,4.423016,0.999702,6762387682527495359696063168512.0000,1.0000,1
4,4931,2.080492,1.081709,0.998783,2826083659301002472818135269376.0000,1.0000,1
4,4932,5.305448,4.305754,0.999694,84612894484464564583792640.0000,1.0000,1
4,4933,7.650794,6.650992,0.999802,29556638151398680611935748096.0000,1.0000,1
4,4934,1.745291,0.747052,0.998239,16695783930941711381831348125696.0000,1.0000,1
4,4935,2.889988,1.890685,0.999304,329278973249837029477679366144.0000,1.0000,1
4,4936,5.193448,4.193762,0.999686,3658885952698898690832890593280.0000,1.0000,1
4,4937,4.369903,3.370293,0.999609,1128327143549156961107836928.0000,1.0000,1
4,4938,4.144574,3.144992,0.999581,622427691151170304013678673920.0000,1.0000,1
4,4939,3.977221,2.977663,0.999558,4092141330239054255159452368896.0000,1.0000,1
4,4940,4.251309,3.251714,0.999595,658774198273230827482060423168.0000,1.0000,1
4,4941,1.845633,0.847186,0.998447,6876274595655306787059769802752.0000,1.0000,1
4,4942,4.885116,3.885455,0.999661,436656679598793064396175179776.0000,1.0000,1
4,4943,3.008609,2.009264,0.999345,1157956800524324720160186302464.0000,1.0000,1
4,4944,2.712047,1.712816,0.999231,2822380047752872177496951357440.0000,1.0000,1
4,4945,1.394601,0.397901,0.996700,50510538392476669231482502381568.0000,1.0000,1
4,4946,6.018285,5.018547,0.999738,3110782996755209193661845733376.0000,1.0000,1
4,4947,2.453671,1.454576,0.999095,2162596767434917190601388589056.0000,1.0000,1
4,4948,4.205189,3.205600,0.999589,860680041530185289217458831360.0000,1.0000,1
5,4949,3.952184,2.952630,0.999554,13557261756881006346073276416.0000,1.0000,1
5,4950,1.107592,0.118580,0.989011,827246261336708424436674151317504.0000,1.0000,1
5,4951,4.974717,3.975049,0.999669,34872474546228148368834560.0000,1.0000,1
5,4952,3.626694,2.627195,0.999499,1895757043460073550096891904.0000,1.0000,1
5,4953,1.662066,0.664046,0.998020,17123284453230195512977267884032.0000,1.0000,1
5,4954,1.922179,0.923603,0.998576,17401768977677466458904816779264.0000,1.0000,1
5,4955,2.403572,1.404509,0.999063,11991709985770218607475368656896.0000,1.0000,1
5,4956,2.308640,1.309645,0.998995,5482064251222346455612481601536.0000,1.0000,1
5,4957,1.613160,0.615297,0.997863,10356670250182117783289458589696.0000,1.0000,1
5,4958,3.231340,2.231930,0.999410,983042623575558082514179325952.0000,1.0000,1
5,4959,4.787609,3.787956,0.999652,129909867336497393349655789568.0000,1.0000,1
5,4960,1.993428,0.994751,0.998677,10904591968792092452640954253312.0000,1.0000,1
5,4961,1.344061,0.347834,0.996226,109579592732235681779992529731584.0000,1.0000,1
5,4962,2.333693,1.334679,0.999014,25493383428298866383689353265152.0000,1.0000,1
5,4963,4.041790,3.042223,0.999567,272889842550673245871276032.0000,1.0000,1
5,4964,5.763984,4.764260,0.999724,2241008019326929558953158246400.0000,1.0000,1
5,4965,2.777953,1.778693,0.999260,747502022354430481749076082688.0000,1.0000,1
5,4966,4.112948,3.113371,0.999577,309214634686552982208282361856.0000,1.0000,1
5,4967,2.932165,1.932846,0.999319,2561189696451263885874768642048.0000,1.0000,1
5,4968,1.324071,0.328071,0.996000,174513944164407120429612366036992.0000,1.0000,1
5,4969,4.994482,3.994812,0.999670,7700102503632664762608686989312.0000,1.0000,1
5,4970,2.015856,1.017149,0.998706,15588795958816354225614112161792.0000,1.0000,1
5,4971,4.545156,3.545527,0.999629,17449089767019750666096607232.0000,1.0000,1
5,4972,2.531452,1.532311,0.999141,5695947932348507254682793541632.0000,1.0000,1
5,4973,4.022024,3.022460,0.999564,1410260438213560200270262042624.0000,1.0000,1
5,4974,2.727865,1.728626,0.999238,5065934341487943248654991622144.0000,1.0000,1
5,4975,3.542354,2.542872,0.999482,7727753547155485155218532859904.0000,1.0000,1
5,4976,2.696229,1.697005,0.999224,2274023436936679062532582801408.0000,1.0000,1
5,4977,4.288204,3.288605,0.999600,917909667187617070432491929600.0000,1.0000,1
5,4978,1.699061,0.700937,0.998124,23094384187887117424693461647360.0000,1.0000,1
5,4979,4.451600,3.451981,0.999618,7559837888523285254303364677632.0000,1.0000,1
5,4980,3.233976,2.234565,0.999411,26770780259909323215339520.0000,1.0000,1
5,4981,2.589456,1.590284,0.999172,5917123252333205709406316003328.0000,1.0000,1
5,4982,1.656780,0.658776,0.998004,36141967117215007309105498947584.0000,1.0000,1
5,4983,1.634311,0.636378,0.997934,34863353131949177419025736531968.0000,1.0000,1
5,4984,2.777953,1.778693,0.999260,1605087246185340964516583702528.0000,1.0000,1
5,4985,2.982249,1.982913,0.999336,10835251019911657369637113298944.0000,1.0000,1
5,4986,4.737537,3.737890,0.999648,2012387125853929914002667732992.0000,1.0000,1
5,4987,1.141506,0.150202,0.991304,558531906536916753397438042079232.0000,1.0000,1
5,4988,4.147209,3.147627,0.999582,888122511312091895606179528704.0000,1.0000,1
5,4989,2.859674,1.860381,0.999292,2179888686906176873237967798272.0000,1.0000,1
5,4990,2.755545,1.756295,0.999250,2781412180250185352760837275648.0000,1.0000,1
5,4991,3.944277,2.944725,0.999553,606729011092665828037860786176.0000,1.0000,1
5,4992,3.282738,2.283315,0.999423,915587917320442596409596706816.0000,1.0000,1
5,4993,1.908983,0.910428,0.998555,11969256312672361433684366065664.0000,1.0000,1
5,4994,2.652730,1.653526,0.999204,4664379465811050338954722148352.0000,1.0000,1
5,4995,3.152266,2.152877,0.999388,1768386102352816252367581216768.0000,1.0000,1
5,4996,5.703373,4.703653,0.999720,458341587599949599193090228224.0000,1.0000,1
5,4997,1.872030,0.873536,0.998494,15836252249911600491334532595712.0000,1.0000,1
5,4998,2.171498,1.172620,0.998878,6616789833260908674083083780096.0000,1.0000,1
5,4999,2.692275,1.693052,0.999222,6630266303877626938297474351104.0000,1.0000,1
5,5000,2.208423,1.209512,0.998912,8819477256727898988193821753344.0000,1.0000,1
5,5001,2.435214,1.436130,0.999083,7270106557665645056824715509760.0000,1.0000,1
5,5002,2.571000,1.571838,0.999162,15809202378489453605680658251776.0000,1.0000,1
5,5003,4.369903,3.370293,0.999609,28980109427098591843173007360.0000,1.0000,1
5,5004,3.808548,2.809017,0.999531,1472729892570087195275476074496.0000,1.0000,1
5,5005,2.092364,1.093567,0.998797,12458321091892892582189394296832.0000,1.0000,1
5,5006,1.770382,0.772085,0.998296,31996281911133415743336816312320.0000,1.0000,1
5,5007,4.658476,3.658836,0.999640,658096841048223185053107093504.0000,1.0000,1
5,5008,3.962726,2.963170,0.999556,336730343415154548560254468096.0000,1.0000,1
5,5009,2.831994,1.832713,0.999282,45592522377562336016962408153088.0000,1.0000,1
5,5010,5.288319,4.288626,0.999693,449899832225979629362680430592.0000,1.0000,1
5,5011,1.769061,0.770768,0.998294,13820389083874913292210948538368.0000,1.0000,1
5,5012,1.688492,0.690397,0.998095,19786726771965418945347367993344.0000,1.0000,1
5,5013,5.243518,4.243829,0.999690,9061816175824293299439609577472.0000,1.0000,1
5,5014,3.108774,2.109398,0.999376,2381765699147679343138144518144.0000,1.0000,1
5,5015,1.441057,0.444015,0.997041,105702496504383026532495048835072.0000,1.0000,1
5,5016,4.292158,3.292558,0.999600,1000626870284871225808575791104.0000,1.0000,1
5,5017,3.265606,2.266187,0.999419,1094158154533682739528033370112.0000,1.0000,1
5,5018,5.671751,4.672032,0.999718,8492064603775257115591832502272.0000,1.0000,1
5,5019,2.727865,1.728626,0.999238,3469564905680201586046121541632.0000,1.0000,1
5,5020,2.113467,1.114648,0.998819,19786500127241290244906763157504.0000,1.0000,1
5,5021,2.307322,1.308328,0.998994,4458725727656446935116395053056.0000,1.0000,1
5,5022,4.737537,3.737890,0.999648,571969718456266125483272306688.0000,1.0000,1
5,5023,7.483460,6.483663,0.999797,268414894470004733526367272960.0000,1.0000,1
5,5024,4.688783,3.689140,0.999643,539092119773985345945638797312.0000,1.0000,1
5,5025,2.858356,1.859064,0.999292,1962578531563250018131696943104.0000,1.0000,1
5,5026,5.475423,4.475717,0.999706,950228764835918193193727819776.0000,1.0000,1
5,5027,1.902385,0.903840,0.998544,15787153635403227910498601140224.0000,1.0000,1
5,5028,1.970999,0.972353,0.998647,17840316362014569914972202074112.0000,1.0000,1
5,5029,2.067302,1.068534,0.998768,23890695773211018619720067710976.0000,1.0000,1
5,5030,2.112149,1.113330,0.998818,4082447899695966059848483733504.0000,1.0000,1
5,5031,5.849630,4.849902,0.999728,1759915378633243493205826076672.0000,1.0000,1
5,5032,3.245837,2.246423,0.999414,1753079025723606767579879702528.0000,1.0000,1
5,5033,2.029048,1.030325,0.998723,25441873968021037985839783608320.0000,1.0000,1
5,5034,3.697855,2.698343,0.999512,27244049091385984013692687089664.0000,1.0000,1
5,5035,2.730501,1.731261,0.999240,4273394460671773776059721318400.0000,1.0000,1
5,5036,2.667230,1.668019,0.999211,11113793149961867052205884833792.0000,1.0000,1
5,5037,3.807230,2.807699,0.999531,854046891742676812878447640576.0000,1.0000,1
5,5038,1.361365,0.364962,0.996403,310643519157490299227014785138688.0000,1.0000,1
5,5039,9.675915,8.676066,0.999848,60327520645569698343560413184.0000,1.0000,1
5,5040,4.431834,3.432218,0.999616,373629241027035895945741991936.0000,1.0000,1
5,5041,1.955167,0.956542,0.998625,29602571473437204478316339265536.0000,1.0000,1
5,5042,1.521879,0.524386,0.997494,85590823393286065517087709724672.0000,1.0000,1
5,5043,2.009260,1.010562,0.998698,21713767890075274629035977605120.0000,1.0000,1
5,5044,7.318761,6.318969,0.999792,7116107559720648359281898291200.0000,1.0000,1
5,5045,3.848081,2.848544,0.999538,14967319156750414353278231904256.0000,1.0000,1
5,5046,3.539719,2.540237,0.999482,51638407941749847495642892468224.0000,1.0000,1
5,5047,3.228704,2.229295,0.999409,904775533599347755965009100800.0000,1.0000,1
5,5048,1.779624,0.781308,0.998317,6562648065637488201891433152512.0000,1.0000,1
5,5049,3.403981,2.404529,0.999452,71815660674705173394952814592.0000,1.0000,1
5,5050,4.173563,3.173979,0.999585,12637155592921852455416045240320.0000,1.0000,1
5,5051,3.745295,2.745775,0.999520,3463085893460671536797677780992.0000,1.0000,1
5,5052,3.183896,2.184498,0.999397,3091384554565322275057496489984.0000,1.0000,1
5,5053,2.588137,1.588966,0.999171,21695414051611723743567552708608.0000,1.0000,1
5,5054,2.228204,1.229275,0.998929,8189128913678787793939171639296.0000,1.0000,1
5,5055,3.038922,2.039568,0.999354,7425090101990208419156375633920.0000,1.0000,1
5,5056,2.725228,1.725991,0.999237,4233980767492345174219961663488.0000,1.0000,1
5,5057,6.027510,5.027771,0.999738,1790347449732592608499984236544.0000,1.0000,1
5,5058,2.127975,1.129141,0.998834,33984012835609219095043959160832.0000,1.0000,1
5,5059,6.329243,5.329490,0.999753,3782657398393853127488593461248.0000,1.0000,1
5,5060,1.693777,0.695667,0.998110,42484080127429990538959950708736.0000,1.0000,1
5,5061,1.357373,0.361010,0.996364,349448278494458139754279481638912.0000,1.0000,1
5,5062,2.808269,1.808997,0.999272,3274947777513103396369346854912.0000,1.0000,1
5,5063,5.008976,4.009305,0.999671,57168562436092929817009234903040.0000,1.0000,1
5,5064,5.574245,4.574533,0.999712,44309493455624993743021069565952.0000,1.0000,1
5,5065,3.327546,2.328111,0.999434,68191787672227618955889467195392.0000,1.0000,1
5,5066,1.742650,0.744417,0.998233,45189192513592026482478472495104.0000,1.0000,1
5,5067,1.709630,0.711478,0.998152,36025827572974768598008119427072.0000,1.0000,1
5,5068,4.268439,3.268842,0.999597,1254762541380784730804884340736.0000,1.0000,1
5,5069,1.389286,0.392631,0.996656,312481699494830240341074961760256.0000,1.0000,1
5,5070,5.059047,4.059371,0.999676,20320203980384738966573770866688.0000,1.0000,1
5,5071,1.078145,0.092229,0.985915,5057004888741021244438964892336128.0000,1.0000,1
5,5072,4.583369,3.583736,0.999632,636956743909463039633430413312.0000,1.0000,1
5,5073,9.496724,8.496880,0.999845,2839710049635522192168976384.0000,1.0000,1
5,5074,6.620434,5.620668,0.999766,992183726960123889971663732736.0000,1.0000,1
5,5075,2.466855,1.467752,0.999103,11934896812541298187271833387008.0000,1.0000,1
5,5076,1.811311,0.812929,0.998382,72700342596488257781588411023360.0000,1.0000,1
5,5077,4.309288,3.309686,0.999602,7324456871732141164445747380224.0000,1.0000,1
5,5078,1.852232,0.853773,0.998459,30831012470958907897677940260864.0000,1.0000,1
5,5079,6.333195,5.333442,0.999753,7842822160258488911625210298368.0000,1.0000,1
5,5080,2.723910,1.724674,0.999237,20941333123782918982661151129600.0000,1.0000,1
5,5081,7.665288,6.665485,0.999802,1627607686826250210999760060416.0000,1.0000,1
5,5082,3.451424,2.451961,0.999463,4458587539090118742562222112768.0000,1.0000,1
5,5083,2.799042,1.799774,0.999268,1014014616387839644307342491648.0000,1.0000,1
5,5084,4.560968,3.561338,0.999630,1924192960917566728417325350912.0000,1.0000,1
5,5085,1.601260,0.603439,0.997821,128963791542782418678429186523136.0000,1.0000,1
5,5086,8.038165,7.038352,0.999813,1021799694164620883137189117952.0000,1.0000,1
5,5087,5.462246,4.462542,0.999705,129828899429426707054079246336.0000,1.0000,1
5,5088,2.903169,1.903860,0.999308,9646182810996745258980840833024.0000,1.0000,1
5,5089,3.862577,2.863037,0.999540,4997491693051840485318446809088.0000,1.0000,1
5,5090,4.467412,3.467792,0.999620,23380466751411402266323294617600.0000,1.0000,1
5,5091,3.659639,2.660134,0.999505,130237322987994591330903785472.0000,1.0000,1
5,5092,3.143040,2.143655,0.999386,8841964340038706414570161831936.0000,1.0000,1
5,5093,5.846994,4.847266,0.999728,1016200466748462548620907905024.0000,1.0000,1
5,5094,8.104044,7.104229,0.999815,240000280356374331646636195840.0000,1.0000,1
5,5095,3.817773,2.818240,0.999533,24591434430694290778149613469696.0000,1.0000,1
5,5096,3.178624,2.179228,0.999396,8624180840363428584282927398912.0000,1.0000,1
5,5097,2.489266,1.490150,0.999117,5545581734069922610875671248896.0000,1.0000,1
5,5098,2.571000,1.571838,0.999162,1576472896817173506261346418688.0000,1.0000,1
5,5099,5.109118,4.109439,0.999680,22344832630525532801736942551040.0000,1.0000,1
5,5100,4.269757,3.270159,0.999597,8248732025384705473491316506624.0000,1.0000,1
5,5101,2.429940,1.430860,0.999080,15929753805928994786263097671680.0000,1.0000,1
5,5102,4.823185,3.823530,0.999656,46973852464528757036167462912.0000,1.0000,1
5,5103,2.035644,1.036913,0.998731,35627211957772774875851728617472.0000,1.0000,1
5,5104,5.048506,4.048831,0.999675,1788711718906095197764028727296.0000,1.0000,1
5,5105,3.535765,2.536284,0.999481,3465627454778534506390758621184.0000,1.0000,1
5,5106,5.567657,4.567945,0.999712,1278008554835548153095412252672.0000,1.0000,1
5,5107,3.660957,2.661451,0.999505,173159130572540281713709809664.0000,1.0000,1
5,5108,1.862792,0.864314,0.998478,10841603313268763357975106551808.0000,1.0000,1
5,5109,2.129294,1.130459,0.998836,38107263722674571236528239935488.0000,1.0000,1
5,5110,2.918985,1.919671,0.999314,12327826972568093074322874171392.0000,1.0000,1
5,5111,2.470809,1.471704,0.999106,15804937741029073902729093447680.0000,1.0000,1
5,5112,2.947981,1.948657,0.999324,10285882101607729340473088671744.0000,1.0000,1
5,5113,5.997203,4.997467,0.999736,6243494697308483943742585176064.0000,1.0000,1
5,5114,2.643502,1.644303,0.999199,8186892256342318487356479373312.0000,1.0000,1
5,5115,1.894466,0.895935,0.998532,27126950264494910727418351190016.0000,1.0000,1
5,5116,6.285761,5.286011,0.999751,834955292841447498181987270656.0000,1.0000,1
5,5117,1.308059,0.312260,0.995798,866231009083344049937290054598656.0000,1.0000,1
5,5118,2.451034,1.451941,0.999093,16505057299937553338721997160448.0000,1.0000,1
5,5119,5.039283,4.039609,0.999674,29656911677329781890878269292544.0000,1.0000,1
5,5120,1.508640,0.511210,0.997429,188269289610778944032159303729152.0000,1.0000,1
5,5121,2.664593,1.665384,0.999209,9039163479980275864403164790784.0000,1.0000,1
5,5122,1.969680,0.971035,0.998645,33702306570191673146459933376512.0000,1.0000,1
5,5123,1.455643,0.458508,0.997135,9658921700799147879413518958592.0000,1.0000,1
5,5124,3.173352,2.173958,0.999394,4086686825009993782728394276864.0000,1.0000,1
5,5125,3.659639,2.660134,0.999505,852824642161558346543398912.0000,1.0000,1
5,5126,7.150109,6.150323,0.999786,1804729407197438226065520590848.0000,1.0000,1
5,5127,1.153995,0.162060,0.991935,2453504342957542009183109440864256.0000,1.0000,1
5,5128,2.398298,1.399239,0.999059,69430223873733933158152785625088.0000,1.0000,1
5,5129,2.883398,1.884097,0.999301,1979199731881737016029883662336.0000,1.0000,1
5,5130,6.355594,5.355840,0.999754,1658697161692080039484104638464.0000,1.0000,1
5,5131,1.835073,0.836645,0.998428,96572754120474492280806947422208.0000,1.0000,1
5,5132,2.274357,1.275389,0.998968,42512290822596238414762355982336.0000,1.0000,1
5,5133,2.462899,1.463799,0.999101,23923846393816240073593954762752.0000,1.0000,1
5,5134,5.139424,4.139742,0.999682,2613071321414500428180908670976.0000,1.0000,1
5,5135,2.423348,1.424272,0.999076,60239060612793152872802229944320.0000,1.0000,1
5,5136,1.854872,0.856408,0.998464,24926117330894823636105986834432.0000,1.0000,1
5,5137,3.522587,2.523109,0.999478,5488437546818255203920123002880.0000,1.0000,1
5,5138,5.230342,4.230653,0.999689,595402007550406343107421405184.0000,1.0000,1
5,5139,2.110830,1.112013,0.998817,31388891336792304069670978191360.0000,1.0000,1
5,5140,14.644691,13.644769,0.999923,112382486039676296138026123264.0000,1.0000,1
5,5141,3.881025,2.881482,0.999543,85596342324560012691162838073344.0000,1.0000,1
5,5142,3.600338,2.600844,0.999494,99845042753906298464152861016064.0000,1.0000,1
5,5143,2.770044,1.770788,0.999256,7664109188452983311862721413120.0000,1.0000,1
5,5144,1.706987,0.708843,0.998145,67708183776725473558342309773312.0000,1.0000,1
5,5145,2.905805,1.906496,0.999309,4512630248003797420748599984128.0000,1.0000,1
5,5146,4.878528,3.878867,0.999660,7251989882433420056609043775488.0000,1.0000,1
5,5147,2.168860,1.169985,0.998875,35817684580547020993540814536704.0000,1.0000,1
