epoch,iter,loss,ce,dice,nPre,nPost,clip
1,1,1.880553,0.885478,0.995075,5.2091,1.0000,1
1,2,1.766699,0.769357,0.997341,1.6296,1.0000,1
1,3,1.630667,0.633024,0.997643,3.6262,1.0000,1
1,4,1.574975,0.575749,0.999226,1.9960,1.0000,1
1,5,1.439196,0.441081,0.998114,2.9419,1.0000,1
1,6,1.823357,0.831211,0.992146,2.0033,1.0000,1
1,7,1.516138,0.517291,0.998847,1.2830,1.0000,1
1,8,2.539732,1.552468,0.987264,7.2463,1.0000,1
1,9,1.581855,0.586404,0.995451,1.6853,1.0000,1
1,10,2.167171,1.173546,0.993626,5.0838,1.0000,1
1,11,1.490188,0.491290,0.998898,1.1098,1.0000,1
1,12,1.392525,0.393763,0.998761,1.9624,1.0000,1
1,13,1.847695,0.852836,0.994859,1.4634,1.0000,1
1,14,1.466476,0.469008,0.997468,0.6421,0.6421,0
1,15,2.236219,1.244959,0.991259,5.5509,1.0000,1
1,16,1.843778,0.852827,0.990951,2.6695,1.0000,1
1,17,1.540503,0.544025,0.996478,0.2349,0.2349,0
1,18,1.394060,0.395042,0.999017,2.2329,1.0000,1
1,19,1.626886,0.631837,0.995049,0.9105,0.9105,0
1,20,1.583254,0.585668,0.997586,0.4592,0.4592,0
1,21,1.711062,0.716020,0.995043,0.3831,0.3831,0
1,22,1.479325,0.481564,0.997761,1.3884,1.0000,1
1,23,1.813416,0.822101,0.991315,2.1988,1.0000,1
1,24,1.594357,0.598713,0.995645,1.2111,1.0000,1
1,25,1.539634,0.543574,0.996060,0.6296,0.6296,0
1,26,1.580395,0.582200,0.998195,2.7256,1.0000,1
1,27,1.342206,0.343299,0.998907,2.3871,1.0000,1
1,28,1.502697,0.504950,0.997747,1.3004,1.0000,1
1,29,1.402526,0.407085,0.995441,7.0402,1.0000,1
1,30,1.758841,0.759949,0.998892,11.1945,1.0000,1
1,31,1.719855,0.720751,0.999104,15.0558,1.0000,1
1,32,1.159218,0.159970,0.999248,2.5234,1.0000,1
1,33,1.445243,0.447274,0.997969,3.3463,1.0000,1
1,34,1.532148,0.535596,0.996551,1.9647,1.0000,1
1,35,1.592618,0.598967,0.993651,0.8612,0.8612,0
1,36,1.460246,0.462997,0.997249,1.0972,1.0000,1
1,37,1.486211,0.487718,0.998493,1.3864,1.0000,1
1,38,1.276453,0.276579,0.999874,2.0393,1.0000,1
1,39,1.433901,0.436090,0.997811,2.4019,1.0000,1
1,40,1.407725,0.410280,0.997445,1.9384,1.0000,1
1,41,1.843630,0.850796,0.992833,24.5451,1.0000,1
1,42,1.381969,0.385845,0.996125,1.0417,1.0000,1
1,43,1.509809,0.516348,0.993461,4.8994,1.0000,1
1,44,1.190627,0.190698,0.999930,2.4003,1.0000,1
1,45,2.122001,1.127277,0.994724,99.3538,1.0000,1
1,46,2.173900,1.181837,0.992062,24.4017,1.0000,1
1,47,1.625622,0.632509,0.993113,3.2858,1.0000,1
1,48,1.169522,0.170148,0.999374,2.3957,1.0000,1
1,49,1.331480,0.334485,0.996995,2.6019,1.0000,1
1,50,1.431881,0.436074,0.995808,1.9798,1.0000,1
1,51,1.238587,0.241187,0.997401,2.1888,1.0000,1
1,52,1.448830,0.454430,0.994400,2.7828,1.0000,1
1,53,1.996754,1.003676,0.993078,5.8279,1.0000,1
1,54,1.327963,0.332079,0.995884,3.5017,1.0000,1
1,55,1.419990,0.424782,0.995208,1.4361,1.0000,1
1,56,1.663155,0.668042,0.995112,27.8859,1.0000,1
1,57,1.946728,0.954553,0.992175,21.4808,1.0000,1
1,58,1.448400,0.451074,0.997326,11.5475,1.0000,1
1,59,1.665653,0.677002,0.988651,1.8739,1.0000,1
1,60,1.507045,0.511795,0.995250,0.9061,0.9061,0
1,61,1.492621,0.495334,0.997288,0.5846,0.5846,0
1,62,1.375916,0.378809,0.997107,2.1823,1.0000,1
1,63,1.236083,0.237139,0.998944,2.6363,1.0000,1
1,64,1.160002,0.160375,0.999627,2.0527,1.0000,1
1,65,1.475506,0.479784,0.995722,1.4968,1.0000,1
1,66,1.682502,0.689335,0.993167,0.8097,0.8097,0
1,67,1.196315,0.197035,0.999280,3.5970,1.0000,1
1,68,1.141221,0.141980,0.999241,1.8467,1.0000,1
1,69,1.207086,0.208067,0.999020,12.4886,1.0000,1
1,70,1.248777,0.250313,0.998464,11.3319,1.0000,1
1,71,1.236751,0.238677,0.998074,0.8034,0.8034,0
1,72,1.491282,0.496371,0.994912,2.2154,1.0000,1
1,73,2.093974,1.105665,0.988308,7.4728,1.0000,1
1,74,1.456083,0.460342,0.995741,2.8691,1.0000,1
1,75,2.478528,1.491928,0.986599,11.1427,1.0000,1
1,76,1.204403,0.205952,0.998451,1.5277,1.0000,1
1,77,2.022683,1.031112,0.991571,6.2023,1.0000,1
1,78,1.176078,0.176811,0.999267,2.3953,1.0000,1
1,79,1.692616,0.704956,0.987660,2.6419,1.0000,1
1,80,1.491842,0.495265,0.996578,0.9095,0.9095,0
1,81,1.819619,0.833467,0.986151,2.9906,1.0000,1
1,82,1.756814,0.765802,0.991012,1.3416,1.0000,1
1,83,1.262456,0.263569,0.998887,0.7652,0.7652,0
1,84,1.801453,0.810618,0.990835,0.6119,0.6119,0
1,85,1.376631,0.379115,0.997516,1.4971,1.0000,1
1,86,1.383760,0.384102,0.999658,2.6760,1.0000,1
1,87,1.391714,0.395349,0.996365,2.6662,1.0000,1
1,88,1.687744,0.703172,0.984573,1.9632,1.0000,1
1,89,1.376708,0.383551,0.993158,0.2655,0.2655,0
1,90,1.574790,0.583020,0.991771,2.4679,1.0000,1
1,91,1.222932,0.226676,0.996256,2.6361,1.0000,1
1,92,3.236701,2.245814,0.990887,353.5793,1.0000,1
1,93,1.722199,0.733160,0.989039,60.3614,1.0000,1
1,94,1.684019,0.684226,0.999793,29.4667,1.0000,1
1,95,2.710381,1.729856,0.980525,49.6172,1.0000,1
1,96,1.789071,0.797972,0.991098,11.2860,1.0000,1
1,97,1.177873,0.178975,0.998898,3.1884,1.0000,1
1,98,1.626159,0.638309,0.987850,11.6305,1.0000,1
1,99,1.433197,0.438555,0.994642,2.2353,1.0000,1
1,100,2.047974,1.050582,0.997392,0.9009,0.9009,0
1,101,1.304768,0.308707,0.996061,1.2249,1.0000,1
1,102,1.354607,0.361261,0.993346,1.9869,1.0000,1
1,103,1.447784,0.454924,0.992860,2.0280,1.0000,1
1,104,1.994561,1.004379,0.990182,9.6591,1.0000,1
1,105,1.350672,0.354040,0.996632,0.9869,0.9869,0
1,106,1.475559,0.479948,0.995611,0.4155,0.4155,0
1,107,1.307751,0.314150,0.993601,0.5619,0.5619,0
1,108,1.314842,0.317271,0.997571,4.5988,1.0000,1
1,109,1.342227,0.344000,0.998226,2.6380,1.0000,1
1,110,1.524567,0.530175,0.994392,1.9151,1.0000,1
1,111,1.503626,0.514823,0.988803,4.7581,1.0000,1
1,112,1.175890,0.180579,0.995312,0.9294,0.9294,0
1,113,1.244440,0.246089,0.998351,1.7297,1.0000,1
1,114,1.287474,0.291563,0.995911,0.6938,0.6938,0
1,115,1.137613,0.145634,0.991979,0.5035,0.5035,0
1,116,1.438444,0.441218,0.997226,4.1269,1.0000,1
1,117,1.525539,0.534845,0.990694,3.6348,1.0000,1
1,118,1.588444,0.600493,0.987951,2.7615,1.0000,1
1,119,1.229603,0.236704,0.992899,0.7502,0.7502,0
1,120,1.561196,0.565914,0.995282,0.5700,0.5700,0
1,121,1.439317,0.448197,0.991120,0.7559,0.7559,0
1,122,1.495168,0.502703,0.992465,2.0398,1.0000,1
1,123,3.485788,2.497401,0.988387,0.5943,0.5943,0
1,124,1.139196,0.140045,0.999151,1.0274,1.0000,1
1,125,2.213934,1.219058,0.994876,21.2222,1.0000,1
1,126,1.626268,0.652267,0.974001,2.5709,1.0000,1
1,127,2.177698,1.180649,0.997049,13.1738,1.0000,1
1,128,1.492550,0.510054,0.982495,2.4646,1.0000,1
1,129,1.468940,0.481017,0.987923,2.6757,1.0000,1
1,130,1.624192,0.633986,0.990206,10.8071,1.0000,1
1,131,1.736022,0.747063,0.988959,5.9210,1.0000,1
1,132,1.495507,0.499366,0.996141,1.8573,1.0000,1
1,133,1.446044,0.448660,0.997384,4.9874,1.0000,1
1,134,1.659922,0.677601,0.982321,2.6513,1.0000,1
1,135,1.349090,0.350331,0.998758,3.6221,1.0000,1
1,136,1.668024,0.676870,0.991154,6.6768,1.0000,1
1,137,1.556252,0.560756,0.995495,3.0003,1.0000,1
1,138,1.390410,0.393986,0.996425,2.7620,1.0000,1
1,139,1.788295,0.802869,0.985426,1.3934,1.0000,1
1,140,1.569227,0.573603,0.995625,1.9507,1.0000,1
1,141,1.379628,0.381960,0.997668,3.9333,1.0000,1
1,142,1.341488,0.343291,0.998197,3.3905,1.0000,1
1,143,1.549562,0.555332,0.994231,1.5598,1.0000,1
1,144,1.323305,0.324787,0.998517,2.1875,1.0000,1
1,145,1.293159,0.299422,0.993737,1.6550,1.0000,1
1,146,1.436679,0.438979,0.997700,1.3185,1.0000,1
1,147,1.428934,0.433260,0.995674,4.5400,1.0000,1
1,148,1.845300,0.849786,0.995514,8.2030,1.0000,1
1,149,2.574673,1.588668,0.986005,16.2275,1.0000,1
1,150,1.317242,0.322276,0.994966,2.1334,1.0000,1
1,151,1.228020,0.233619,0.994401,0.4031,0.4031,0
1,152,1.145861,0.146707,0.999154,1.0855,1.0000,1
1,153,1.317020,0.319016,0.998004,0.4283,0.4283,0
1,154,1.328199,0.330229,0.997970,1.5882,1.0000,1
1,155,1.663723,0.672461,0.991261,4.2191,1.0000,1
1,156,2.192884,1.200683,0.992202,9.0239,1.0000,1
1,157,1.210060,0.211809,0.998251,0.8860,0.8860,0
1,158,1.550718,0.556506,0.994212,1.5716,1.0000,1
1,159,1.406181,0.412108,0.994073,0.8568,0.8568,0
1,160,1.753599,0.762928,0.990671,1.8424,1.0000,1
1,161,1.463018,0.466359,0.996659,0.9544,0.9544,0
1,162,1.728404,0.735794,0.992610,2.6024,1.0000,1
1,163,1.278071,0.279124,0.998947,2.4062,1.0000,1
1,164,1.515343,0.523465,0.991878,1.6331,1.0000,1
1,165,1.231631,0.232979,0.998652,1.7216,1.0000,1
1,166,1.517376,0.522572,0.994804,1.7190,1.0000,1
1,167,1.452754,0.464507,0.988247,0.6650,0.6650,0
1,168,1.308593,0.310013,0.998580,2.4897,1.0000,1
1,169,1.352071,0.356411,0.995660,2.1104,1.0000,1
1,170,1.393268,0.400320,0.992947,0.8522,0.8522,0
1,171,1.376898,0.380058,0.996840,2.2770,1.0000,1
1,172,1.461676,0.468802,0.992874,0.8237,0.8237,0
1,173,1.197716,0.198801,0.998915,2.0374,1.0000,1
1,174,2.042832,1.053568,0.989264,7.9233,1.0000,1
1,175,1.753730,0.762327,0.991403,2.8939,1.0000,1
1,176,1.834853,0.843059,0.991794,6.6388,1.0000,1
1,177,1.658252,0.666035,0.992217,2.0630,1.0000,1
1,178,1.254677,0.258397,0.996280,1.2715,1.0000,1
1,179,1.525606,0.537573,0.988033,4.5798,1.0000,1
1,180,1.266113,0.267345,0.998768,1.5367,1.0000,1
1,181,1.406957,0.413739,0.993218,2.5963,1.0000,1
1,182,1.847772,0.857921,0.989850,8.0077,1.0000,1
1,183,1.388352,0.394359,0.993993,2.0456,1.0000,1
1,184,1.203392,0.207155,0.996237,0.3036,0.3036,0
1,185,1.243161,0.248224,0.994937,1.3150,1.0000,1
1,186,1.287317,0.288911,0.998406,1.0981,1.0000,1
1,187,1.128003,0.128050,0.999954,3.1444,1.0000,1
1,188,1.302423,0.309869,0.992554,0.6377,0.6377,0
1,189,1.468398,0.481337,0.987061,1.0686,1.0000,1
1,190,1.427197,0.430338,0.996858,0.5159,0.5159,0
1,191,1.464582,0.466517,0.998065,1.4353,1.0000,1
1,192,1.249507,0.250510,0.998996,0.7345,0.7345,0
1,193,1.806965,0.818042,0.988923,2.9480,1.0000,1
1,194,1.466311,0.470443,0.995868,5.0803,1.0000,1
1,195,1.890830,0.901550,0.989279,6.0335,1.0000,1
1,196,1.456888,0.460686,0.996202,3.0373,1.0000,1
1,197,1.343428,0.346822,0.996606,1.6689,1.0000,1
1,198,1.328799,0.334250,0.994549,1.2661,1.0000,1
1,199,1.689213,0.697272,0.991941,1.1223,1.0000,1
1,200,1.320993,0.323192,0.997801,2.4276,1.0000,1
1,201,1.454999,0.458918,0.996081,2.9439,1.0000,1
1,202,1.245881,0.247259,0.998622,0.7510,0.7510,0
1,203,1.537756,0.543888,0.993868,0.9233,0.9233,0
1,204,1.390568,0.394770,0.995797,0.4290,0.4290,0
1,205,1.300251,0.303348,0.996903,1.8201,1.0000,1
1,206,1.273090,0.275344,0.997746,1.7379,1.0000,1
1,207,1.260960,0.266016,0.994944,0.5296,0.5296,0
1,208,1.298025,0.299042,0.998983,1.4517,1.0000,1
1,209,1.456860,0.462490,0.994370,1.5054,1.0000,1
1,210,1.871263,0.876633,0.994630,5.0426,1.0000,1
1,211,1.346199,0.347775,0.998424,0.6520,0.6520,0
1,212,1.606236,0.616458,0.989779,0.5409,0.5409,0
1,213,1.254703,0.256728,0.997975,0.5406,0.5406,0
1,214,1.233277,0.234111,0.999167,1.4415,1.0000,1
1,215,1.453944,0.458203,0.995740,2.4519,1.0000,1
1,216,1.234949,0.240228,0.994722,1.3417,1.0000,1
1,217,1.803412,0.811762,0.991650,10.2573,1.0000,1
1,218,1.197480,0.201508,0.995972,7.8273,1.0000,1
1,219,1.576479,0.582953,0.993526,2.5160,1.0000,1
1,220,1.232849,0.237392,0.995457,2.7065,1.0000,1
1,221,1.450896,0.459658,0.991238,0.6774,0.6774,0
1,222,1.335371,0.339123,0.996248,0.6321,0.6321,0
1,223,1.643686,0.651871,0.991815,0.6245,0.6245,0
1,224,1.279377,0.282276,0.997101,1.0077,1.0000,1
1,225,1.524278,0.529218,0.995061,0.3618,0.3618,0
1,226,1.283666,0.292376,0.991290,0.6822,0.6822,0
1,227,1.461575,0.467849,0.993725,0.5684,0.5684,0
1,228,1.430276,0.435615,0.994661,0.9172,0.9172,0
1,229,1.353815,0.357145,0.996670,0.7968,0.7968,0
1,230,1.338505,0.343843,0.994663,0.7718,0.7718,0
1,231,1.606990,0.609199,0.997791,4.5603,1.0000,1
1,232,1.236822,0.238358,0.998464,1.4455,1.0000,1
1,233,1.220196,0.222659,0.997537,1.3202,1.0000,1
1,234,1.475822,0.481415,0.994407,0.6706,0.6706,0
1,235,2.072384,1.080714,0.991670,10.3160,1.0000,1
1,236,1.897255,0.910640,0.986615,7.9718,1.0000,1
1,237,1.408713,0.410123,0.998590,1.8777,1.0000,1
1,238,1.308846,0.312645,0.996201,2.9190,1.0000,1
1,239,1.452248,0.455997,0.996250,1.0771,1.0000,1
1,240,1.503554,0.505970,0.997585,7.0201,1.0000,1
1,241,1.190514,0.192945,0.997569,2.0748,1.0000,1
1,242,1.764557,0.774554,0.990003,0.6192,0.6192,0
1,243,1.887821,0.896710,0.991112,7.0684,1.0000,1
1,244,1.442597,0.446314,0.996284,1.9440,1.0000,1
1,245,1.132638,0.133385,0.999253,1.3654,1.0000,1
1,246,1.319987,0.321918,0.998069,0.9545,0.9545,0
1,247,1.904511,0.913971,0.990540,6.4387,1.0000,1
1,248,1.468950,0.475867,0.993083,1.4324,1.0000,1
1,249,1.257654,0.261213,0.996441,1.2764,1.0000,1
1,250,1.430942,0.435601,0.995341,0.3219,0.3219,0
1,251,1.515326,0.519582,0.995744,1.3637,1.0000,1
1,252,1.218125,0.220096,0.998029,1.5160,1.0000,1
1,253,1.372182,0.374831,0.997350,3.2102,1.0000,1
1,254,1.257674,0.261709,0.995965,0.8246,0.8246,0
1,255,1.320846,0.324875,0.995971,1.5148,1.0000,1
1,256,1.621800,0.627140,0.994660,3.0500,1.0000,1
1,257,1.780322,0.793601,0.986721,3.5994,1.0000,1
1,258,1.654995,0.659992,0.995003,2.4618,1.0000,1
1,259,1.335299,0.338312,0.996986,0.8702,0.8702,0
1,260,1.417076,0.420499,0.996578,2.3137,1.0000,1
1,261,1.128009,0.129221,0.998788,1.2566,1.0000,1
1,262,1.729944,0.737517,0.992427,4.5019,1.0000,1
1,263,1.591918,0.594561,0.997358,3.0391,1.0000,1
1,264,1.421214,0.427139,0.994076,1.2336,1.0000,1
1,265,1.421988,0.425590,0.996398,0.6934,0.6934,0
1,266,1.392765,0.396290,0.996475,2.2614,1.0000,1
1,267,1.413401,0.417709,0.995692,0.9725,0.9725,0
1,268,1.296331,0.300722,0.995609,1.3559,1.0000,1
1,269,1.242803,0.244619,0.998185,2.4317,1.0000,1
1,270,1.624671,0.639853,0.984818,2.9078,1.0000,1
1,271,1.767599,0.771580,0.996019,4.3759,1.0000,1
1,272,1.565127,0.574969,0.990158,5.4587,1.0000,1
1,273,1.327144,0.330138,0.997006,1.7811,1.0000,1
1,274,1.712286,0.722224,0.990062,3.9602,1.0000,1
1,275,1.371214,0.377986,0.993228,1.4739,1.0000,1
1,276,1.230833,0.233179,0.997654,0.5964,0.5964,0
1,277,1.653033,0.663315,0.989718,3.9881,1.0000,1
1,278,1.137215,0.137995,0.999221,1.5751,1.0000,1
1,279,1.419031,0.420057,0.998974,2.6264,1.0000,1
1,280,1.510818,0.519776,0.991042,3.2480,1.0000,1
1,281,1.375339,0.381058,0.994281,1.1251,1.0000,1
1,282,1.558556,0.564135,0.994421,2.1043,1.0000,1
1,283,1.225771,0.226918,0.998853,1.3954,1.0000,1
1,284,1.186383,0.188075,0.998308,1.0378,1.0000,1
1,285,1.336573,0.340591,0.995982,2.3146,1.0000,1
1,286,1.406604,0.412585,0.994019,0.7962,0.7962,0
1,287,1.534540,0.544641,0.989899,4.9077,1.0000,1
1,288,1.624005,0.631735,0.992270,3.1592,1.0000,1
1,289,1.705239,0.715301,0.989937,3.2948,1.0000,1
1,290,1.235926,0.237630,0.998295,1.4029,1.0000,1
1,291,1.227708,0.233328,0.994380,0.9790,0.9790,0
1,292,1.421142,0.424301,0.996841,1.5832,1.0000,1
1,293,1.306188,0.315579,0.990609,1.1210,1.0000,1
1,294,1.500571,0.505088,0.995483,1.8073,1.0000,1
1,295,1.280514,0.285740,0.994775,0.9209,0.9209,0
1,296,1.368415,0.371450,0.996965,1.9177,1.0000,1
1,297,1.269338,0.271391,0.997948,2.4759,1.0000,1
1,298,1.513714,0.522813,0.990900,3.3690,1.0000,1
1,299,1.177811,0.178841,0.998970,1.1117,1.0000,1
1,300,1.401846,0.407319,0.994528,0.6151,0.6151,0
1,301,1.494691,0.497806,0.996885,1.9486,1.0000,1
1,302,1.496305,0.499352,0.996953,1.3102,1.0000,1
1,303,1.494827,0.501011,0.993816,1.2474,1.0000,1
1,304,1.721466,0.733792,0.987674,4.6826,1.0000,1
1,305,1.199636,0.199701,0.999934,3.7667,1.0000,1
1,306,1.464112,0.471957,0.992155,1.2695,1.0000,1
1,307,1.461624,0.467630,0.993993,0.8207,0.8207,0
1,308,1.625916,0.635490,0.990426,1.7950,1.0000,1
1,309,2.036946,1.053003,0.983943,4.3888,1.0000,1
1,310,1.300136,0.303080,0.997055,0.4929,0.4929,0
1,311,1.461014,0.464191,0.996823,2.5598,1.0000,1
1,312,1.777117,0.784343,0.992774,5.2843,1.0000,1
1,313,1.302969,0.307203,0.995766,0.6325,0.6325,0
1,314,1.562163,0.567919,0.994244,4.6811,1.0000,1
1,315,1.298020,0.299954,0.998066,1.2419,1.0000,1
1,316,1.080211,0.080579,0.999632,0.8789,0.8789,0
1,317,1.718230,0.729993,0.988237,1.5137,1.0000,1
1,318,1.304639,0.306033,0.998606,1.0301,1.0000,1
1,319,1.434870,0.440753,0.994117,1.2551,1.0000,1
1,320,2.020318,1.035711,0.984606,9.8917,1.0000,1
1,321,1.473927,0.480265,0.993662,1.6131,1.0000,1
1,322,1.177470,0.177799,0.999672,0.5100,0.5100,0
1,323,1.541741,0.552185,0.989557,0.4838,0.4838,0
1,324,1.233009,0.236157,0.996853,1.5449,1.0000,1
1,325,1.261095,0.265243,0.995852,1.3416,1.0000,1
1,326,1.624951,0.632549,0.992402,1.4967,1.0000,1
1,327,1.208885,0.210493,0.998393,2.5291,1.0000,1
1,328,1.305443,0.313217,0.992226,3.3436,1.0000,1
1,329,1.250888,0.255804,0.995083,1.0739,1.0000,1
1,330,1.514044,0.523124,0.990920,1.9672,1.0000,1
1,331,1.252722,0.257784,0.994937,1.2686,1.0000,1
1,332,1.253460,0.256061,0.997399,0.7663,0.7663,0
1,333,1.613305,0.618551,0.994754,3.2075,1.0000,1
1,334,1.304614,0.307381,0.997233,1.2324,1.0000,1
1,335,1.350532,0.365703,0.984829,1.1415,1.0000,1
1,336,1.328519,0.330675,0.997844,3.0254,1.0000,1
1,337,1.598565,0.607619,0.990946,1.5811,1.0000,1
1,338,1.320919,0.324576,0.996343,0.4870,0.4870,0
1,339,1.199943,0.203846,0.996097,1.2345,1.0000,1
1,340,1.502872,0.508140,0.994732,2.8024,1.0000,1
1,341,1.298582,0.305050,0.993532,0.2341,0.2341,0
1,342,2.108645,1.115451,0.993194,9.0283,1.0000,1
1,343,1.235508,0.236798,0.998709,1.9975,1.0000,1
1,344,1.339887,0.341593,0.998294,3.7736,1.0000,1
1,345,1.442629,0.445618,0.997012,3.1408,1.0000,1
1,346,1.306741,0.314691,0.992051,0.6142,0.6142,0
1,347,1.698287,0.703643,0.994644,3.2490,1.0000,1
1,348,1.373922,0.376428,0.997494,1.3179,1.0000,1
1,349,1.200637,0.204945,0.995692,0.5855,0.5855,0
1,350,2.044472,1.062851,0.981621,12.9083,1.0000,1
1,351,1.423270,0.429601,0.993669,2.6460,1.0000,1
1,352,1.401745,0.404176,0.997569,0.5278,0.5278,0
1,353,1.619586,0.629287,0.990299,3.7837,1.0000,1
1,354,1.446483,0.448438,0.998045,1.8503,1.0000,1
1,355,1.333653,0.337737,0.995916,0.6537,0.6537,0
1,356,1.577192,0.584559,0.992633,1.5330,1.0000,1
1,357,1.565376,0.571671,0.993705,1.6678,1.0000,1
1,358,1.851006,0.859528,0.991478,6.2864,1.0000,1
1,359,1.308474,0.309931,0.998542,0.5897,0.5897,0
1,360,2.045645,1.058572,0.987072,6.4459,1.0000,1
1,361,1.299030,0.302631,0.996400,0.6629,0.6629,0
1,362,1.161850,0.162386,0.999463,2.6282,1.0000,1
1,363,1.472727,0.476647,0.996081,1.8232,1.0000,1
1,364,1.337898,0.341246,0.996652,0.8648,0.8648,0
1,365,1.376882,0.379037,0.997845,3.6276,1.0000,1
1,366,1.297765,0.302080,0.995685,0.6327,0.6327,0
1,367,1.369469,0.374440,0.995029,0.8856,0.8856,0
1,368,1.564153,0.565831,0.998322,2.8219,1.0000,1
1,369,1.338690,0.342838,0.995852,0.9867,0.9867,0
1,370,1.509194,0.515394,0.993800,1.4626,1.0000,1
1,371,1.385219,0.388928,0.996291,0.5602,0.5602,0
1,372,1.310966,0.313722,0.997244,0.5031,0.5031,0
1,373,1.363714,0.370117,0.993596,1.2024,1.0000,1
1,374,1.254077,0.256925,0.997153,0.8201,0.8201,0
1,375,1.401120,0.405549,0.995570,0.6443,0.6443,0
1,376,1.873936,0.876935,0.997001,5.4261,1.0000,1
1,377,1.158941,0.161487,0.997454,0.4366,0.4366,0
1,378,1.211203,0.213036,0.998167,0.7966,0.7966,0
1,379,1.923037,0.934599,0.988438,8.4084,1.0000,1
1,380,1.818449,0.828425,0.990024,7.5935,1.0000,1
1,381,1.422819,0.427433,0.995386,1.3744,1.0000,1
1,382,1.523079,0.530866,0.992213,1.9025,1.0000,1
1,383,1.131876,0.135496,0.996380,0.6644,0.6644,0
1,384,2.010323,1.021662,0.988662,7.0407,1.0000,1
1,385,1.431185,0.437264,0.993920,1.6413,1.0000,1
1,386,1.401415,0.406991,0.994424,0.4623,0.4623,0
1,387,1.207950,0.210358,0.997591,0.6454,0.6454,0
1,388,1.288139,0.291719,0.996420,1.3236,1.0000,1
1,389,1.199498,0.200572,0.998926,2.2734,1.0000,1
1,390,1.473986,0.479901,0.994085,1.7522,1.0000,1
1,391,1.477584,0.483150,0.994434,2.4982,1.0000,1
1,392,1.398017,0.400403,0.997614,0.9728,0.9728,0
1,393,1.292222,0.294674,0.997547,2.7566,1.0000,1
1,394,1.160430,0.161886,0.998544,1.5480,1.0000,1
1,395,1.153173,0.154819,0.998354,0.6933,0.6933,0
1,396,1.697496,0.712994,0.984502,4.1466,1.0000,1
1,397,1.160722,0.160898,0.999824,1.8387,1.0000,1
1,398,1.371523,0.377116,0.994407,1.5599,1.0000,1
1,399,1.696819,0.705769,0.991050,7.1119,1.0000,1
1,400,1.646790,0.656965,0.989825,7.1889,1.0000,1
1,401,1.952492,0.965403,0.987089,7.7871,1.0000,1
1,402,1.524001,0.528805,0.995195,2.0088,1.0000,1
1,403,1.278072,0.282243,0.995828,1.1972,1.0000,1
1,404,1.952163,0.958006,0.994157,9.0550,1.0000,1
1,405,1.726802,0.733577,0.993225,5.5259,1.0000,1
1,406,2.051885,1.065584,0.986301,7.7339,1.0000,1
1,407,2.112169,1.123739,0.988430,9.6676,1.0000,1
1,408,1.486158,0.494547,0.991611,3.7729,1.0000,1
1,409,1.365398,0.368024,0.997374,0.4524,0.4524,0
1,410,1.284686,0.286884,0.997802,1.9046,1.0000,1
1,411,1.403318,0.407155,0.996162,0.6036,0.6036,0
1,412,1.247936,0.249431,0.998505,1.6122,1.0000,1
1,413,1.733262,0.754914,0.978347,3.7893,1.0000,1
1,414,1.599086,0.607047,0.992039,1.1924,1.0000,1
1,415,1.131102,0.131362,0.999740,2.2007,1.0000,1
1,416,1.696851,0.712377,0.984474,2.5962,1.0000,1
1,417,1.518966,0.519839,0.999127,2.7642,1.0000,1
1,418,1.472610,0.477158,0.995452,2.5186,1.0000,1
1,419,1.957898,0.965709,0.992189,5.1713,1.0000,1
1,420,1.453714,0.457091,0.996624,2.4214,1.0000,1
1,421,1.244673,0.249246,0.995427,1.2659,1.0000,1
1,422,1.606127,0.614052,0.992075,3.7424,1.0000,1
1,423,1.298942,0.303054,0.995888,1.0785,1.0000,1
1,424,1.248314,0.251553,0.996761,0.5644,0.5644,0
1,425,1.420284,0.421518,0.998766,1.7385,1.0000,1
1,426,1.329519,0.334237,0.995282,0.9296,0.9296,0
1,427,1.248554,0.255867,0.992687,0.5605,0.5605,0
1,428,1.269204,0.272242,0.996962,0.6555,0.6555,0
1,429,1.260338,0.265667,0.994671,6.9680,1.0000,1
1,430,1.171027,0.171693,0.999333,1.5395,1.0000,1
1,431,1.055481,0.056198,0.999283,0.8328,0.8328,0
1,432,1.374705,0.380941,0.993765,2.2259,1.0000,1
1,433,1.950963,0.960082,0.990881,11.1683,1.0000,1
1,434,1.989253,1.000315,0.988938,11.2160,1.0000,1
1,435,1.741196,0.751794,0.989402,5.9309,1.0000,1
1,436,1.148351,0.149238,0.999114,0.6756,0.6756,0
1,437,1.765951,0.779031,0.986920,6.0665,1.0000,1
1,438,1.570763,0.575385,0.995377,1.6334,1.0000,1
1,439,1.240659,0.244057,0.996602,1.1538,1.0000,1
1,440,1.680774,0.689105,0.991669,2.5004,1.0000,1
1,441,1.134954,0.136643,0.998310,1.6767,1.0000,1
1,442,1.241658,0.245266,0.996392,2.0300,1.0000,1
1,443,1.773683,0.785882,0.987801,4.4172,1.0000,1
1,444,1.145713,0.146607,0.999106,1.5582,1.0000,1
1,445,1.448945,0.456093,0.992852,1.4133,1.0000,1
1,446,1.427670,0.435678,0.991992,2.3709,1.0000,1
1,447,1.335890,0.343309,0.992582,0.5750,0.5750,0
1,448,1.174147,0.174654,0.999493,1.3724,1.0000,1
1,449,1.905855,0.913227,0.992627,9.0120,1.0000,1
1,450,1.275054,0.277485,0.997569,1.0573,1.0000,1
1,451,1.665295,0.672801,0.992494,1.0822,1.0000,1
1,452,1.295752,0.296700,0.999051,2.8549,1.0000,1
1,453,1.565057,0.569840,0.995216,1.9995,1.0000,1
1,454,1.560627,0.569581,0.991045,0.7876,0.7876,0
1,455,1.403223,0.410894,0.992329,2.0898,1.0000,1
1,456,1.777661,0.788070,0.989591,1.1025,1.0000,1
1,457,1.098569,0.099398,0.999171,1.5444,1.0000,1
1,458,1.696992,0.705173,0.991819,2.0866,1.0000,1
1,459,1.725328,0.730234,0.995094,2.4091,1.0000,1
1,460,1.590641,0.609481,0.981160,1.5251,1.0000,1
1,461,1.544789,0.549510,0.995279,1.2090,1.0000,1
1,462,1.405891,0.410896,0.994995,2.4187,1.0000,1
1,463,1.646822,0.652677,0.994145,5.2985,1.0000,1
1,464,1.354186,0.358962,0.995224,1.3102,1.0000,1
1,465,1.673977,0.680854,0.993124,1.9071,1.0000,1
1,466,1.288182,0.289846,0.998335,1.3812,1.0000,1
1,467,1.410546,0.420404,0.990141,1.1445,1.0000,1
1,468,1.247857,0.252046,0.995811,1.6772,1.0000,1
1,469,1.537125,0.544439,0.992687,1.4595,1.0000,1
1,470,1.579842,0.583102,0.996739,4.0939,1.0000,1
1,471,1.596985,0.600877,0.996108,3.3514,1.0000,1
1,472,1.516524,0.517985,0.998539,33.4944,1.0000,1
1,473,1.310856,0.314541,0.996315,2.0904,1.0000,1
1,474,1.379335,0.385908,0.993427,1.2094,1.0000,1
1,475,1.095249,0.095653,0.999596,1.6728,1.0000,1
1,476,1.433108,0.436492,0.996616,1.5425,1.0000,1
1,477,1.432154,0.436255,0.995899,0.8831,0.8831,0
1,478,1.712348,0.721614,0.990734,3.5590,1.0000,1
1,479,1.293668,0.295568,0.998100,1.7659,1.0000,1
1,480,1.260302,0.262538,0.997764,4.4667,1.0000,1
1,481,1.124521,0.127739,0.996781,0.4611,0.4611,0
1,482,1.507535,0.512086,0.995449,3.1851,1.0000,1
1,483,1.396867,0.399011,0.997856,3.2412,1.0000,1
1,484,1.531870,0.538433,0.993438,2.2017,1.0000,1
1,485,1.475962,0.479945,0.996017,1.1935,1.0000,1
1,486,1.146451,0.147899,0.998552,1.2863,1.0000,1
1,487,1.919225,0.929362,0.989863,5.8610,1.0000,1
1,488,1.307678,0.311111,0.996566,0.9755,0.9755,0
1,489,1.426107,0.431911,0.994197,1.6440,1.0000,1
1,490,1.210755,0.212550,0.998206,0.5925,0.5925,0
1,491,1.087368,0.087701,0.999666,1.4598,1.0000,1
1,492,1.908574,0.922623,0.985951,5.2574,1.0000,1
1,493,1.122442,0.123059,0.999383,0.4672,0.4672,0
1,494,1.285047,0.286965,0.998082,0.5275,0.5275,0
1,495,1.462225,0.465223,0.997001,7.2252,1.0000,1
1,496,1.815472,0.831705,0.983767,6.4459,1.0000,1
1,497,1.293761,0.295459,0.998302,0.3676,0.3676,0
1,498,1.736163,0.744526,0.991637,6.1705,1.0000,1
1,499,1.625991,0.636498,0.989492,2.6304,1.0000,1
1,500,1.592070,0.604575,0.987494,2.8915,1.0000,1
1,501,1.311278,0.313596,0.997682,1.0304,1.0000,1
1,502,1.542641,0.551817,0.990824,0.8591,0.8591,0
1,503,1.664312,0.672185,0.992127,1.3665,1.0000,1
1,504,1.310552,0.315303,0.995250,0.9882,0.9882,0
1,505,1.448777,0.453039,0.995738,1.2760,1.0000,1
1,506,1.394236,0.399184,0.995052,1.6504,1.0000,1
1,507,1.257226,0.260068,0.997159,1.3361,1.0000,1
1,508,1.296781,0.297418,0.999363,4.5770,1.0000,1
1,509,1.489655,0.498229,0.991427,1.5539,1.0000,1
1,510,1.673998,0.679554,0.994444,2.4665,1.0000,1
1,511,1.347243,0.352545,0.994699,1.3063,1.0000,1
1,512,1.378568,0.379658,0.998910,1.9795,1.0000,1
1,513,1.292053,0.295629,0.996424,2.2873,1.0000,1
1,514,1.381426,0.386695,0.994731,0.8973,0.8973,0
1,515,1.640079,0.647472,0.992607,3.8292,1.0000,1
1,516,1.213076,0.217461,0.995614,2.0154,1.0000,1
1,517,1.892789,0.906783,0.986006,8.8432,1.0000,1
1,518,1.291309,0.293585,0.997724,1.2585,1.0000,1
1,519,1.128257,0.128684,0.999573,1.3132,1.0000,1
1,520,1.283008,0.285444,0.997564,1.9802,1.0000,1
1,521,1.308754,0.312674,0.996081,1.0006,1.0000,1
1,522,1.720274,0.730712,0.989562,7.3588,1.0000,1
1,523,1.189382,0.189588,0.999795,1.6266,1.0000,1
1,524,1.577765,0.585176,0.992590,3.4767,1.0000,1
1,525,1.547841,0.553383,0.994458,2.7907,1.0000,1
1,526,1.393006,0.396409,0.996597,1.2511,1.0000,1
1,527,1.201958,0.204003,0.997955,0.8300,0.8300,0
1,528,1.233991,0.237381,0.996611,0.6404,0.6404,0
1,529,1.310239,0.316536,0.993703,1.3465,1.0000,1
1,530,1.438003,0.442121,0.995882,2.8599,1.0000,1
1,531,1.284609,0.287729,0.996880,0.9669,0.9669,0
1,532,1.252566,0.257283,0.995283,1.1947,1.0000,1
1,533,1.709105,0.713679,0.995427,6.4397,1.0000,1
1,534,1.339876,0.344135,0.995741,1.2700,1.0000,1
1,535,1.620844,0.628540,0.992304,2.0601,1.0000,1
1,536,1.632515,0.640453,0.992062,1.4166,1.0000,1
1,537,1.274134,0.288353,0.985780,2.0944,1.0000,1
1,538,1.471771,0.481672,0.990099,1.0941,1.0000,1
1,539,1.444778,0.447494,0.997284,1.5433,1.0000,1
1,540,2.161933,1.169759,0.992174,10.4717,1.0000,1
1,541,1.374018,0.375563,0.998456,3.5173,1.0000,1
1,542,1.216718,0.217770,0.998948,1.9533,1.0000,1
1,543,1.422927,0.426305,0.996623,0.4194,0.4194,0
1,544,1.618052,0.626592,0.991459,0.9642,0.9642,0
1,545,1.552328,0.556930,0.995398,0.9156,0.9156,0
1,546,1.454258,0.456327,0.997931,2.5660,1.0000,1
1,547,1.198359,0.199285,0.999075,2.8218,1.0000,1
1,548,1.623266,0.634168,0.989098,0.8735,0.8735,0
1,549,1.410545,0.418386,0.992159,0.7258,0.7258,0
1,550,1.353940,0.358385,0.995555,1.8956,1.0000,1
1,551,1.396482,0.401057,0.995425,1.7487,1.0000,1
1,552,1.425445,0.430040,0.995404,0.9676,0.9676,0
1,553,1.503075,0.504907,0.998168,1.7936,1.0000,1
1,554,1.545084,0.551313,0.993771,10.4056,1.0000,1
1,555,1.539661,0.544269,0.995392,1.6811,1.0000,1
1,556,1.252952,0.255097,0.997855,0.8563,0.8563,0
1,557,1.112797,0.113242,0.999556,1.4923,1.0000,1
1,558,1.626174,0.631616,0.994558,2.4348,1.0000,1
1,559,1.615980,0.625555,0.990425,5.5549,1.0000,1
1,560,1.207159,0.210978,0.996181,0.4540,0.4540,0
1,561,1.697066,0.704211,0.992855,1.6889,1.0000,1
1,562,1.503009,0.509175,0.993834,0.9444,0.9444,0
1,563,1.623650,0.630476,0.993174,3.3133,1.0000,1
1,564,1.575715,0.580640,0.995075,0.5203,0.5203,0
1,565,1.899101,0.925523,0.973579,4.3352,1.0000,1
1,566,1.545527,0.548929,0.996599,0.4555,0.4555,0
1,567,1.757153,0.763796,0.993357,6.9076,1.0000,1
1,568,1.609710,0.616156,0.993554,1.1948,1.0000,1
1,569,1.287706,0.289137,0.998569,1.6127,1.0000,1
1,570,1.495063,0.507789,0.987274,1.1291,1.0000,1
1,571,1.308029,0.313603,0.994426,0.9094,0.9094,0
1,572,1.413416,0.418532,0.994884,1.1216,1.0000,1
1,573,1.640254,0.654994,0.985260,1.6920,1.0000,1
1,574,1.160005,0.161668,0.998337,1.8335,1.0000,1
1,575,1.306623,0.311681,0.994942,1.2985,1.0000,1
1,576,1.300185,0.305760,0.994425,0.5513,0.5513,0
1,577,1.726502,0.738276,0.988226,1.5883,1.0000,1
1,578,1.510300,0.520177,0.990123,2.1526,1.0000,1
1,579,1.330536,0.332196,0.998340,1.6684,1.0000,1
1,580,1.429046,0.433851,0.995195,2.0374,1.0000,1
1,581,1.205287,0.207344,0.997943,2.2709,1.0000,1
1,582,1.437242,0.443515,0.993726,1.1565,1.0000,1
1,583,1.119198,0.122977,0.996220,0.4811,0.4811,0
1,584,1.233268,0.234776,0.998492,3.6566,1.0000,1
1,585,1.190800,0.192225,0.998574,0.7619,0.7619,0
1,586,1.419544,0.423167,0.996377,3.9930,1.0000,1
1,587,1.810472,0.818931,0.991541,8.3894,1.0000,1
1,588,1.424226,0.431178,0.993049,3.2076,1.0000,1
1,589,2.517024,1.536539,0.980485,18.9975,1.0000,1
1,590,2.097806,1.103402,0.994405,14.0288,1.0000,1
1,591,1.497405,0.497968,0.999437,2.9984,1.0000,1
1,592,1.084703,0.085036,0.999667,0.6942,0.6942,0
1,593,1.557406,0.563115,0.994291,2.5453,1.0000,1
1,594,1.346053,0.351645,0.994407,3.7911,1.0000,1
1,595,1.114584,0.115985,0.998600,0.8712,0.8712,0
1,596,1.712328,0.719157,0.993172,4.7020,1.0000,1
1,597,1.523485,0.533076,0.990409,1.9162,1.0000,1
1,598,1.415669,0.420764,0.994905,1.0924,1.0000,1
1,599,1.354830,0.358451,0.996379,1.7372,1.0000,1
1,600,1.422791,0.433173,0.989618,1.6363,1.0000,1
1,601,1.389448,0.393792,0.995655,2.2630,1.0000,1
1,602,1.238898,0.241461,0.997437,2.2186,1.0000,1
1,603,1.469361,0.471743,0.997617,1.3564,1.0000,1
1,604,1.466020,0.473339,0.992682,0.8025,0.8025,0
1,605,1.487420,0.495275,0.992144,0.8354,0.8354,0
1,606,1.438216,0.445033,0.993183,2.7481,1.0000,1
1,607,1.408221,0.419349,0.988872,2.2436,1.0000,1
1,608,1.497902,0.506642,0.991260,0.5717,0.5717,0
1,609,1.211109,0.213271,0.997838,1.2371,1.0000,1
1,610,1.406115,0.412593,0.993522,2.6132,1.0000,1
1,611,1.694969,0.724417,0.970551,6.9076,1.0000,1
1,612,1.247118,0.249083,0.998036,1.5549,1.0000,1
1,613,1.924176,0.938617,0.985559,8.1098,1.0000,1
1,614,1.580813,0.585989,0.994823,2.6917,1.0000,1
1,615,1.587728,0.592757,0.994971,1.1112,1.0000,1
1,616,1.415277,0.422729,0.992548,0.9944,0.9944,0
1,617,1.832114,0.852591,0.979523,7.5966,1.0000,1
1,618,1.325773,0.330809,0.994964,0.5530,0.5530,0
1,619,1.464012,0.473678,0.990334,2.3885,1.0000,1
1,620,1.061045,0.061062,0.999983,1.2561,1.0000,1
1,621,1.611669,0.621129,0.990540,1.0471,1.0000,1
1,622,1.553926,0.561652,0.992274,2.6108,1.0000,1
1,623,1.305217,0.310276,0.994941,0.5469,0.5469,0
1,624,1.669924,0.675267,0.994657,1.2211,1.0000,1
1,625,1.552374,0.565663,0.986711,4.9962,1.0000,1
1,626,1.594498,0.604250,0.990249,0.5968,0.5968,0
1,627,1.069394,0.069409,0.999985,1.3727,1.0000,1
1,628,1.279826,0.283427,0.996400,0.4505,0.4505,0
1,629,1.416908,0.422742,0.994166,1.9416,1.0000,1
1,630,1.712395,0.721367,0.991028,1.6641,1.0000,1
1,631,1.486243,0.492995,0.993248,2.2803,1.0000,1
1,632,1.764553,0.783634,0.980919,2.4491,1.0000,1
1,633,1.365085,0.368990,0.996095,2.6949,1.0000,1
1,634,1.417078,0.424868,0.992210,2.2560,1.0000,1
1,635,1.365257,0.371274,0.993982,1.3508,1.0000,1
1,636,1.433313,0.442820,0.990493,1.7897,1.0000,1
1,637,1.662828,0.668580,0.994248,0.6209,0.6209,0
1,638,1.513980,0.524327,0.989652,1.6201,1.0000,1
1,639,1.204451,0.206054,0.998397,0.9723,0.9723,0
1,640,1.683557,0.702298,0.981259,2.6323,1.0000,1
1,641,1.481504,0.484191,0.997313,2.6499,1.0000,1
1,642,1.660956,0.669555,0.991401,1.4615,1.0000,1
1,643,1.250399,0.251174,0.999225,3.4530,1.0000,1
1,644,1.325399,0.337968,0.987432,1.1669,1.0000,1
1,645,1.681677,0.688787,0.992890,2.1097,1.0000,1
1,646,1.300132,0.305364,0.994768,2.0133,1.0000,1
1,647,1.699061,0.704565,0.994497,1.3213,1.0000,1
1,648,1.900173,0.928589,0.971585,4.1171,1.0000,1
1,649,2.212535,1.238236,0.974299,172.5784,1.0000,1
1,650,1.953085,0.972030,0.981056,117.3432,1.0000,1
1,651,1.507008,0.510628,0.996379,3.8799,1.0000,1
1,652,1.312681,0.315015,0.997666,1.9147,1.0000,1
1,653,1.900459,0.905937,0.994523,6.7289,1.0000,1
1,654,1.520177,0.540294,0.979884,5.0993,1.0000,1
1,655,1.517529,0.523456,0.994072,82.2953,1.0000,1
1,656,1.613326,0.617911,0.995416,4.2146,1.0000,1
1,657,1.174431,0.175075,0.999356,1.9722,1.0000,1
1,658,1.430258,0.438266,0.991992,1.8034,1.0000,1
1,659,1.828031,0.840137,0.987894,3.7885,1.0000,1
1,660,1.409479,0.415912,0.993567,0.5341,0.5341,0
1,661,1.505094,0.509907,0.995187,1.0458,1.0000,1
1,662,1.605188,0.617681,0.987506,1.2158,1.0000,1
1,663,1.830349,0.832939,0.997410,5.4130,1.0000,1
1,664,1.210934,0.211874,0.999060,2.7813,1.0000,1
1,665,1.630197,0.634788,0.995410,2.5638,1.0000,1
1,666,1.653466,0.668222,0.985245,2.9265,1.0000,1
1,667,1.139341,0.140568,0.998773,0.6267,0.6267,0
1,668,1.430610,0.438890,0.991720,2.8703,1.0000,1
1,669,1.543653,0.551457,0.992196,0.9436,0.9436,0
1,670,1.498157,0.504020,0.994137,1.8628,1.0000,1
1,671,1.269265,0.270618,0.998647,4.4291,1.0000,1
1,672,1.347381,0.351265,0.996116,3.1024,1.0000,1
1,673,1.235929,0.237985,0.997945,3.2214,1.0000,1
1,674,1.775298,0.778008,0.997290,4.4026,1.0000,1
1,675,1.600988,0.608277,0.992710,2.4647,1.0000,1
1,676,1.299748,0.302527,0.997221,1.7040,1.0000,1
1,677,1.637163,0.643062,0.994101,5.3597,1.0000,1
1,678,1.254684,0.257609,0.997076,1.0641,1.0000,1
1,679,1.231508,0.233184,0.998324,1.2033,1.0000,1
1,680,1.488238,0.497890,0.990348,3.1920,1.0000,1
1,681,1.651442,0.659080,0.992361,3.8712,1.0000,1
1,682,1.370108,0.375309,0.994799,2.7660,1.0000,1
1,683,1.067233,0.067691,0.999542,0.9728,0.9728,0
1,684,1.234828,0.238844,0.995984,0.6621,0.6621,0
1,685,1.541320,0.546811,0.994509,0.9226,0.9226,0
1,686,1.283521,0.287164,0.996357,0.7680,0.7680,0
1,687,1.239391,0.243996,0.995395,0.7190,0.7190,0
1,688,1.144418,0.144549,0.999869,2.7878,1.0000,1
1,689,1.356458,0.361707,0.994751,1.1713,1.0000,1
1,690,1.126345,0.128182,0.998164,1.6932,1.0000,1
1,691,2.322852,1.338534,0.984318,4.4865,1.0000,1
1,692,2.015930,1.025028,0.990901,12.5876,1.0000,1
1,693,1.221709,0.222445,0.999264,4.6003,1.0000,1
1,694,1.769890,0.780488,0.989402,4.8606,1.0000,1
1,695,1.232646,0.234875,0.997771,0.6995,0.6995,0
1,696,1.566630,0.571630,0.995000,7.0589,1.0000,1
1,697,1.374844,0.382790,0.992054,3.1917,1.0000,1
1,698,1.364938,0.368289,0.996649,0.9211,0.9211,0
1,699,1.317163,0.321356,0.995807,1.2944,1.0000,1
1,700,1.294493,0.295455,0.999037,1.4223,1.0000,1
1,701,1.331129,0.338862,0.992267,1.2616,1.0000,1
1,702,1.262625,0.265263,0.997362,1.4336,1.0000,1
1,703,1.213917,0.215415,0.998502,1.6273,1.0000,1
1,704,1.209325,0.209894,0.999431,1.8294,1.0000,1
1,705,1.295328,0.301627,0.993702,1.0162,1.0000,1
1,706,2.068214,1.085951,0.982262,12.0825,1.0000,1
1,707,1.369792,0.376701,0.993091,1.5130,1.0000,1
1,708,1.500404,0.519122,0.981282,4.6236,1.0000,1
1,709,1.354141,0.358229,0.995913,1.7851,1.0000,1
1,710,1.140204,0.142958,0.997245,0.6934,0.6934,0
1,711,1.537393,0.542166,0.995227,3.0808,1.0000,1
1,712,1.677245,0.691775,0.985470,6.1580,1.0000,1
1,713,1.123638,0.126007,0.997630,0.6230,0.6230,0
1,714,1.175524,0.177385,0.998139,1.7814,1.0000,1
1,715,1.057912,0.058527,0.999385,0.8401,0.8401,0
1,716,1.766414,0.777590,0.988824,7.0639,1.0000,1
1,717,1.236613,0.238727,0.997886,0.3745,0.3745,0
1,718,1.526951,0.530708,0.996243,2.8864,1.0000,1
1,719,2.135248,1.145060,0.990188,12.3966,1.0000,1
1,720,1.904944,0.914886,0.990059,9.6210,1.0000,1
1,721,1.077436,0.078587,0.998849,0.4619,0.4619,0
1,722,1.317666,0.324148,0.993518,1.7498,1.0000,1
1,723,1.618080,0.627573,0.990507,4.5700,1.0000,1
1,724,1.409426,0.415144,0.994282,1.7710,1.0000,1
1,725,1.394187,0.399087,0.995100,0.5639,0.5639,0
1,726,1.792454,0.799812,0.992642,3.4780,1.0000,1
1,727,1.116593,0.117732,0.998861,1.1690,1.0000,1
1,728,1.450315,0.458141,0.992174,1.4652,1.0000,1
1,729,1.459556,0.463613,0.995943,1.2581,1.0000,1
1,730,1.526085,0.537085,0.989000,1.6319,1.0000,1
1,731,1.355447,0.358672,0.996775,1.2781,1.0000,1
1,732,1.447509,0.451732,0.995777,2.5315,1.0000,1
1,733,1.624778,0.633252,0.991526,2.2026,1.0000,1
1,734,1.637761,0.649155,0.988607,2.3809,1.0000,1
1,735,1.502898,0.509097,0.993801,1.7338,1.0000,1
1,736,1.172170,0.172670,0.999500,2.3519,1.0000,1
1,737,1.446460,0.454192,0.992269,1.4114,1.0000,1
1,738,1.356993,0.359777,0.997217,2.5557,1.0000,1
1,739,1.168899,0.169440,0.999459,1.4418,1.0000,1
1,740,1.368068,0.371180,0.996888,1.8174,1.0000,1
1,741,1.571587,0.577541,0.994046,2.0367,1.0000,1
1,742,1.241680,0.247355,0.994325,2.0947,1.0000,1
1,743,1.217152,0.220014,0.997138,0.8265,0.8265,0
1,744,1.800473,0.829118,0.971354,9.7679,1.0000,1
1,745,1.451294,0.455093,0.996201,3.1172,1.0000,1
1,746,1.313614,0.324195,0.989419,3.1694,1.0000,1
1,747,1.617159,0.621625,0.995534,5.6108,1.0000,1
1,748,1.431111,0.439121,0.991989,1.4204,1.0000,1
1,749,1.567777,0.569840,0.997937,5.5022,1.0000,1
1,750,1.237771,0.245756,0.992016,1.5937,1.0000,1
1,751,2.624368,1.647719,0.976649,8.0661,1.0000,1
1,752,1.868506,0.888631,0.979875,7.4728,1.0000,1
1,753,1.480111,0.483853,0.996259,1.9568,1.0000,1
1,754,1.166885,0.167829,0.999055,2.0203,1.0000,1
1,755,1.566850,0.571645,0.995205,2.6101,1.0000,1
1,756,1.743740,0.750800,0.992940,3.8668,1.0000,1
1,757,1.393924,0.398005,0.995919,1.9396,1.0000,1
1,758,1.321221,0.325041,0.996181,0.6616,0.6616,0
1,759,1.712130,0.718602,0.993528,3.3623,1.0000,1
1,760,1.480328,0.484100,0.996228,3.1613,1.0000,1
1,761,1.540012,0.547880,0.992132,2.4471,1.0000,1
1,762,1.403330,0.406199,0.997131,3.2617,1.0000,1
1,763,1.562982,0.569955,0.993027,1.7745,1.0000,1
1,764,1.326331,0.331425,0.994906,0.9009,0.9009,0
1,765,1.408685,0.410842,0.997843,2.3836,1.0000,1
1,766,1.623216,0.628379,0.994837,1.4414,1.0000,1
1,767,1.242318,0.243165,0.999153,1.3261,1.0000,1
1,768,1.273341,0.276032,0.997309,1.4692,1.0000,1
1,769,1.724511,0.732648,0.991863,3.3117,1.0000,1
1,770,1.860202,0.877331,0.982871,5.9478,1.0000,1
1,771,1.339347,0.344366,0.994981,0.9677,0.9677,0
1,772,1.347208,0.349034,0.998175,0.6789,0.6789,0
1,773,1.657832,0.668943,0.988889,4.9369,1.0000,1
1,774,1.629121,0.638606,0.990515,1.8487,1.0000,1
1,775,1.412622,0.415103,0.997519,1.5229,1.0000,1
1,776,1.719310,0.726831,0.992479,3.7106,1.0000,1
1,777,1.217054,0.221471,0.995583,0.7395,0.7395,0
1,778,1.542557,0.550743,0.991814,1.3027,1.0000,1
1,779,1.412179,0.418140,0.994039,0.9812,0.9812,0
1,780,1.215385,0.219823,0.995562,1.0581,1.0000,1
1,781,1.250322,0.251355,0.998967,2.1318,1.0000,1
1,782,1.327031,0.333225,0.993806,1.4568,1.0000,1
1,783,1.114346,0.114689,0.999657,2.4423,1.0000,1
1,784,1.454305,0.462840,0.991465,1.2750,1.0000,1
1,785,1.200324,0.203466,0.996859,0.4553,0.4553,0
1,786,1.615963,0.626384,0.989579,5.8123,1.0000,1
1,787,1.770800,0.785983,0.984817,4.0064,1.0000,1
1,788,1.424460,0.436187,0.988273,4.3886,1.0000,1
1,789,1.290416,0.292760,0.997655,2.1498,1.0000,1
1,790,1.251645,0.255650,0.995995,1.5858,1.0000,1
1,791,1.510139,0.521396,0.988743,2.7194,1.0000,1
1,792,1.741256,0.753712,0.987544,4.8641,1.0000,1
1,793,2.406518,1.423291,0.983226,18.4131,1.0000,1
1,794,1.223107,0.227271,0.995836,0.5611,0.5611,0
1,795,2.564052,1.588458,0.975594,13.3230,1.0000,1
1,796,1.352124,0.363115,0.989009,1.4645,1.0000,1
1,797,1.337728,0.344736,0.992992,2.5254,1.0000,1
1,798,1.442825,0.456842,0.985983,1.0470,1.0000,1
1,799,1.543659,0.556225,0.987434,0.7896,0.7896,0
1,800,1.547840,0.552830,0.995010,3.2362,1.0000,1
1,801,1.437825,0.448982,0.988843,1.8824,1.0000,1
1,802,1.310880,0.313570,0.997310,2.4654,1.0000,1
1,803,1.504065,0.505690,0.998374,2.8576,1.0000,1
1,804,1.822185,0.840881,0.981304,1.2584,1.0000,1
1,805,1.215065,0.219907,0.995157,0.6521,0.6521,0
1,806,1.133303,0.135319,0.997985,1.6383,1.0000,1
1,807,1.201837,0.202974,0.998863,3.4312,1.0000,1
1,808,1.550339,0.561779,0.988560,0.9333,0.9333,0
1,809,2.233658,1.247676,0.985982,10.7430,1.0000,1
1,810,1.624534,0.634115,0.990420,1.0674,1.0000,1
1,811,1.371254,0.374932,0.996322,0.6111,0.6111,0
1,812,1.527201,0.530700,0.996502,5.4384,1.0000,1
1,813,1.291528,0.295452,0.996076,2.4114,1.0000,1
1,814,1.282654,0.285285,0.997369,2.8479,1.0000,1
1,815,1.566605,0.574313,0.992292,1.4619,1.0000,1
1,816,1.573337,0.591717,0.981620,1.9666,1.0000,1
1,817,1.280804,0.286529,0.994274,3.7807,1.0000,1
1,818,1.320407,0.324111,0.996296,1.6264,1.0000,1
1,819,1.495471,0.501473,0.993998,1.4940,1.0000,1
1,820,1.267169,0.272142,0.995028,1.5489,1.0000,1
1,821,1.240616,0.250034,0.990582,1.0438,1.0000,1
1,822,1.372068,0.378475,0.993593,0.8545,0.8545,0
1,823,1.457370,0.473301,0.984069,3.1194,1.0000,1
1,824,1.402307,0.403380,0.998927,0.9212,0.9212,0
1,825,1.349277,0.351195,0.998083,10.7095,1.0000,1
1,826,1.390845,0.392920,0.997925,4.4256,1.0000,1
1,827,1.146286,0.146650,0.999636,0.5835,0.5835,0
1,828,1.381770,0.386033,0.995737,0.6223,0.6223,0
1,829,1.251035,0.253125,0.997910,3.4001,1.0000,1
1,830,2.144265,1.148920,0.995344,12.8439,1.0000,1
1,831,1.407483,0.424873,0.982610,6.8822,1.0000,1
1,832,1.658486,0.673545,0.984941,6.4387,1.0000,1
1,833,1.501682,0.510594,0.991088,1.2093,1.0000,1
1,834,1.816467,0.834644,0.981823,7.1637,1.0000,1
1,835,1.168068,0.170161,0.997907,1.7603,1.0000,1
1,836,1.327721,0.332119,0.995602,2.1039,1.0000,1
1,837,1.841682,0.850875,0.990807,4.6789,1.0000,1
1,838,1.286617,0.287511,0.999106,1.5126,1.0000,1
1,839,1.792349,0.802054,0.990296,6.0533,1.0000,1
1,840,1.561835,0.567850,0.993985,4.5591,1.0000,1
1,841,1.325523,0.331099,0.994424,1.0940,1.0000,1
1,842,1.212892,0.213120,0.999772,2.4880,1.0000,1
1,843,1.371808,0.372114,0.999694,1.5337,1.0000,1
1,844,1.521839,0.534656,0.987182,3.5164,1.0000,1
1,845,1.691913,0.700494,0.991418,2.2401,1.0000,1
1,846,1.245085,0.249680,0.995405,1.5811,1.0000,1
1,847,1.540202,0.541693,0.998509,15.6854,1.0000,1
1,848,1.338959,0.341545,0.997415,1.7768,1.0000,1
1,849,1.445920,0.452315,0.993605,5.1099,1.0000,1
1,850,1.331581,0.335498,0.996083,5.3836,1.0000,1
1,851,1.572614,0.584046,0.988568,2.0998,1.0000,1
1,852,1.389043,0.393219,0.995823,3.3968,1.0000,1
1,853,1.724967,0.732123,0.992844,2.6493,1.0000,1
1,854,1.518445,0.528631,0.989814,1.5100,1.0000,1
1,855,1.370252,0.372578,0.997674,3.7388,1.0000,1
1,856,1.583840,0.592585,0.991254,0.8835,0.8835,0
1,857,1.374377,0.379309,0.995068,2.9331,1.0000,1
1,858,1.619262,0.625748,0.993514,3.0228,1.0000,1
1,859,1.242869,0.245323,0.997546,3.0011,1.0000,1
1,860,1.781361,0.793130,0.988231,10.3729,1.0000,1
1,861,1.500221,0.511202,0.989018,5.9941,1.0000,1
1,862,1.479919,0.480605,0.999314,0.3764,0.3764,0
1,863,1.778883,0.792865,0.986018,11.6816,1.0000,1
1,864,1.438218,0.452358,0.985860,3.7725,1.0000,1
1,865,1.412897,0.420939,0.991958,2.7426,1.0000,1
1,866,1.498137,0.506432,0.991706,1.1452,1.0000,1
1,867,1.226540,0.227819,0.998721,2.1700,1.0000,1
1,868,1.375958,0.381869,0.994089,1.7714,1.0000,1
1,869,1.488233,0.497918,0.990315,1.2478,1.0000,1
1,870,1.323308,0.328508,0.994800,1.8043,1.0000,1
1,871,1.115135,0.116510,0.998625,0.5025,0.5025,0
1,872,1.380988,0.385969,0.995019,1.1842,1.0000,1
1,873,1.290854,0.293100,0.997754,2.0109,1.0000,1
1,874,1.331047,0.335158,0.995889,1.5541,1.0000,1
1,875,1.624520,0.630535,0.993984,3.4898,1.0000,1
1,876,1.191371,0.194365,0.997006,1.0875,1.0000,1
1,877,1.944613,0.952311,0.992301,7.3017,1.0000,1
1,878,1.260672,0.267528,0.993144,0.7561,0.7561,0
1,879,1.298619,0.303422,0.995197,2.3039,1.0000,1
1,880,1.326907,0.328911,0.997997,2.3110,1.0000,1
1,881,1.501853,0.506006,0.995847,1.8879,1.0000,1
1,882,1.643690,0.645507,0.998183,6.5637,1.0000,1
1,883,1.392716,0.397901,0.994816,0.6365,0.6365,0
1,884,1.330394,0.333301,0.997093,1.9106,1.0000,1
1,885,1.472068,0.476015,0.996053,1.4496,1.0000,1
1,886,1.704964,0.716299,0.988665,3.0579,1.0000,1
1,887,1.172330,0.173415,0.998915,0.9631,0.9631,0
1,888,1.329669,0.334400,0.995268,0.3265,0.3265,0
1,889,1.659548,0.672946,0.986602,1.8028,1.0000,1
1,890,1.383837,0.399059,0.984779,5.2855,1.0000,1
1,891,1.427123,0.430542,0.996581,0.8937,0.8937,0
1,892,1.192057,0.193007,0.999049,2.7206,1.0000,1
1,893,1.585833,0.591947,0.993886,2.2574,1.0000,1
1,894,1.700397,0.717372,0.983025,5.7686,1.0000,1
1,895,1.300142,0.302653,0.997489,0.6630,0.6630,0
1,896,1.328505,0.331278,0.997227,1.3760,1.0000,1
1,897,1.195406,0.197994,0.997413,2.0973,1.0000,1
1,898,1.369928,0.372132,0.997796,2.0146,1.0000,1
1,899,1.848328,0.863412,0.984916,6.9440,1.0000,1
1,900,1.261075,0.262879,0.998196,0.4588,0.4588,0
1,901,1.433897,0.442206,0.991690,1.4399,1.0000,1
1,902,1.342205,0.345010,0.997195,1.5034,1.0000,1
1,903,1.463896,0.468644,0.995252,1.0363,1.0000,1
1,904,1.384101,0.386161,0.997940,1.3637,1.0000,1
1,905,1.522120,0.526509,0.995611,3.2160,1.0000,1
1,906,1.440861,0.443762,0.997099,3.0097,1.0000,1
1,907,1.271419,0.274246,0.997173,0.4689,0.4689,0
1,908,1.381844,0.387449,0.994395,1.3451,1.0000,1
1,909,2.140114,1.149094,0.991020,1.5209,1.0000,1
1,910,1.849756,0.859336,0.990419,18.9476,1.0000,1
1,911,1.484259,0.488003,0.996256,2.1108,1.0000,1
1,912,1.260832,0.263284,0.997549,2.2675,1.0000,1
1,913,1.363829,0.368050,0.995780,4.6093,1.0000,1
1,914,1.356973,0.358451,0.998522,1.7661,1.0000,1
1,915,1.288740,0.295637,0.993103,14.0915,1.0000,1
1,916,2.007140,1.019253,0.987887,10.6643,1.0000,1
1,917,1.678806,0.689922,0.988884,23.0281,1.0000,1
1,918,1.275285,0.277790,0.997496,2.1941,1.0000,1
1,919,1.297851,0.300590,0.997262,2.3763,1.0000,1
1,920,1.581612,0.589786,0.991826,2.9734,1.0000,1
1,921,1.287356,0.291628,0.995729,1.1702,1.0000,1
1,922,1.510434,0.516836,0.993598,2.4830,1.0000,1
1,923,1.158540,0.159654,0.998885,2.0287,1.0000,1
1,924,1.177515,0.180972,0.996543,2.5568,1.0000,1
1,925,1.520075,0.527261,0.992814,2.9246,1.0000,1
1,926,1.348282,0.358193,0.990089,2.9526,1.0000,1
1,927,1.231211,0.233449,0.997762,1.6893,1.0000,1
1,928,1.593796,0.599925,0.993871,0.8115,0.8115,0
1,929,1.299071,0.307740,0.991332,1.9507,1.0000,1
1,930,2.272833,1.293939,0.978894,12.7077,1.0000,1
1,931,1.396287,0.401538,0.994749,1.6823,1.0000,1
1,932,1.250943,0.253032,0.997912,2.1392,1.0000,1
1,933,1.407655,0.412034,0.995622,3.0645,1.0000,1
1,934,1.314788,0.318397,0.996391,2.1676,1.0000,1
1,935,1.167290,0.170263,0.997027,1.9012,1.0000,1
1,936,1.215514,0.216541,0.998973,1.7022,1.0000,1
1,937,1.603422,0.611671,0.991750,3.9535,1.0000,1
1,938,1.938781,0.959050,0.979732,10.6018,1.0000,1
1,939,1.369746,0.394341,0.975405,2.6046,1.0000,1
1,940,1.366972,0.375547,0.991425,2.4739,1.0000,1
1,941,1.128157,0.130152,0.998005,1.1798,1.0000,1
1,942,1.258102,0.259380,0.998722,0.9847,0.9847,0
1,943,1.208860,0.210931,0.997929,2.6730,1.0000,1
1,944,1.797076,0.807528,0.989547,4.1655,1.0000,1
1,945,1.359144,0.362323,0.996822,1.2605,1.0000,1
1,946,1.704321,0.708871,0.995450,2.4605,1.0000,1
1,947,1.664211,0.677258,0.986953,3.0163,1.0000,1
1,948,1.437477,0.440759,0.996719,1.2983,1.0000,1
1,949,1.188032,0.188526,0.999506,3.1887,1.0000,1
1,950,1.409745,0.422137,0.987608,2.6758,1.0000,1
1,951,1.654546,0.675157,0.979389,3.0804,1.0000,1
1,952,1.838797,0.850389,0.988408,5.8425,1.0000,1
1,953,1.343608,0.348558,0.995050,2.5944,1.0000,1
1,954,1.294095,0.295566,0.998529,4.9007,1.0000,1
1,955,1.494409,0.503392,0.991017,1.4292,1.0000,1
1,956,1.609577,0.619692,0.989885,2.2387,1.0000,1
1,957,3.073028,2.087430,0.985599,67.5646,1.0000,1
1,958,1.664347,0.670533,0.993815,13.9007,1.0000,1
1,959,1.817636,0.827108,0.990528,17.7279,1.0000,1
1,960,1.405265,0.409513,0.995752,3.5328,1.0000,1
1,961,1.397212,0.405770,0.991441,3.3744,1.0000,1
1,962,1.354044,0.362941,0.991103,1.3204,1.0000,1
1,963,1.465683,0.471465,0.994218,2.3023,1.0000,1
1,964,1.262604,0.265497,0.997107,2.1368,1.0000,1
1,965,1.345246,0.348003,0.997243,2.1853,1.0000,1
1,966,1.585689,0.596697,0.988992,2.2005,1.0000,1
1,967,1.307159,0.310821,0.996337,1.6177,1.0000,1
1,968,1.522490,0.529908,0.992582,3.6914,1.0000,1
1,969,1.689660,0.709702,0.979958,6.0493,1.0000,1
1,970,1.249146,0.250362,0.998784,3.7121,1.0000,1
1,971,1.425577,0.442650,0.982927,1.8544,1.0000,1
1,972,1.486570,0.490050,0.996519,1.0912,1.0000,1
1,973,1.439080,0.443204,0.995876,1.5472,1.0000,1
1,974,1.647299,0.654316,0.992982,1.2069,1.0000,1
1,975,1.157419,0.158187,0.999232,0.5352,0.5352,0
1,976,1.328797,0.332582,0.996215,1.7046,1.0000,1
1,977,1.387093,0.394919,0.992174,0.7359,0.7359,0
1,978,1.472744,0.477206,0.995538,3.0637,1.0000,1
1,979,1.351078,0.356607,0.994470,0.7688,0.7688,0
1,980,1.392190,0.396206,0.995985,2.4534,1.0000,1
1,981,1.431267,0.434999,0.996268,2.2397,1.0000,1
1,982,1.231719,0.235544,0.996176,1.1022,1.0000,1
1,983,1.765108,0.775702,0.989406,5.4710,1.0000,1
1,984,1.256775,0.257569,0.999206,2.0863,1.0000,1
1,985,1.188731,0.191305,0.997427,0.9815,0.9815,0
1,986,1.240489,0.242446,0.998044,2.4594,1.0000,1
1,987,1.440072,0.448007,0.992065,3.2732,1.0000,1
1,988,1.425651,0.430313,0.995338,2.5830,1.0000,1
1,989,1.479097,0.486968,0.992129,0.6142,0.6142,0
1,990,1.437582,0.441040,0.996542,2.0062,1.0000,1
1,991,1.576173,0.585121,0.991052,2.3100,1.0000,1
1,992,1.439613,0.443646,0.995967,1.1481,1.0000,1
1,993,1.208938,0.211948,0.996990,0.9185,0.9185,0
1,994,1.327725,0.329966,0.997759,1.0397,1.0000,1
1,995,1.345433,0.350809,0.994624,1.2489,1.0000,1
1,996,1.506379,0.517238,0.989141,1.3568,1.0000,1
1,997,1.101724,0.101734,0.999990,1.5990,1.0000,1
1,998,1.169566,0.171208,0.998358,1.6624,1.0000,1
1,999,1.211470,0.214434,0.997036,1.5257,1.0000,1
1,1000,1.305347,0.317439,0.987909,2.5449,1.0000,1
1,1001,1.973534,0.981286,0.992248,10.9395,1.0000,1
1,1002,1.635651,0.639317,0.996335,4.4796,1.0000,1
1,1003,1.554078,0.566003,0.988075,4.1637,1.0000,1
1,1004,1.495678,0.512831,0.982848,3.4114,1.0000,1
1,1005,1.165613,0.167842,0.997772,0.6925,0.6925,0
1,1006,1.490539,0.497740,0.992799,3.3593,1.0000,1
1,1007,1.213403,0.215236,0.998167,2.4216,1.0000,1
1,1008,1.133649,0.134884,0.998765,1.0655,1.0000,1
1,1009,1.404534,0.410137,0.994397,0.9488,0.9488,0
1,1010,1.860530,0.875782,0.984748,6.2858,1.0000,1
1,1011,1.392024,0.398825,0.993199,2.1697,1.0000,1
1,1012,1.573103,0.581871,0.991231,1.9543,1.0000,1
1,1013,1.490982,0.499448,0.991534,2.9784,1.0000,1
1,1014,1.536752,0.543662,0.993089,1.5646,1.0000,1
1,1015,1.305636,0.310295,0.995341,2.1745,1.0000,1
1,1016,1.497565,0.505429,0.992136,2.3252,1.0000,1
1,1017,1.487445,0.503193,0.984252,2.8057,1.0000,1
1,1018,1.688378,0.698514,0.989864,2.2393,1.0000,1
1,1019,1.131894,0.132391,0.999503,1.7460,1.0000,1
1,1020,1.198638,0.200882,0.997757,2.1930,1.0000,1
1,1021,1.543512,0.559741,0.983770,3.4680,1.0000,1
1,1022,1.463006,0.471576,0.991430,2.9623,1.0000,1
1,1023,1.212374,0.216169,0.996205,1.3164,1.0000,1
1,1024,1.227618,0.227781,0.999837,1.7313,1.0000,1
1,1025,1.055738,0.055931,0.999807,1.6307,1.0000,1
1,1026,1.183232,0.187106,0.996126,0.7230,0.7230,0
1,1027,1.195311,0.197227,0.998084,1.8112,1.0000,1
1,1028,1.526595,0.534988,0.991607,8.3061,1.0000,1
1,1029,2.158051,1.166854,0.991197,10.2781,1.0000,1
1,1030,1.280989,0.284382,0.996607,1.1556,1.0000,1
1,1031,2.630827,1.644550,0.986277,22.9745,1.0000,1
1,1032,1.305642,0.308823,0.996819,1.7296,1.0000,1
1,1033,1.152776,0.154402,0.998374,2.1408,1.0000,1
1,1034,1.842221,0.851880,0.990341,9.1981,1.0000,1
1,1035,1.372808,0.382845,0.989963,1.8035,1.0000,1
1,1036,1.247437,0.249193,0.998244,1.4429,1.0000,1
1,1037,2.048549,1.058690,0.989859,10.8816,1.0000,1
1,1038,1.311888,0.313765,0.998123,1.2203,1.0000,1
1,1039,1.302606,0.307450,0.995156,0.8564,0.8564,0
1,1040,1.499705,0.509866,0.989839,2.6143,1.0000,1
1,1041,1.211298,0.214042,0.997255,1.0982,1.0000,1
1,1042,1.352604,0.355788,0.996815,1.4937,1.0000,1
1,1043,1.197815,0.199013,0.998802,2.0763,1.0000,1
1,1044,1.311194,0.321879,0.989315,2.5371,1.0000,1
1,1045,1.440187,0.444123,0.996064,0.7443,0.7443,0
1,1046,1.408483,0.413326,0.995156,0.9752,0.9752,0
1,1047,1.416668,0.421368,0.995300,1.8321,1.0000,1
1,1048,1.817153,0.834036,0.983117,4.0879,1.0000,1
1,1049,1.467679,0.472745,0.994934,2.0527,1.0000,1
1,1050,1.499961,0.506806,0.993154,1.3831,1.0000,1
1,1051,1.263720,0.265946,0.997774,1.4838,1.0000,1
1,1052,1.359814,0.372534,0.987280,1.9056,1.0000,1
1,1053,1.351984,0.357703,0.994280,1.9457,1.0000,1
1,1054,1.796258,0.799748,0.996510,5.8703,1.0000,1
1,1055,1.383210,0.388393,0.994817,1.7200,1.0000,1
1,1056,1.264130,0.264218,0.999912,4.2737,1.0000,1
1,1057,1.442158,0.449839,0.992319,2.8272,1.0000,1
1,1058,1.259489,0.262358,0.997131,1.9751,1.0000,1
1,1059,1.578831,0.593835,0.984996,5.0451,1.0000,1
1,1060,1.248625,0.249700,0.998925,3.0165,1.0000,1
1,1061,1.776235,0.798701,0.977534,7.6391,1.0000,1
1,1062,1.449764,0.453197,0.996567,1.4617,1.0000,1
1,1063,1.231778,0.233809,0.997968,2.7052,1.0000,1
1,1064,2.064800,1.074342,0.990458,8.9874,1.0000,1
1,1065,1.144386,0.145660,0.998725,1.2974,1.0000,1
1,1066,1.157854,0.159655,0.998199,0.4505,0.4505,0
1,1067,2.132607,1.150304,0.982303,8.1872,1.0000,1
1,1068,1.399129,0.401583,0.997545,3.7363,1.0000,1
1,1069,1.711802,0.723123,0.988679,2.6666,1.0000,1
1,1070,1.510334,0.516355,0.993979,3.3716,1.0000,1
1,1071,1.863014,0.877446,0.985568,5.1636,1.0000,1
1,1072,1.356984,0.361538,0.995445,0.6161,0.6161,0
1,1073,1.647330,0.658419,0.988910,1.6919,1.0000,1
1,1074,1.608051,0.620840,0.987211,3.2641,1.0000,1
1,1075,1.363293,0.366537,0.996755,0.7585,0.7585,0
1,1076,1.723059,0.732272,0.990787,1.8832,1.0000,1
1,1077,1.486691,0.492050,0.994641,1.2669,1.0000,1
1,1078,1.370099,0.373756,0.996343,1.6533,1.0000,1
1,1079,1.318904,0.322021,0.996884,3.2873,1.0000,1
1,1080,1.334359,0.337148,0.997211,2.7547,1.0000,1
1,1081,1.566824,0.572439,0.994386,0.7661,0.7661,0
1,1082,1.685388,0.694623,0.990766,2.7253,1.0000,1
1,1083,1.183629,0.185956,0.997673,1.2627,1.0000,1
1,1084,1.449723,0.453585,0.996138,2.9374,1.0000,1
1,1085,1.514468,0.519195,0.995273,2.8087,1.0000,1
1,1086,1.470924,0.474633,0.996291,2.3816,1.0000,1
1,1087,1.331442,0.336336,0.995106,1.6415,1.0000,1
1,1088,1.564348,0.569367,0.994981,7.1120,1.0000,1
1,1089,1.481865,0.488333,0.993532,8.0540,1.0000,1
1,1090,1.387449,0.389934,0.997515,2.8108,1.0000,1
1,1091,1.607844,0.622687,0.985156,2.3783,1.0000,1
1,1092,2.145561,1.163042,0.982519,9.9646,1.0000,1
1,1093,1.211312,0.214518,0.996794,1.7766,1.0000,1
1,1094,1.133391,0.135551,0.997840,0.8423,0.8423,0
1,1095,1.421877,0.430364,0.991513,3.5139,1.0000,1
1,1096,1.171325,0.172884,0.998441,1.2213,1.0000,1
1,1097,1.357631,0.364002,0.993629,1.3585,1.0000,1
1,1098,1.382971,0.390561,0.992411,1.0987,1.0000,1
1,1099,1.134519,0.137927,0.996592,1.0212,1.0000,1
1,1100,1.218285,0.224158,0.994126,1.7480,1.0000,1
1,1101,1.718431,0.722437,0.995994,7.0226,1.0000,1
1,1102,1.190871,0.194182,0.996689,3.1536,1.0000,1
1,1103,1.336954,0.338028,0.998926,4.2367,1.0000,1
1,1104,1.304635,0.310148,0.994488,5.1121,1.0000,1
1,1105,1.229979,0.235731,0.994248,1.6650,1.0000,1
1,1106,1.781076,0.796147,0.984929,8.1970,1.0000,1
1,1107,1.094660,0.096029,0.998631,1.3622,1.0000,1
1,1108,1.385384,0.389239,0.996145,1.9431,1.0000,1
1,1109,1.865440,0.890605,0.974835,6.0029,1.0000,1
1,1110,1.513968,0.520716,0.993252,11.0938,1.0000,1
1,1111,1.809456,0.820243,0.989213,12.1805,1.0000,1
1,1112,1.828007,0.841158,0.986848,5.4040,1.0000,1
1,1113,1.251789,0.256904,0.994886,1.6862,1.0000,1
1,1114,1.240809,0.245519,0.995290,1.1390,1.0000,1
1,1115,1.526570,0.536965,0.989604,1.7853,1.0000,1
1,1116,1.189471,0.191015,0.998456,1.7780,1.0000,1
1,1117,1.660662,0.671348,0.989314,4.1945,1.0000,1
1,1118,1.591191,0.597860,0.993332,1.9420,1.0000,1
1,1119,1.309036,0.311076,0.997960,2.4763,1.0000,1
1,1120,1.231574,0.235041,0.996533,0.3539,0.3539,0
1,1121,1.547719,0.557288,0.990432,1.1964,1.0000,1
1,1122,1.318356,0.328171,0.990185,1.3784,1.0000,1
1,1123,1.461054,0.469601,0.991453,1.1085,1.0000,1
1,1124,1.600265,0.606168,0.994097,1.1005,1.0000,1
1,1125,1.445904,0.452486,0.993418,3.4208,1.0000,1
1,1126,1.452753,0.460744,0.992009,2.2195,1.0000,1
1,1127,1.391152,0.400154,0.990998,0.8700,0.8700,0
1,1128,1.282131,0.288396,0.993735,1.6143,1.0000,1
1,1129,1.282030,0.287360,0.994670,1.7399,1.0000,1
1,1130,1.229216,0.230983,0.998232,2.8197,1.0000,1
1,1131,1.265611,0.270186,0.995425,0.8029,0.8029,0
1,1132,1.249619,0.253125,0.996493,2.0945,1.0000,1
1,1133,1.608061,0.614329,0.993733,10.3816,1.0000,1
1,1134,1.709499,0.713571,0.995928,8.8804,1.0000,1
1,1135,1.314177,0.328568,0.985608,3.4806,1.0000,1
1,1136,1.244443,0.247465,0.996978,0.9068,0.9068,0
1,1137,1.491299,0.497279,0.994020,2.7506,1.0000,1
1,1138,1.615607,0.621024,0.994583,5.6427,1.0000,1
1,1139,1.277169,0.282791,0.994379,1.2802,1.0000,1
1,1140,1.590450,0.598623,0.991827,6.9815,1.0000,1
1,1141,1.212080,0.218708,0.993372,1.3830,1.0000,1
1,1142,1.552632,0.559881,0.992751,1.2611,1.0000,1
1,1143,1.487650,0.491890,0.995760,3.0931,1.0000,1
1,1144,1.420636,0.423097,0.997538,2.5633,1.0000,1
1,1145,1.495196,0.499502,0.995694,1.8846,1.0000,1
1,1146,1.388697,0.394407,0.994290,1.9885,1.0000,1
1,1147,1.279216,0.282359,0.996857,2.0583,1.0000,1
1,1148,1.307792,0.309808,0.997984,1.5070,1.0000,1
1,1149,1.439020,0.442472,0.996548,3.4113,1.0000,1
1,1150,1.405651,0.414876,0.990775,1.0559,1.0000,1
1,1151,1.444792,0.449022,0.995770,1.8243,1.0000,1
1,1152,1.835427,0.854025,0.981403,6.5926,1.0000,1
1,1153,1.428839,0.439299,0.989540,2.7890,1.0000,1
1,1154,1.362410,0.367459,0.994951,1.8447,1.0000,1
1,1155,1.215749,0.219493,0.996256,1.1488,1.0000,1
1,1156,1.114167,0.114834,0.999334,1.1355,1.0000,1
1,1157,1.308097,0.311679,0.996418,0.7613,0.7613,0
1,1158,1.510543,0.514177,0.996366,2.6221,1.0000,1
1,1159,1.518671,0.530807,0.987864,3.4157,1.0000,1
1,1160,1.420947,0.436218,0.984729,2.4367,1.0000,1
1,1161,1.229651,0.233292,0.996359,1.1740,1.0000,1
1,1162,1.210290,0.210599,0.999691,1.6842,1.0000,1
1,1163,1.165653,0.166632,0.999021,1.2427,1.0000,1
1,1164,1.328121,0.330749,0.997372,3.0049,1.0000,1
1,1165,1.327702,0.330209,0.997492,3.1560,1.0000,1
1,1166,1.332759,0.337203,0.995557,1.7834,1.0000,1
1,1167,1.453583,0.456845,0.996738,1.7017,1.0000,1
1,1168,1.327139,0.330949,0.996190,1.1681,1.0000,1
1,1169,1.425159,0.431607,0.993552,4.0666,1.0000,1
1,1170,1.235720,0.243898,0.991822,0.8728,0.8728,0
1,1171,1.467555,0.472671,0.994884,4.3776,1.0000,1
1,1172,1.357660,0.361971,0.995688,1.2114,1.0000,1
1,1173,1.166169,0.167001,0.999169,2.1620,1.0000,1
1,1174,1.571897,0.578159,0.993737,1.9562,1.0000,1
1,1175,2.333968,1.349074,0.984894,9.1753,1.0000,1
1,1176,1.680014,0.693662,0.986352,2.6261,1.0000,1
1,1177,1.449345,0.455266,0.994079,1.1479,1.0000,1
1,1178,1.425197,0.429644,0.995552,3.8384,1.0000,1
1,1179,1.280567,0.283592,0.996976,1.0758,1.0000,1
1,1180,1.117338,0.117382,0.999955,2.5165,1.0000,1
1,1181,1.227005,0.228774,0.998230,2.3303,1.0000,1
1,1182,1.660307,0.670779,0.989528,0.9594,0.9594,0
1,1183,1.457901,0.465150,0.992751,1.7601,1.0000,1
1,1184,1.264297,0.268033,0.996264,2.1948,1.0000,1
1,1185,1.542006,0.552817,0.989188,2.1166,1.0000,1
1,1186,1.336141,0.342701,0.993441,1.5403,1.0000,1
1,1187,1.277621,0.283882,0.993740,1.3458,1.0000,1
1,1188,1.368414,0.374773,0.993640,0.9204,0.9204,0
1,1189,1.227354,0.229778,0.997576,1.1298,1.0000,1
1,1190,1.300429,0.308241,0.992188,0.8490,0.8490,0
1,1191,1.499072,0.504047,0.995025,1.0670,1.0000,1
1,1192,1.711109,0.726551,0.984558,5.7790,1.0000,1
1,1193,1.561540,0.568605,0.992935,3.8736,1.0000,1
1,1194,1.638766,0.649993,0.988773,5.0197,1.0000,1
1,1195,1.293929,0.296608,0.997321,1.5095,1.0000,1
1,1196,1.467739,0.472591,0.995148,4.6540,1.0000,1
1,1197,1.493335,0.499475,0.993859,3.8415,1.0000,1
1,1198,1.168309,0.173047,0.995262,0.3326,0.3326,0
1,1199,1.506003,0.515057,0.990945,2.7988,1.0000,1
1,1200,1.603723,0.609880,0.993842,5.6184,1.0000,1
1,1201,1.345224,0.349988,0.995237,2.2748,1.0000,1
1,1202,1.365896,0.373345,0.992551,1.0720,1.0000,1
1,1203,1.759252,0.764691,0.994561,8.1622,1.0000,1
1,1204,1.212518,0.215090,0.997428,2.2816,1.0000,1
1,1205,1.691891,0.705862,0.986029,2.1945,1.0000,1
1,1206,1.273128,0.277652,0.995476,1.5886,1.0000,1
1,1207,1.401034,0.413713,0.987321,1.7379,1.0000,1
1,1208,1.316663,0.321418,0.995245,2.1991,1.0000,1
1,1209,1.334932,0.345106,0.989826,3.5328,1.0000,1
1,1210,1.536745,0.549535,0.987210,2.3775,1.0000,1
1,1211,1.702075,0.711699,0.990376,8.9290,1.0000,1
1,1212,1.361632,0.365991,0.995642,1.1231,1.0000,1
1,1213,1.564914,0.584945,0.979969,2.1692,1.0000,1
1,1214,1.167862,0.171772,0.996090,1.6169,1.0000,1
1,1215,1.253419,0.255293,0.998126,2.4746,1.0000,1
1,1216,1.412084,0.416947,0.995137,2.2155,1.0000,1
1,1217,1.149533,0.150523,0.999010,1.7482,1.0000,1
1,1218,1.688569,0.698137,0.990432,4.1237,1.0000,1
1,1219,1.461502,0.469835,0.991667,2.7909,1.0000,1
1,1220,1.666096,0.685574,0.980523,7.2507,1.0000,1
1,1221,1.347401,0.350967,0.996434,1.6138,1.0000,1
1,1222,1.275954,0.280069,0.995885,1.7583,1.0000,1
1,1223,1.207251,0.208980,0.998271,2.3577,1.0000,1
1,1224,1.107098,0.110859,0.996239,0.5678,0.5678,0
1,1225,1.881878,0.888809,0.993069,10.8034,1.0000,1
1,1226,1.290809,0.298495,0.992313,4.5560,1.0000,1
1,1227,1.631971,0.645319,0.986652,7.9444,1.0000,1
1,1228,1.307914,0.315413,0.992501,0.7627,0.7627,0
1,1229,1.424879,0.438167,0.986712,2.3072,1.0000,1
1,1230,2.191029,1.208821,0.982208,13.9969,1.0000,1
1,1231,1.715843,0.731297,0.984546,5.7942,1.0000,1
1,1232,1.655476,0.680540,0.974937,10.0031,1.0000,1
1,1233,1.228678,0.230017,0.998662,2.1350,1.0000,1
1,1234,1.636631,0.649935,0.986695,2.0968,1.0000,1
1,1235,1.152392,0.154591,0.997801,0.7788,0.7788,0
1,1236,1.415356,0.425135,0.990220,1.9669,1.0000,1
1,1237,1.390507,0.393537,0.996969,1.9855,1.0000,1
2,1238,1.215613,0.221031,0.994582,1.4870,1.0000,1
2,1239,1.723492,0.728720,0.994773,9.8762,1.0000,1
2,1240,1.526192,0.537551,0.988641,3.2314,1.0000,1
2,1241,1.152289,0.155130,0.997160,1.3196,1.0000,1
2,1242,1.639302,0.651768,0.987534,9.2462,1.0000,1
2,1243,1.156816,0.158771,0.998044,0.5157,0.5157,0
2,1244,1.563994,0.568575,0.995419,1.4176,1.0000,1
2,1245,1.322710,0.324575,0.998135,1.4654,1.0000,1
2,1246,1.721632,0.736304,0.985327,9.2086,1.0000,1
2,1247,1.471568,0.478073,0.993495,2.9643,1.0000,1
2,1248,1.395953,0.398970,0.996983,1.9210,1.0000,1
2,1249,1.223338,0.223786,0.999552,3.8901,1.0000,1
2,1250,1.458618,0.463678,0.994940,1.1124,1.0000,1
2,1251,1.177563,0.180838,0.996725,1.1127,1.0000,1
2,1252,1.211186,0.212408,0.998778,1.7257,1.0000,1
2,1253,1.831102,0.843531,0.987571,6.8420,1.0000,1
2,1254,1.632821,0.635501,0.997320,3.1623,1.0000,1
2,1255,1.244130,0.245869,0.998261,1.4655,1.0000,1
2,1256,1.155048,0.156672,0.998377,0.8948,0.8948,0
2,1257,2.029779,1.040653,0.989127,10.9291,1.0000,1
2,1258,1.334738,0.341302,0.993436,0.9077,0.9077,0
2,1259,1.369971,0.376934,0.993037,2.8425,1.0000,1
2,1260,1.198854,0.201393,0.997460,0.4961,0.4961,0
2,1261,1.673069,0.681275,0.991794,5.7786,1.0000,1
2,1262,1.156947,0.161076,0.995872,0.9479,0.9479,0
2,1263,1.469043,0.477077,0.991966,4.1343,1.0000,1
2,1264,1.502040,0.513885,0.988155,1.6376,1.0000,1
2,1265,1.139151,0.140206,0.998946,1.1761,1.0000,1
2,1266,1.365220,0.372081,0.993140,3.5406,1.0000,1
2,1267,1.407526,0.412379,0.995148,1.5703,1.0000,1
2,1268,1.613539,0.627291,0.986248,1.1240,1.0000,1
2,1269,1.943319,0.954639,0.988680,4.2016,1.0000,1
2,1270,1.406881,0.412020,0.994861,1.9982,1.0000,1
2,1271,1.201518,0.203035,0.998483,2.6594,1.0000,1
2,1272,1.374308,0.380986,0.993322,4.4017,1.0000,1
2,1273,1.282614,0.285813,0.996802,2.9654,1.0000,1
2,1274,1.892596,0.910925,0.981671,5.5533,1.0000,1
2,1275,1.340540,0.348266,0.992273,4.0456,1.0000,1
2,1276,1.384209,0.394421,0.989788,2.2107,1.0000,1
2,1277,1.112195,0.112828,0.999367,2.0675,1.0000,1
2,1278,1.243243,0.244904,0.998340,2.4519,1.0000,1
2,1279,2.010459,1.028882,0.981577,6.9831,1.0000,1
2,1280,1.875611,0.887567,0.988044,12.7802,1.0000,1
2,1281,1.386669,0.394256,0.992414,2.2010,1.0000,1
2,1282,1.245339,0.247854,0.997484,1.4974,1.0000,1
2,1283,1.344145,0.350084,0.994061,1.8751,1.0000,1
2,1284,2.415285,1.421870,0.993415,17.6682,1.0000,1
2,1285,1.378347,0.384956,0.993390,1.8491,1.0000,1
2,1286,1.288402,0.289549,0.998853,2.0077,1.0000,1
2,1287,1.553009,0.564139,0.988871,3.3283,1.0000,1
2,1288,1.230290,0.231976,0.998313,2.6162,1.0000,1
2,1289,2.150786,1.171969,0.978817,10.4812,1.0000,1
2,1290,1.154701,0.156338,0.998364,2.0314,1.0000,1
2,1291,1.341443,0.346656,0.994787,0.6078,0.6078,0
2,1292,1.758978,0.783599,0.975379,5.8977,1.0000,1
2,1293,1.164151,0.171826,0.992326,1.3572,1.0000,1
2,1294,1.393848,0.396129,0.997719,4.4192,1.0000,1
2,1295,1.562016,0.569647,0.992369,6.1411,1.0000,1
2,1296,1.271284,0.274212,0.997073,5.4106,1.0000,1
2,1297,1.419478,0.427283,0.992195,0.6675,0.6675,0
2,1298,1.583570,0.594989,0.988581,1.6346,1.0000,1
2,1299,1.407500,0.409237,0.998263,5.5580,1.0000,1
2,1300,1.272392,0.273363,0.999029,3.5465,1.0000,1
2,1301,1.323050,0.325255,0.997795,3.0418,1.0000,1
2,1302,1.587727,0.599616,0.988111,1.9398,1.0000,1
2,1303,1.424264,0.429707,0.994557,2.9761,1.0000,1
2,1304,1.306509,0.314672,0.991837,1.0884,1.0000,1
2,1305,1.345791,0.350011,0.995779,1.7952,1.0000,1
2,1306,1.553240,0.563741,0.989499,6.2063,1.0000,1
2,1307,1.761156,0.774523,0.986633,4.2333,1.0000,1
2,1308,1.730666,0.737838,0.992828,2.9999,1.0000,1
2,1309,1.455054,0.460650,0.994404,1.4826,1.0000,1
2,1310,1.101145,0.101896,0.999249,0.7641,0.7641,0
2,1311,1.483208,0.488423,0.994785,2.2045,1.0000,1
2,1312,1.238695,0.242372,0.996323,2.0767,1.0000,1
2,1313,1.670288,0.688053,0.982234,5.6374,1.0000,1
2,1314,1.695107,0.703014,0.992093,7.6164,1.0000,1
2,1315,1.354243,0.362786,0.991457,2.7079,1.0000,1
2,1316,1.289691,0.297404,0.992287,2.2815,1.0000,1
2,1317,1.624472,0.641283,0.983189,5.3005,1.0000,1
2,1318,1.467850,0.477030,0.990820,2.1259,1.0000,1
2,1319,1.472608,0.479048,0.993561,1.5142,1.0000,1
2,1320,1.478732,0.485742,0.992990,1.9311,1.0000,1
2,1321,1.292439,0.295365,0.997074,1.7543,1.0000,1
2,1322,1.461759,0.465005,0.996754,2.0901,1.0000,1
2,1323,1.357276,0.362092,0.995185,1.6453,1.0000,1
2,1324,1.349346,0.354295,0.995050,3.4767,1.0000,1
2,1325,1.440563,0.450922,0.989641,2.7206,1.0000,1
2,1326,1.451680,0.457686,0.993995,3.6516,1.0000,1
2,1327,1.464026,0.469545,0.994480,3.5175,1.0000,1
2,1328,1.543460,0.554141,0.989319,2.3597,1.0000,1
2,1329,1.570930,0.588207,0.982723,7.6162,1.0000,1
2,1330,1.498554,0.509390,0.989164,2.7277,1.0000,1
2,1331,1.108545,0.109437,0.999108,1.3795,1.0000,1
2,1332,1.492932,0.502588,0.990343,3.0786,1.0000,1
2,1333,1.603389,0.620259,0.983131,3.2553,1.0000,1
2,1334,1.399864,0.411575,0.988289,2.2036,1.0000,1
2,1335,1.675309,0.682083,0.993226,6.8978,1.0000,1
2,1336,1.252071,0.254686,0.997385,1.4376,1.0000,1
2,1337,1.336397,0.341033,0.995363,1.3178,1.0000,1
2,1338,1.346931,0.354431,0.992500,0.6635,0.6635,0
2,1339,1.847889,0.869292,0.978597,7.9505,1.0000,1
2,1340,1.136635,0.136821,0.999814,1.5000,1.0000,1
2,1341,1.832684,0.843410,0.989274,12.9044,1.0000,1
2,1342,1.669662,0.680913,0.988750,7.3974,1.0000,1
2,1343,1.392161,0.398868,0.993294,1.5532,1.0000,1
2,1344,1.397665,0.411772,0.985893,1.8872,1.0000,1
2,1345,1.442452,0.449737,0.992715,2.7383,1.0000,1
2,1346,1.513590,0.529467,0.984124,6.8349,1.0000,1
2,1347,1.441672,0.448386,0.993286,2.1672,1.0000,1
2,1348,1.402161,0.410107,0.992054,1.4426,1.0000,1
2,1349,1.521365,0.529189,0.992176,4.3197,1.0000,1
2,1350,1.434518,0.441456,0.993062,2.0173,1.0000,1
2,1351,1.232996,0.233694,0.999301,2.7284,1.0000,1
2,1352,1.447230,0.454193,0.993037,1.8304,1.0000,1
2,1353,1.131585,0.134723,0.996862,1.2547,1.0000,1
2,1354,1.571510,0.580484,0.991026,3.2848,1.0000,1
2,1355,1.239379,0.257920,0.981459,1.5657,1.0000,1
2,1356,1.142770,0.146417,0.996353,0.9490,0.9490,0
2,1357,1.681281,0.695101,0.986179,4.5083,1.0000,1
2,1358,1.550153,0.558994,0.991160,2.8325,1.0000,1
2,1359,1.354300,0.361234,0.993066,0.8868,0.8868,0
2,1360,1.627340,0.633055,0.994285,6.2790,1.0000,1
2,1361,1.147814,0.148624,0.999190,0.9559,0.9559,0
2,1362,1.353294,0.357203,0.996091,2.1597,1.0000,1
2,1363,1.133410,0.138351,0.995059,2.8145,1.0000,1
2,1364,1.375993,0.383668,0.992325,1.1059,1.0000,1
2,1365,1.440792,0.447942,0.992850,4.4226,1.0000,1
2,1366,1.203185,0.209128,0.994057,1.2016,1.0000,1
2,1367,1.268881,0.271703,0.997179,1.9961,1.0000,1
2,1368,1.216451,0.218810,0.997641,1.6988,1.0000,1
2,1369,1.170159,0.173257,0.996902,2.4168,1.0000,1
2,1370,1.512553,0.527524,0.985029,6.1890,1.0000,1
2,1371,1.711140,0.735439,0.975701,5.1402,1.0000,1
2,1372,1.925953,0.938629,0.987323,8.9554,1.0000,1
2,1373,1.468770,0.482899,0.985870,2.9647,1.0000,1
2,1374,1.636413,0.646505,0.989908,2.7377,1.0000,1
2,1375,1.187497,0.191632,0.995864,2.3333,1.0000,1
2,1376,1.784831,0.830786,0.954044,5.6125,1.0000,1
2,1377,1.362360,0.366047,0.996313,4.0750,1.0000,1
2,1378,1.655814,0.670503,0.985311,4.5194,1.0000,1
2,1379,1.376719,0.394534,0.982185,4.1741,1.0000,1
2,1380,1.311058,0.312010,0.999048,1.9770,1.0000,1
2,1381,1.376202,0.393834,0.982368,3.3448,1.0000,1
2,1382,1.544171,0.555130,0.989041,4.5706,1.0000,1
2,1383,1.427389,0.466442,0.960947,5.0878,1.0000,1
2,1384,1.596685,0.622972,0.973714,11.9652,1.0000,1
2,1385,1.731115,0.748549,0.982566,2.8571,1.0000,1
2,1386,1.214783,0.219368,0.995415,3.9325,1.0000,1
2,1387,1.845972,0.862484,0.983488,9.1259,1.0000,1
2,1388,1.326529,0.333559,0.992970,2.8297,1.0000,1
2,1389,1.323606,0.350039,0.973567,4.9875,1.0000,1
2,1390,1.190345,0.196553,0.993792,1.5382,1.0000,1
2,1391,1.531364,0.539460,0.991904,5.9737,1.0000,1
2,1392,1.269130,0.273600,0.995531,1.0375,1.0000,1
2,1393,1.499791,0.503826,0.995965,2.7044,1.0000,1
2,1394,1.290961,0.295130,0.995831,1.4605,1.0000,1
2,1395,1.684299,0.702546,0.981753,7.0093,1.0000,1
2,1396,1.086262,0.087015,0.999248,1.4514,1.0000,1
2,1397,1.369102,0.390586,0.978515,10.2912,1.0000,1
2,1398,1.424555,0.434110,0.990445,2.1914,1.0000,1
2,1399,1.553298,0.561181,0.992117,6.2526,1.0000,1
2,1400,1.679529,0.693132,0.986397,3.4836,1.0000,1
2,1401,1.348965,0.352247,0.996719,6.7855,1.0000,1
2,1402,1.374477,0.379792,0.994685,4.9858,1.0000,1
2,1403,1.323556,0.327986,0.995570,2.2926,1.0000,1
2,1404,1.371707,0.422708,0.948999,2.8169,1.0000,1
2,1405,1.333406,0.356470,0.976936,1.3061,1.0000,1
2,1406,1.329688,0.352858,0.976830,2.4722,1.0000,1
2,1407,1.256860,0.267728,0.989132,1.6533,1.0000,1
2,1408,1.146849,0.161945,0.984904,2.1916,1.0000,1
2,1409,2.470891,1.513906,0.956984,31.5000,1.0000,1
2,1410,1.533603,0.540794,0.992809,4.8698,1.0000,1
2,1411,1.426229,0.433097,0.993132,2.4098,1.0000,1
2,1412,1.019222,0.020023,0.999199,0.4088,0.4088,0
2,1413,1.285657,0.287240,0.998417,1.4113,1.0000,1
2,1414,1.271150,0.272148,0.999002,2.2377,1.0000,1
2,1415,1.320013,0.327041,0.992972,5.7699,1.0000,1
2,1416,1.374546,0.382579,0.991967,2.4822,1.0000,1
2,1417,1.322558,0.326850,0.995709,4.0510,1.0000,1
2,1418,2.093418,1.130735,0.962683,15.1907,1.0000,1
2,1419,1.376051,0.390769,0.985281,4.5748,1.0000,1
2,1420,1.172951,0.175226,0.997725,1.7139,1.0000,1
2,1421,1.571078,0.577919,0.993159,1.5867,1.0000,1
2,1422,1.234652,0.239213,0.995439,2.8321,1.0000,1
2,1423,1.460413,0.465506,0.994907,2.4692,1.0000,1
2,1424,1.321363,0.325935,0.995427,2.8323,1.0000,1
2,1425,1.437435,0.447122,0.990313,3.0197,1.0000,1
2,1426,1.515656,0.521348,0.994308,4.6101,1.0000,1
2,1427,1.312936,0.317981,0.994955,1.6075,1.0000,1
2,1428,1.245149,0.253524,0.991625,1.1655,1.0000,1
2,1429,1.317226,0.328334,0.988892,2.6769,1.0000,1
2,1430,1.617660,0.632562,0.985098,5.6189,1.0000,1
2,1431,1.645231,0.651531,0.993700,4.8886,1.0000,1
2,1432,1.307818,0.315368,0.992450,2.7787,1.0000,1
2,1433,1.289897,0.291476,0.998421,2.1285,1.0000,1
2,1434,1.543192,0.557513,0.985680,1.2769,1.0000,1
2,1435,1.148747,0.157195,0.991552,1.0953,1.0000,1
2,1436,1.626745,0.645019,0.981725,4.6541,1.0000,1
2,1437,1.180783,0.188437,0.992346,2.2187,1.0000,1
2,1438,1.209535,0.216528,0.993007,2.1633,1.0000,1
2,1439,1.205972,0.229001,0.976971,7.2240,1.0000,1
2,1440,1.167033,0.185634,0.981399,2.0415,1.0000,1
2,1441,1.233128,0.238537,0.994591,5.9345,1.0000,1
2,1442,1.153774,0.156984,0.996790,1.7126,1.0000,1
2,1443,1.623569,0.645479,0.978090,11.6945,1.0000,1
2,1444,1.222061,0.229382,0.992679,4.7275,1.0000,1
2,1445,1.380374,0.389592,0.990782,3.3619,1.0000,1
2,1446,1.644190,0.651896,0.992294,7.1827,1.0000,1
2,1447,1.380881,0.386570,0.994310,1.6781,1.0000,1
2,1448,1.110873,0.113559,0.997315,0.2767,0.2767,0
2,1449,1.225940,0.231362,0.994578,1.7246,1.0000,1
2,1450,1.643014,0.667616,0.975397,11.6526,1.0000,1
2,1451,1.133579,0.140146,0.993434,1.4906,1.0000,1
2,1452,1.185079,0.191657,0.993421,4.0310,1.0000,1
2,1453,1.203099,0.208408,0.994691,1.5875,1.0000,1
2,1454,1.758982,0.773905,0.985078,12.6041,1.0000,1
2,1455,1.309638,0.314900,0.994738,1.1605,1.0000,1
2,1456,1.636577,0.656035,0.980542,5.0524,1.0000,1
2,1457,1.666037,0.680784,0.985252,9.6057,1.0000,1
2,1458,1.671936,0.710276,0.961660,6.6533,1.0000,1
2,1459,1.203238,0.205932,0.997305,1.5516,1.0000,1
2,1460,1.136589,0.137630,0.998959,1.0741,1.0000,1
2,1461,1.294863,0.299860,0.995004,4.1179,1.0000,1
2,1462,2.298828,1.308216,0.990612,17.9385,1.0000,1
2,1463,1.261181,0.263512,0.997669,2.4137,1.0000,1
2,1464,1.523570,0.546995,0.976576,3.1202,1.0000,1
2,1465,1.669191,0.679588,0.989603,1.9056,1.0000,1
2,1466,1.244410,0.257931,0.986479,1.6387,1.0000,1
2,1467,1.227547,0.232567,0.994980,1.2761,1.0000,1
2,1468,1.713445,0.747468,0.965977,8.7723,1.0000,1
2,1469,1.566411,0.580754,0.985657,2.1586,1.0000,1
2,1470,1.159675,0.161961,0.997714,0.9957,0.9957,0
2,1471,1.171052,0.173612,0.997439,0.8296,0.8296,0
2,1472,1.410893,0.420816,0.990077,2.4259,1.0000,1
2,1473,1.333211,0.343822,0.989390,2.8456,1.0000,1
2,1474,1.291817,0.303583,0.988235,2.4407,1.0000,1
2,1475,1.772904,0.805680,0.967224,8.6784,1.0000,1
2,1476,1.441161,0.452604,0.988557,1.3692,1.0000,1
2,1477,1.257652,0.265029,0.992623,1.3577,1.0000,1
2,1478,1.319816,0.329622,0.990194,6.2371,1.0000,1
2,1479,1.168778,0.176112,0.992666,2.9261,1.0000,1
2,1480,1.856342,0.864116,0.992226,28.6997,1.0000,1
2,1481,1.193516,0.196498,0.997018,1.0867,1.0000,1
2,1482,1.404747,0.412274,0.992473,4.8008,1.0000,1
2,1483,1.652357,0.667379,0.984977,5.3106,1.0000,1
2,1484,1.222132,0.226804,0.995328,2.1994,1.0000,1
2,1485,1.099354,0.099548,0.999806,1.0751,1.0000,1
2,1486,1.489863,0.510358,0.979505,7.1672,1.0000,1
2,1487,1.131957,0.137432,0.994526,2.5029,1.0000,1
2,1488,1.270200,0.280129,0.990071,4.0746,1.0000,1
2,1489,1.199887,0.203892,0.995995,2.2660,1.0000,1
2,1490,1.342258,0.349200,0.993059,2.9480,1.0000,1
2,1491,1.227489,0.232093,0.995395,0.6992,0.6992,0
2,1492,1.389284,0.404198,0.985086,4.1643,1.0000,1
2,1493,1.137022,0.154386,0.982636,1.7644,1.0000,1
2,1494,1.447980,0.459209,0.988771,4.3208,1.0000,1
2,1495,1.520638,0.527348,0.993290,7.3972,1.0000,1
2,1496,1.124090,0.128540,0.995550,1.2818,1.0000,1
2,1497,1.092249,0.115598,0.976650,1.8942,1.0000,1
2,1498,1.216995,0.227886,0.989109,0.8724,0.8724,0
2,1499,1.395859,0.400659,0.995199,4.7652,1.0000,1
2,1500,1.050663,0.051058,0.999604,1.1287,1.0000,1
2,1501,1.265308,0.276028,0.989280,3.9012,1.0000,1
2,1502,1.540032,0.561215,0.978816,4.5629,1.0000,1
2,1503,1.275053,0.282011,0.993042,2.1566,1.0000,1
2,1504,1.543644,0.550906,0.992738,4.2449,1.0000,1
2,1505,1.707652,0.714324,0.993329,11.9708,1.0000,1
2,1506,1.176463,0.180704,0.995759,4.3577,1.0000,1
2,1507,1.212265,0.216376,0.995890,3.5198,1.0000,1
2,1508,1.142739,0.144146,0.998593,1.3456,1.0000,1
2,1509,1.361386,0.369621,0.991765,1.2723,1.0000,1
2,1510,1.716916,0.737354,0.979562,8.5318,1.0000,1
2,1511,1.407282,0.413898,0.993384,2.9587,1.0000,1
2,1512,1.444020,0.465276,0.978744,3.2767,1.0000,1
2,1513,1.188045,0.199357,0.988688,3.3508,1.0000,1
2,1514,1.198901,0.208704,0.990197,0.7631,0.7631,0
2,1515,1.218411,0.224150,0.994260,1.0124,1.0000,1
2,1516,1.189953,0.193260,0.996693,1.3208,1.0000,1
2,1517,1.839628,0.865238,0.974390,15.0874,1.0000,1
2,1518,1.217209,0.218329,0.998881,3.2224,1.0000,1
2,1519,1.347170,0.369885,0.977285,2.0370,1.0000,1
2,1520,1.385707,0.391549,0.994158,2.8873,1.0000,1
2,1521,1.646833,0.660490,0.986343,8.9262,1.0000,1
2,1522,1.673553,0.718396,0.955156,7.6544,1.0000,1
2,1523,1.247530,0.256093,0.991436,2.2480,1.0000,1
2,1524,1.364003,0.378448,0.985555,3.5432,1.0000,1
2,1525,1.203832,0.211994,0.991837,1.5240,1.0000,1
2,1526,1.264451,0.274790,0.989661,2.2888,1.0000,1
2,1527,1.442478,0.452476,0.990003,2.7362,1.0000,1
2,1528,1.231623,0.237616,0.994006,3.3948,1.0000,1
2,1529,1.317513,0.329393,0.988120,5.0612,1.0000,1
2,1530,1.358018,0.366469,0.991549,1.4373,1.0000,1
2,1531,1.203568,0.207235,0.996333,0.7276,0.7276,0
2,1532,1.438950,0.448775,0.990175,3.0542,1.0000,1
2,1533,2.259212,1.294979,0.964233,13.2811,1.0000,1
2,1534,1.547341,0.571680,0.975661,9.4317,1.0000,1
2,1535,1.778010,0.798568,0.979442,9.6509,1.0000,1
2,1536,2.571133,1.649642,0.921491,18.8646,1.0000,1
2,1537,1.885556,0.915626,0.969929,12.9098,1.0000,1
2,1538,1.490742,0.525777,0.964965,5.5526,1.0000,1
2,1539,1.063926,0.064199,0.999727,1.7922,1.0000,1
2,1540,1.095121,0.102250,0.992870,2.0640,1.0000,1
2,1541,1.566995,0.576479,0.990516,2.8077,1.0000,1
2,1542,1.314620,0.324316,0.990305,2.5767,1.0000,1
2,1543,1.812552,0.843673,0.968878,11.6505,1.0000,1
2,1544,1.628792,0.634347,0.994445,4.3025,1.0000,1
2,1545,1.334355,0.354085,0.980270,3.3151,1.0000,1
2,1546,1.257562,0.259941,0.997620,4.6822,1.0000,1
2,1547,1.213087,0.219191,0.993896,3.9925,1.0000,1
2,1548,1.537301,0.560081,0.977221,6.5758,1.0000,1
2,1549,1.076518,0.084209,0.992309,2.2072,1.0000,1
2,1550,1.313459,0.324944,0.988515,3.2383,1.0000,1
2,1551,1.260596,0.357275,0.903322,3.9597,1.0000,1
2,1552,1.144827,0.164265,0.980562,1.9839,1.0000,1
2,1553,1.109322,0.110934,0.998388,1.5388,1.0000,1
2,1554,1.501356,0.519303,0.982053,6.4272,1.0000,1
2,1555,1.152278,0.158799,0.993480,3.7823,1.0000,1
2,1556,1.633072,0.656006,0.977066,6.4769,1.0000,1
2,1557,1.306954,0.363137,0.943817,3.3942,1.0000,1
2,1558,1.261991,0.273533,0.988458,2.9147,1.0000,1
2,1559,1.258369,0.284733,0.973636,1.8877,1.0000,1
2,1560,1.568489,0.592658,0.975831,7.4861,1.0000,1
2,1561,1.313002,0.322884,0.990118,2.1148,1.0000,1
2,1562,1.380920,0.388647,0.992273,4.1893,1.0000,1
2,1563,1.434688,0.445213,0.989475,3.9751,1.0000,1
2,1564,1.332688,0.347549,0.985139,2.8399,1.0000,1
2,1565,1.302457,0.318300,0.984157,1.0406,1.0000,1
2,1566,1.105346,0.138057,0.967289,1.7207,1.0000,1
2,1567,1.206453,0.214301,0.992152,1.3185,1.0000,1
2,1568,1.366644,0.375022,0.991622,5.1049,1.0000,1
2,1569,1.250099,0.256389,0.993710,1.1457,1.0000,1
2,1570,1.146232,0.154293,0.991940,1.4531,1.0000,1
2,1571,1.402896,0.422041,0.980855,5.2431,1.0000,1
2,1572,1.593147,0.636645,0.956501,6.2989,1.0000,1
2,1573,1.109205,0.118450,0.990755,1.3785,1.0000,1
2,1574,1.805193,0.827016,0.978176,7.9788,1.0000,1
2,1575,1.542823,0.563056,0.979768,2.8635,1.0000,1
2,1576,1.417072,0.432508,0.984564,3.7983,1.0000,1
2,1577,1.445380,0.460691,0.984688,3.5458,1.0000,1
2,1578,1.381401,0.386577,0.994824,8.9101,1.0000,1
2,1579,1.287554,0.289697,0.997857,5.4878,1.0000,1
2,1580,1.427718,0.468365,0.959353,1.7557,1.0000,1
2,1581,1.431550,0.447359,0.984191,5.0061,1.0000,1
2,1582,1.215268,0.217676,0.997592,1.8585,1.0000,1
2,1583,1.310072,0.312483,0.997590,4.1889,1.0000,1
2,1584,1.172994,0.203593,0.969402,2.8259,1.0000,1
2,1585,1.443367,0.455130,0.988238,2.5592,1.0000,1
2,1586,1.137146,0.143501,0.993645,3.8306,1.0000,1
2,1587,1.292813,0.321473,0.971339,3.9123,1.0000,1
2,1588,1.294583,0.309391,0.985193,4.6621,1.0000,1
2,1589,1.687093,0.699028,0.988065,10.4989,1.0000,1
2,1590,1.326183,0.351887,0.974296,3.2003,1.0000,1
2,1591,1.313181,0.320644,0.992537,3.2496,1.0000,1
2,1592,1.794457,0.813215,0.981242,15.8611,1.0000,1
2,1593,1.969550,1.014439,0.955111,20.5360,1.0000,1
2,1594,1.418882,0.432830,0.986051,2.2954,1.0000,1
2,1595,1.628493,0.644791,0.983702,6.7208,1.0000,1
2,1596,1.318909,0.325883,0.993026,6.9747,1.0000,1
2,1597,1.488397,0.506252,0.982145,4.7518,1.0000,1
2,1598,1.289198,0.293414,0.995784,2.1226,1.0000,1
2,1599,1.217599,0.222603,0.994996,2.7805,1.0000,1
2,1600,1.161416,0.168906,0.992510,2.2650,1.0000,1
2,1601,1.374602,0.393105,0.981497,3.2653,1.0000,1
2,1602,1.060565,0.062217,0.998349,0.5714,0.5714,0
2,1603,1.268183,0.271033,0.997150,1.6689,1.0000,1
2,1604,1.154809,0.190013,0.964795,1.4481,1.0000,1
2,1605,1.269506,0.270096,0.999410,7.2870,1.0000,1
2,1606,1.624095,0.630089,0.994006,7.6988,1.0000,1
2,1607,1.224345,0.265761,0.958584,2.0695,1.0000,1
2,1608,1.128937,0.162189,0.966748,6.0875,1.0000,1
2,1609,1.229099,0.235833,0.993265,1.8567,1.0000,1
2,1610,1.180052,0.186497,0.993555,2.3248,1.0000,1
2,1611,1.210422,0.222574,0.987848,3.8712,1.0000,1
2,1612,1.156473,0.156715,0.999758,2.5314,1.0000,1
2,1613,2.046314,1.068585,0.977729,21.6987,1.0000,1
2,1614,1.072537,0.074121,0.998416,1.1805,1.0000,1
2,1615,1.317886,0.324584,0.993301,5.3506,1.0000,1
2,1616,1.475477,0.502214,0.973263,11.7865,1.0000,1
2,1617,1.504529,0.526762,0.977768,2.3921,1.0000,1
2,1618,1.927318,0.950062,0.977257,9.1795,1.0000,1
2,1619,1.137266,0.149092,0.988174,1.9867,1.0000,1
2,1620,1.124679,0.137845,0.986835,3.6050,1.0000,1
2,1621,1.224742,0.228955,0.995788,2.7550,1.0000,1
2,1622,1.226156,0.230420,0.995737,1.8792,1.0000,1
2,1623,1.282554,0.372367,0.910187,3.8381,1.0000,1
2,1624,1.298801,0.303944,0.994857,3.8695,1.0000,1
2,1625,1.261955,0.268878,0.993077,2.3673,1.0000,1
2,1626,1.371426,0.389090,0.982336,4.9629,1.0000,1
2,1627,1.673316,0.697703,0.975613,8.6565,1.0000,1
2,1628,1.308933,0.316179,0.992754,2.1061,1.0000,1
2,1629,1.185542,0.186722,0.998820,2.5092,1.0000,1
2,1630,1.165036,0.169554,0.995481,1.0098,1.0000,1
2,1631,1.332904,0.337073,0.995831,2.0522,1.0000,1
2,1632,1.315153,0.321945,0.993207,2.4742,1.0000,1
2,1633,1.616089,0.650640,0.965449,6.9331,1.0000,1
2,1634,1.179300,0.183957,0.995344,4.5091,1.0000,1
2,1635,1.210003,0.222880,0.987123,2.1434,1.0000,1
2,1636,1.342717,0.356311,0.986406,0.7073,0.7073,0
2,1637,1.295884,0.317959,0.977925,1.5282,1.0000,1
2,1638,1.132251,0.140650,0.991600,2.1332,1.0000,1
2,1639,1.508104,0.531153,0.976951,5.6720,1.0000,1
2,1640,1.656190,0.672655,0.983535,4.3729,1.0000,1
2,1641,1.367161,0.385399,0.981762,5.0376,1.0000,1
2,1642,1.218555,0.226248,0.992307,2.0626,1.0000,1
2,1643,1.204214,0.235992,0.968222,2.6307,1.0000,1
2,1644,1.238622,0.245775,0.992847,4.0370,1.0000,1
2,1645,1.688341,0.776204,0.912137,17.3992,1.0000,1
2,1646,1.252397,0.271048,0.981348,4.2583,1.0000,1
2,1647,1.235190,0.247800,0.987390,3.0399,1.0000,1
2,1648,1.443099,0.454506,0.988594,3.4433,1.0000,1
2,1649,1.438183,0.451971,0.986212,4.7407,1.0000,1
2,1650,1.222939,0.224359,0.998580,1.2926,1.0000,1
2,1651,1.227848,0.234562,0.993285,2.7459,1.0000,1
2,1652,1.215035,0.219672,0.995363,2.0813,1.0000,1
2,1653,1.436096,0.447580,0.988516,3.4920,1.0000,1
2,1654,1.744457,0.772156,0.972301,7.4745,1.0000,1
2,1655,1.061727,0.062977,0.998750,1.1031,1.0000,1
2,1656,1.297757,0.306283,0.991474,5.2821,1.0000,1
2,1657,1.441115,0.460319,0.980796,3.4212,1.0000,1
2,1658,1.514012,0.530112,0.983900,2.0230,1.0000,1
2,1659,1.294959,0.314420,0.980539,2.3128,1.0000,1
2,1660,1.452765,0.477793,0.974972,5.2933,1.0000,1
2,1661,1.404837,0.429802,0.975035,1.9283,1.0000,1
2,1662,1.293311,0.314965,0.978346,5.5617,1.0000,1
2,1663,1.119968,0.127758,0.992210,2.2381,1.0000,1
2,1664,1.716370,0.747069,0.969301,10.4786,1.0000,1
2,1665,1.145859,0.147408,0.998452,3.3479,1.0000,1
2,1666,1.465733,0.486381,0.979352,5.9288,1.0000,1
2,1667,1.944677,0.969156,0.975521,20.5821,1.0000,1
2,1668,1.308484,0.315201,0.993283,3.9186,1.0000,1
2,1669,1.349402,0.361572,0.987830,2.2332,1.0000,1
2,1670,1.282504,0.293283,0.989221,4.5679,1.0000,1
2,1671,1.117018,0.117070,0.999948,2.0716,1.0000,1
2,1672,1.250248,0.281364,0.968883,4.3898,1.0000,1
2,1673,1.241413,0.250384,0.991029,3.7671,1.0000,1
2,1674,1.734703,0.773478,0.961225,13.3298,1.0000,1
2,1675,1.189098,0.247309,0.941789,1.3140,1.0000,1
2,1676,1.232322,0.251972,0.980350,3.1462,1.0000,1
2,1677,1.220601,0.225086,0.995515,1.1609,1.0000,1
2,1678,1.154712,0.176094,0.978618,4.2389,1.0000,1
2,1679,1.353223,0.367659,0.985564,6.7164,1.0000,1
2,1680,1.306475,0.347143,0.959332,3.6928,1.0000,1
2,1681,1.334183,0.351715,0.982468,2.2443,1.0000,1
2,1682,1.247131,0.261034,0.986097,2.9058,1.0000,1
2,1683,1.533829,0.542785,0.991044,3.7514,1.0000,1
2,1684,1.366975,0.377184,0.989790,5.7606,1.0000,1
2,1685,1.429278,0.457131,0.972147,2.0896,1.0000,1
2,1686,1.520195,0.553273,0.966922,7.1527,1.0000,1
2,1687,1.348891,0.377059,0.971832,1.9887,1.0000,1
2,1688,1.641742,0.668085,0.973657,12.9875,1.0000,1
2,1689,1.460986,0.479862,0.981124,4.6654,1.0000,1
2,1690,1.653136,0.706705,0.946431,6.7794,1.0000,1
2,1691,1.304408,0.315615,0.988793,2.2055,1.0000,1
2,1692,1.178071,0.180420,0.997651,1.9627,1.0000,1
2,1693,1.297779,0.307215,0.990564,2.9889,1.0000,1
2,1694,1.232402,0.240679,0.991723,1.9450,1.0000,1
2,1695,1.068811,0.078623,0.990188,0.8935,0.8935,0
2,1696,1.401431,0.423555,0.977876,2.3844,1.0000,1
2,1697,1.310719,0.325318,0.985401,4.4902,1.0000,1
2,1698,1.460353,0.492848,0.967504,5.5034,1.0000,1
2,1699,1.377263,0.386325,0.990938,1.6390,1.0000,1
2,1700,1.122529,0.125211,0.997317,1.9557,1.0000,1
2,1701,1.514301,0.531702,0.982600,6.5712,1.0000,1
2,1702,1.380909,0.414540,0.966370,5.5255,1.0000,1
2,1703,1.302556,0.313638,0.988918,0.8255,0.8255,0
2,1704,1.546228,0.588276,0.957953,9.8594,1.0000,1
2,1705,1.110750,0.119714,0.991036,2.1762,1.0000,1
2,1706,1.369468,0.389293,0.980175,5.2889,1.0000,1
2,1707,1.315979,0.344698,0.971282,3.7953,1.0000,1
2,1708,1.154094,0.162047,0.992047,4.1105,1.0000,1
2,1709,1.166575,0.169268,0.997307,2.0585,1.0000,1
2,1710,1.088643,0.093354,0.995289,2.2041,1.0000,1
2,1711,2.035356,1.057410,0.977946,27.6386,1.0000,1
2,1712,1.367243,0.402928,0.964315,2.1559,1.0000,1
2,1713,1.160357,0.169345,0.991012,2.5680,1.0000,1
2,1714,1.116522,0.140715,0.975808,0.7659,0.7659,0
2,1715,1.113037,0.170242,0.942796,1.7538,1.0000,1
2,1716,1.157606,0.171302,0.986305,0.9413,0.9413,0
2,1717,1.286883,0.341374,0.945509,3.8934,1.0000,1
2,1718,1.307710,0.329343,0.978367,6.7970,1.0000,1
2,1719,1.229756,0.247251,0.982505,2.0620,1.0000,1
2,1720,1.368114,0.383703,0.984411,10.8116,1.0000,1
2,1721,1.187918,0.189166,0.998752,1.7201,1.0000,1
2,1722,1.341891,0.347062,0.994829,3.7922,1.0000,1
2,1723,1.128682,0.151251,0.977431,18.3381,1.0000,1
2,1724,1.160293,0.165561,0.994732,1.0336,1.0000,1
2,1725,1.231239,0.236100,0.995139,1.5284,1.0000,1
2,1726,1.253387,0.260247,0.993140,3.7741,1.0000,1
2,1727,1.223871,0.243979,0.979891,6.1474,1.0000,1
2,1728,1.221700,0.229636,0.992064,1.9221,1.0000,1
2,1729,1.123724,0.154184,0.969540,1.6150,1.0000,1
2,1730,1.185306,0.189749,0.995557,1.7494,1.0000,1
2,1731,1.236614,0.250821,0.985793,2.7826,1.0000,1
2,1732,1.461021,0.472333,0.988687,4.2855,1.0000,1
2,1733,1.268701,0.287510,0.981191,2.1432,1.0000,1
2,1734,1.135581,0.151715,0.983866,2.3744,1.0000,1
2,1735,1.197580,0.201141,0.996439,3.9787,1.0000,1
2,1736,1.071588,0.072056,0.999532,1.2957,1.0000,1
2,1737,1.571299,0.580220,0.991080,4.9830,1.0000,1
2,1738,1.260363,0.263141,0.997221,0.9981,0.9981,0
2,1739,1.133282,0.138326,0.994957,1.2339,1.0000,1
2,1740,1.092708,0.094229,0.998478,1.1135,1.0000,1
2,1741,1.229111,0.234324,0.994787,2.4747,1.0000,1
2,1742,1.156329,0.160340,0.995989,0.6007,0.6007,0
2,1743,1.242328,0.263641,0.978687,2.4719,1.0000,1
2,1744,1.374726,0.397494,0.977231,3.0863,1.0000,1
2,1745,1.426257,0.446273,0.979984,3.9365,1.0000,1
2,1746,1.298755,0.313969,0.984786,2.9443,1.0000,1
2,1747,1.341741,0.377771,0.963970,3.2522,1.0000,1
2,1748,1.376127,0.380217,0.995909,6.2233,1.0000,1
2,1749,1.200125,0.215498,0.984628,2.2132,1.0000,1
2,1750,1.520332,0.524893,0.995439,5.2501,1.0000,1
2,1751,1.097868,0.098103,0.999765,1.6816,1.0000,1
2,1752,1.178649,0.229690,0.948958,2.4736,1.0000,1
2,1753,1.806181,0.838011,0.968170,11.2850,1.0000,1
2,1754,1.268892,0.286015,0.982878,3.7724,1.0000,1
2,1755,1.386499,0.409373,0.977126,7.8054,1.0000,1
2,1756,1.232008,0.244407,0.987601,4.0348,1.0000,1
2,1757,1.380108,0.380627,0.999481,5.6996,1.0000,1
2,1758,1.313863,0.336154,0.977709,2.3480,1.0000,1
2,1759,1.297594,0.306201,0.991393,7.5726,1.0000,1
2,1760,1.235418,0.250824,0.984594,3.5857,1.0000,1
2,1761,1.383990,0.398657,0.985332,1.6707,1.0000,1
2,1762,1.449374,0.461644,0.987730,8.6052,1.0000,1
2,1763,1.279251,0.307465,0.971787,1.4595,1.0000,1
2,1764,1.208270,0.225149,0.983120,3.7012,1.0000,1
2,1765,1.129592,0.131757,0.997836,1.1894,1.0000,1
2,1766,1.222362,0.224010,0.998352,1.6031,1.0000,1
2,1767,1.544260,0.570057,0.974203,4.8147,1.0000,1
2,1768,1.239371,0.250735,0.988636,1.4667,1.0000,1
2,1769,1.313481,0.325635,0.987846,3.2367,1.0000,1
2,1770,1.133313,0.138561,0.994751,0.9279,0.9279,0
2,1771,1.500440,0.551934,0.948506,13.1658,1.0000,1
2,1772,1.189594,0.191375,0.998219,1.3208,1.0000,1
2,1773,1.258851,0.353426,0.905425,10.1276,1.0000,1
2,1774,1.089814,0.114064,0.975750,1.3874,1.0000,1
2,1775,1.158866,0.163576,0.995290,1.4701,1.0000,1
2,1776,1.176069,0.192298,0.983771,2.6383,1.0000,1
2,1777,1.195461,0.200721,0.994740,1.4493,1.0000,1
2,1778,1.153642,0.224243,0.929399,4.1057,1.0000,1
2,1779,1.436461,0.472218,0.964244,3.7693,1.0000,1
2,1780,2.031013,1.048578,0.982435,19.5774,1.0000,1
2,1781,1.793806,0.823421,0.970385,11.5654,1.0000,1
2,1782,1.179614,0.191796,0.987818,2.2977,1.0000,1
2,1783,1.585390,0.603685,0.981705,3.4206,1.0000,1
2,1784,1.231130,0.253489,0.977641,2.9143,1.0000,1
2,1785,1.269444,0.282190,0.987255,2.2578,1.0000,1
2,1786,1.097865,0.104857,0.993008,2.3618,1.0000,1
2,1787,1.457210,0.495663,0.961547,17.3610,1.0000,1
2,1788,1.415875,0.433828,0.982047,6.0946,1.0000,1
2,1789,1.761742,0.791709,0.970033,9.4988,1.0000,1
2,1790,1.242588,0.257280,0.985308,1.7203,1.0000,1
2,1791,1.258390,0.270896,0.987495,4.1533,1.0000,1
2,1792,1.291166,0.318884,0.972282,4.3190,1.0000,1
2,1793,1.145672,0.150821,0.994851,0.7546,0.7546,0
2,1794,1.723050,0.773021,0.950029,6.5524,1.0000,1
2,1795,1.193156,0.201000,0.992157,1.9877,1.0000,1
2,1796,1.326874,0.334092,0.992783,6.2430,1.0000,1
2,1797,1.268546,0.276434,0.992111,1.9149,1.0000,1
2,1798,1.428289,0.444293,0.983996,5.3242,1.0000,1
2,1799,1.334704,0.358380,0.976323,6.2013,1.0000,1
2,1800,1.256815,0.268868,0.987947,2.2212,1.0000,1
2,1801,1.453297,0.469863,0.983434,3.2969,1.0000,1
2,1802,1.205126,0.213338,0.991789,3.2958,1.0000,1
2,1803,1.269990,0.291680,0.978309,2.3906,1.0000,1
2,1804,1.294507,0.314282,0.980225,2.4393,1.0000,1
2,1805,1.250363,0.281719,0.968644,4.0736,1.0000,1
2,1806,1.337234,0.358845,0.978388,3.2194,1.0000,1
2,1807,1.158165,0.168074,0.990091,2.7091,1.0000,1
2,1808,1.151197,0.161226,0.989971,3.1371,1.0000,1
2,1809,1.254450,0.260722,0.993728,0.9833,0.9833,0
2,1810,1.175766,0.185976,0.989790,0.5689,0.5689,0
2,1811,1.111274,0.122072,0.989202,2.0780,1.0000,1
2,1812,1.488576,0.566044,0.922532,4.8746,1.0000,1
2,1813,1.108404,0.115712,0.992692,1.0719,1.0000,1
2,1814,1.437745,0.456896,0.980849,8.0734,1.0000,1
2,1815,1.839374,0.866069,0.973305,12.9446,1.0000,1
2,1816,1.133636,0.219397,0.914239,1.7577,1.0000,1
2,1817,1.444474,0.523511,0.920964,18.3525,1.0000,1
2,1818,1.118902,0.154276,0.964626,4.0156,1.0000,1
2,1819,1.152015,0.204227,0.947788,1.8796,1.0000,1
2,1820,1.240319,0.280777,0.959541,9.7279,1.0000,1
2,1821,1.246458,0.283263,0.963195,2.8419,1.0000,1
2,1822,1.154920,0.164917,0.990003,1.5608,1.0000,1
2,1823,1.334705,0.384259,0.950447,4.0132,1.0000,1
2,1824,1.067588,0.079562,0.988026,1.6518,1.0000,1
2,1825,1.108265,0.108278,0.999987,1.8492,1.0000,1
2,1826,1.293640,0.314817,0.978822,4.2778,1.0000,1
2,1827,1.228251,0.298571,0.929679,10.5452,1.0000,1
2,1828,1.778023,0.856317,0.921706,13.2407,1.0000,1
2,1829,1.183859,0.252731,0.931127,5.1781,1.0000,1
2,1830,1.272628,0.384640,0.887988,3.7759,1.0000,1
2,1831,1.247465,0.248357,0.999108,2.4522,1.0000,1
2,1832,1.086503,0.101792,0.984712,2.5194,1.0000,1
2,1833,1.198051,0.229489,0.968562,2.0391,1.0000,1
2,1834,1.217988,0.223733,0.994254,5.8944,1.0000,1
2,1835,1.067486,0.094091,0.973396,2.0313,1.0000,1
2,1836,1.450732,0.469488,0.981244,5.5182,1.0000,1
2,1837,1.172511,0.186308,0.986203,3.8541,1.0000,1
2,1838,1.353746,0.391829,0.961917,2.0683,1.0000,1
2,1839,1.180397,0.250207,0.930190,4.8861,1.0000,1
2,1840,1.249843,0.280803,0.969041,2.2940,1.0000,1
2,1841,1.251559,0.266086,0.985474,3.3428,1.0000,1
2,1842,1.184824,0.221297,0.963527,0.9718,0.9718,0
2,1843,1.358714,0.363292,0.995421,5.8476,1.0000,1
2,1844,1.129399,0.168020,0.961379,2.2632,1.0000,1
2,1845,1.321946,0.385029,0.936917,4.2846,1.0000,1
2,1846,1.081079,0.088653,0.992426,0.8216,0.8216,0
2,1847,1.115032,0.120172,0.994860,0.7745,0.7745,0
2,1848,1.201383,0.249667,0.951716,2.5806,1.0000,1
2,1849,1.585422,0.648818,0.936604,8.5495,1.0000,1
2,1850,1.083659,0.144412,0.939247,3.1844,1.0000,1
2,1851,1.141365,0.163397,0.977968,2.7118,1.0000,1
2,1852,1.382502,0.418502,0.964000,8.0408,1.0000,1
2,1853,1.091618,0.147935,0.943683,2.0240,1.0000,1
2,1854,1.510915,0.541362,0.969553,8.3944,1.0000,1
2,1855,1.242113,0.242767,0.999346,2.5439,1.0000,1
2,1856,1.311488,0.403092,0.908396,12.2163,1.0000,1
2,1857,1.207258,0.228856,0.978402,4.2333,1.0000,1
2,1858,1.184718,0.235195,0.949523,1.9813,1.0000,1
2,1859,1.049940,0.177054,0.872886,3.5310,1.0000,1
2,1860,1.106847,0.159793,0.947054,1.7254,1.0000,1
2,1861,1.084881,0.128454,0.956427,5.5718,1.0000,1
2,1862,1.375700,0.467481,0.908219,16.2291,1.0000,1
2,1863,1.292471,0.333204,0.959267,10.8317,1.0000,1
2,1864,1.042490,0.063326,0.979164,1.1744,1.0000,1
2,1865,1.062347,0.086834,0.975513,2.7055,1.0000,1
2,1866,1.566473,0.604109,0.962365,10.9673,1.0000,1
2,1867,1.165638,0.169015,0.996624,1.9073,1.0000,1
2,1868,1.060592,0.070845,0.989747,0.6169,0.6169,0
2,1869,1.294147,0.326712,0.967435,4.1521,1.0000,1
2,1870,1.126180,0.171290,0.954890,2.3777,1.0000,1
2,1871,0.980513,0.059126,0.921388,2.3439,1.0000,1
2,1872,1.421991,0.448343,0.973648,7.9632,1.0000,1
2,1873,1.046508,0.096068,0.950440,2.6436,1.0000,1
2,1874,1.553497,0.596230,0.957267,5.5686,1.0000,1
2,1875,1.302951,0.341106,0.961845,3.4511,1.0000,1
2,1876,1.109018,0.194826,0.914192,3.4024,1.0000,1
2,1877,1.111811,0.198110,0.913702,2.3169,1.0000,1
2,1878,1.152008,0.214337,0.937670,3.6677,1.0000,1
2,1879,1.192050,0.215509,0.976541,3.9962,1.0000,1
2,1880,1.285410,0.325442,0.959968,8.2168,1.0000,1
2,1881,1.176299,0.291183,0.885116,5.7073,1.0000,1
2,1882,1.061813,0.061960,0.999853,0.9354,0.9354,0
2,1883,1.069818,0.224086,0.845732,4.2844,1.0000,1
2,1884,1.069605,0.089651,0.979954,1.3968,1.0000,1
2,1885,1.155827,0.202702,0.953124,3.1955,1.0000,1
2,1886,1.280705,0.282635,0.998070,4.4051,1.0000,1
2,1887,1.021935,0.082575,0.939360,2.6799,1.0000,1
2,1888,1.087736,0.154714,0.933021,2.5063,1.0000,1
2,1889,1.160390,0.307275,0.853114,5.2553,1.0000,1
2,1890,1.034989,0.040767,0.994222,0.9619,0.9619,0
2,1891,1.518200,0.555346,0.962854,12.2502,1.0000,1
2,1892,1.208736,0.352934,0.855802,13.4785,1.0000,1
2,1893,1.369666,0.490215,0.879450,13.6929,1.0000,1
2,1894,1.197944,0.268622,0.929322,3.2506,1.0000,1
2,1895,1.047248,0.058278,0.988969,1.2436,1.0000,1
2,1896,1.030489,0.076018,0.954472,2.5576,1.0000,1
2,1897,1.569157,0.621462,0.947696,9.7252,1.0000,1
2,1898,1.002431,0.026554,0.975876,1.4351,1.0000,1
2,1899,1.117671,0.124803,0.992868,1.8491,1.0000,1
2,1900,1.063640,0.065636,0.998003,0.7933,0.7933,0
2,1901,1.455599,0.541815,0.913785,4.8165,1.0000,1
2,1902,1.292175,0.351347,0.940828,8.6576,1.0000,1
2,1903,2.142149,1.321823,0.820327,24.0306,1.0000,1
2,1904,1.277775,0.325708,0.952067,1.4190,1.0000,1
2,1905,1.069682,0.087840,0.981842,2.1763,1.0000,1
2,1906,1.047611,0.054500,0.993111,1.3474,1.0000,1
2,1907,1.321411,0.369411,0.952000,5.0634,1.0000,1
2,1908,1.689711,0.806078,0.883632,9.9731,1.0000,1
2,1909,1.057007,0.112347,0.944660,2.5838,1.0000,1
2,1910,1.168913,0.225584,0.943329,8.1854,1.0000,1
2,1911,1.090426,0.155891,0.934536,3.0666,1.0000,1
2,1912,1.443758,0.571604,0.872154,6.9343,1.0000,1
2,1913,1.090869,0.165030,0.925839,3.3355,1.0000,1
2,1914,1.124740,0.204342,0.920398,2.7749,1.0000,1
2,1915,1.145570,0.286726,0.858844,14.0171,1.0000,1
2,1916,1.053504,0.062818,0.990686,1.3722,1.0000,1
2,1917,1.614781,0.860738,0.754043,18.6871,1.0000,1
2,1918,1.036054,0.039010,0.997044,2.0097,1.0000,1
2,1919,1.053892,0.122992,0.930900,2.8098,1.0000,1
2,1920,1.138469,0.174350,0.964118,2.3481,1.0000,1
2,1921,1.351257,0.388307,0.962950,10.8834,1.0000,1
2,1922,1.280880,0.310346,0.970533,5.1955,1.0000,1
2,1923,1.520096,0.579293,0.940803,7.9573,1.0000,1
2,1924,1.070092,0.179468,0.890624,3.3201,1.0000,1
2,1925,1.053388,0.118739,0.934649,2.2988,1.0000,1
2,1926,1.329003,0.374813,0.954190,8.1779,1.0000,1
2,1927,1.340461,0.346080,0.994381,3.4692,1.0000,1
2,1928,1.173969,0.231911,0.942059,1.9645,1.0000,1
2,1929,1.075305,0.087299,0.988007,3.7907,1.0000,1
2,1930,1.057418,0.213120,0.844298,1.9801,1.0000,1
2,1931,1.188218,0.221632,0.966586,2.6272,1.0000,1
2,1932,1.060382,0.087890,0.972492,1.5633,1.0000,1
2,1933,1.152017,0.159259,0.992759,3.3718,1.0000,1
2,1934,1.088166,0.123179,0.964987,3.0751,1.0000,1
2,1935,1.144473,0.209259,0.935215,3.1008,1.0000,1
2,1936,1.465003,0.594993,0.870010,7.0533,1.0000,1
2,1937,1.228628,0.289622,0.939006,5.5219,1.0000,1
2,1938,1.085386,0.216416,0.868970,3.9458,1.0000,1
2,1939,1.398298,0.487005,0.911292,10.5306,1.0000,1
2,1940,1.247403,0.286859,0.960544,12.3097,1.0000,1
2,1941,1.066906,0.156878,0.910028,2.6568,1.0000,1
2,1942,1.197171,0.239400,0.957771,4.0298,1.0000,1
2,1943,1.143520,0.226975,0.916546,4.5415,1.0000,1
2,1944,1.491955,0.540413,0.951542,4.9265,1.0000,1
2,1945,1.047751,0.092467,0.955284,2.6021,1.0000,1
2,1946,1.293856,0.345304,0.948552,5.6948,1.0000,1
2,1947,0.957241,0.091249,0.865992,3.1127,1.0000,1
2,1948,1.270037,0.322933,0.947104,19.8200,1.0000,1
2,1949,1.020479,0.158242,0.862237,5.6547,1.0000,1
2,1950,1.179494,0.258176,0.921318,12.7848,1.0000,1
2,1951,1.302024,0.389450,0.912574,5.8740,1.0000,1
2,1952,1.853771,1.020739,0.833032,23.4927,1.0000,1
2,1953,1.029650,0.084248,0.945402,3.1263,1.0000,1
2,1954,1.052503,0.096646,0.955857,1.6558,1.0000,1
2,1955,1.429147,0.519922,0.909225,25.7604,1.0000,1
2,1956,1.159468,0.203799,0.955668,2.7294,1.0000,1
2,1957,1.110086,0.157335,0.952751,2.8163,1.0000,1
2,1958,1.424570,0.502394,0.922176,9.4435,1.0000,1
2,1959,1.228470,0.341780,0.886690,2.2512,1.0000,1
2,1960,1.069825,0.102784,0.967041,1.6187,1.0000,1
2,1961,1.065001,0.087633,0.977368,1.3630,1.0000,1
2,1962,1.045444,0.111887,0.933557,2.8593,1.0000,1
2,1963,1.102932,0.179313,0.923619,3.4731,1.0000,1
2,1964,1.031939,0.108020,0.923919,2.4739,1.0000,1
2,1965,1.218896,0.313180,0.905715,14.0150,1.0000,1
2,1966,1.553056,0.769999,0.783057,14.6609,1.0000,1
2,1967,1.739682,0.890480,0.849202,18.4403,1.0000,1
2,1968,1.200005,0.233640,0.966365,2.9892,1.0000,1
2,1969,1.264055,0.396402,0.867653,9.9282,1.0000,1
2,1970,1.424023,0.524331,0.899692,29.4556,1.0000,1
2,1971,1.366722,0.411633,0.955090,9.0760,1.0000,1
2,1972,1.033615,0.041517,0.992098,3.3375,1.0000,1
2,1973,1.059041,0.089662,0.969379,2.8912,1.0000,1
2,1974,1.115725,0.125301,0.990424,2.3398,1.0000,1
2,1975,1.233007,0.265471,0.967536,10.6922,1.0000,1
2,1976,1.287892,0.439531,0.848361,8.0551,1.0000,1
2,1977,0.957419,0.146655,0.810764,3.5810,1.0000,1
2,1978,1.345859,0.515710,0.830149,11.6521,1.0000,1
2,1979,1.376382,0.408439,0.967943,9.6501,1.0000,1
2,1980,1.364296,0.453922,0.910374,7.4726,1.0000,1
2,1981,1.790785,0.837802,0.952983,13.9209,1.0000,1
2,1982,1.092601,0.120400,0.972201,1.6542,1.0000,1
2,1983,1.144126,0.190855,0.953270,1.3547,1.0000,1
2,1984,1.069733,0.162446,0.907287,6.4834,1.0000,1
2,1985,1.177563,0.232703,0.944860,4.7786,1.0000,1
2,1986,1.098915,0.122997,0.975918,6.9698,1.0000,1
2,1987,1.096695,0.103845,0.992850,1.1515,1.0000,1
2,1988,1.581512,0.670603,0.910909,6.3756,1.0000,1
2,1989,1.151388,0.161778,0.989609,4.1411,1.0000,1
2,1990,1.207873,0.232800,0.975073,4.0085,1.0000,1
2,1991,1.068013,0.189818,0.878195,2.2468,1.0000,1
2,1992,1.379341,0.438277,0.941063,3.2868,1.0000,1
2,1993,1.047559,0.076999,0.970561,3.2936,1.0000,1
2,1994,1.141161,0.153368,0.987793,1.7107,1.0000,1
2,1995,1.078959,0.165740,0.913218,2.3755,1.0000,1
2,1996,1.318556,0.391540,0.927016,2.9060,1.0000,1
2,1997,1.189658,0.208874,0.980784,3.0301,1.0000,1
2,1998,1.058761,0.106972,0.951789,2.9168,1.0000,1
2,1999,1.254628,0.273155,0.981473,8.8743,1.0000,1
2,2000,1.221411,0.300701,0.920710,3.0776,1.0000,1
2,2001,1.044172,0.073468,0.970704,2.2067,1.0000,1
2,2002,1.238275,0.311622,0.926653,5.0177,1.0000,1
2,2003,1.018458,0.089503,0.928955,3.2408,1.0000,1
2,2004,1.145298,0.245223,0.900075,7.4407,1.0000,1
2,2005,0.976777,0.041168,0.935609,3.1529,1.0000,1
2,2006,0.961079,0.077624,0.883455,2.8087,1.0000,1
2,2007,1.070024,0.142057,0.927967,3.8593,1.0000,1
2,2008,0.984524,0.120073,0.864451,2.6104,1.0000,1
2,2009,1.819033,0.892854,0.926179,9.2762,1.0000,1
2,2010,1.142238,0.191674,0.950564,5.1896,1.0000,1
2,2011,1.032423,0.070789,0.961634,2.4781,1.0000,1
2,2012,0.802318,0.115140,0.687178,6.2694,1.0000,1
2,2013,1.763517,0.929295,0.834222,20.5569,1.0000,1
2,2014,1.012233,0.084489,0.927744,2.8160,1.0000,1
2,2015,1.288588,0.380571,0.908017,5.6269,1.0000,1
2,2016,1.017089,0.341130,0.675959,9.7743,1.0000,1
2,2017,1.413902,0.493985,0.919917,6.7818,1.0000,1
2,2018,1.012411,0.312930,0.699481,28.4711,1.0000,1
2,2019,1.605788,0.645006,0.960782,30.9274,1.0000,1
2,2020,1.454501,0.646652,0.807849,14.2539,1.0000,1
2,2021,1.809933,1.078855,0.731079,61.9779,1.0000,1
2,2022,1.492727,0.609171,0.883556,22.1031,1.0000,1
2,2023,1.243433,0.316909,0.926524,3.2822,1.0000,1
2,2024,1.359102,0.383933,0.975168,5.1274,1.0000,1
2,2025,1.175908,0.221576,0.954332,3.2811,1.0000,1
2,2026,1.036029,0.070865,0.965164,2.8838,1.0000,1
2,2027,1.593199,0.664684,0.928516,10.2583,1.0000,1
2,2028,1.085189,0.159347,0.925842,2.2779,1.0000,1
2,2029,1.143640,0.178622,0.965018,2.7299,1.0000,1
2,2030,1.288729,0.318618,0.970111,5.3197,1.0000,1
2,2031,1.152138,0.185388,0.966750,3.6483,1.0000,1
2,2032,1.028669,0.100610,0.928060,2.5420,1.0000,1
2,2033,1.288660,0.552640,0.736020,9.5627,1.0000,1
2,2034,1.194893,0.222009,0.972884,3.7762,1.0000,1
2,2035,1.336306,0.453467,0.882839,6.4316,1.0000,1
2,2036,1.099743,0.127005,0.972737,1.0225,1.0000,1
2,2037,1.252470,0.268455,0.984014,1.4497,1.0000,1
2,2038,1.024397,0.044234,0.980163,1.2038,1.0000,1
2,2039,1.227760,0.280842,0.946918,2.5138,1.0000,1
2,2040,1.313505,0.383273,0.930232,4.2097,1.0000,1
2,2041,1.158498,0.199346,0.959152,3.7457,1.0000,1
2,2042,1.110975,0.133859,0.977116,2.4701,1.0000,1
2,2043,1.067032,0.129640,0.937391,2.2030,1.0000,1
2,2044,0.980823,0.062013,0.918810,2.5214,1.0000,1
2,2045,1.255168,0.282549,0.972618,4.7052,1.0000,1
2,2046,1.003419,0.114714,0.888705,4.3773,1.0000,1
2,2047,1.036861,0.042801,0.994060,0.7945,0.7945,0
2,2048,1.186055,0.214682,0.971373,16.3170,1.0000,1
2,2049,1.004694,0.200746,0.803947,6.8414,1.0000,1
2,2050,1.194875,0.386283,0.808592,7.8718,1.0000,1
2,2051,0.951422,0.049014,0.902408,4.3901,1.0000,1
2,2052,1.193142,0.327595,0.865547,3.3109,1.0000,1
2,2053,1.129515,0.253721,0.875793,6.5546,1.0000,1
2,2054,1.128359,0.195344,0.933015,3.9975,1.0000,1
2,2055,1.178917,0.545812,0.633105,63.6384,1.0000,1
2,2056,1.221643,0.281544,0.940099,9.8973,1.0000,1
2,2057,1.037519,0.065729,0.971790,3.3590,1.0000,1
2,2058,0.917177,0.068520,0.848657,4.6529,1.0000,1
2,2059,1.185063,0.334124,0.850939,6.0588,1.0000,1
2,2060,1.036198,0.092886,0.943312,1.7577,1.0000,1
2,2061,1.173904,0.284671,0.889233,28.6811,1.0000,1
2,2062,1.262003,0.376186,0.885816,3.1804,1.0000,1
2,2063,1.103845,0.355628,0.748217,4.9015,1.0000,1
2,2064,0.823273,0.243222,0.580052,7.8468,1.0000,1
2,2065,1.585519,0.708567,0.876952,39.2207,1.0000,1
2,2066,1.016673,0.085281,0.931391,45.9163,1.0000,1
2,2067,1.356098,0.579927,0.776171,8.3072,1.0000,1
2,2068,2.947285,2.153919,0.793367,43.7551,1.0000,1
2,2069,1.193573,0.195029,0.998544,3.3034,1.0000,1
2,2070,1.339391,0.551644,0.787747,10.0335,1.0000,1
2,2071,1.000266,0.053803,0.946463,1.7582,1.0000,1
2,2072,0.965546,0.086858,0.878689,2.6500,1.0000,1
2,2073,1.087072,0.186490,0.900582,5.6489,1.0000,1
2,2074,0.943606,0.024455,0.919151,2.9472,1.0000,1
2,2075,0.995436,0.214590,0.780845,3.3151,1.0000,1
2,2076,1.131797,0.317542,0.814255,10.0244,1.0000,1
2,2077,1.101799,0.169148,0.932651,5.9810,1.0000,1
2,2078,0.980448,0.048392,0.932057,2.0778,1.0000,1
2,2079,1.085446,0.183754,0.901692,11.3481,1.0000,1
2,2080,1.356526,0.583824,0.772702,42.1890,1.0000,1
2,2081,1.538557,0.783307,0.755250,32.4118,1.0000,1
2,2082,0.988200,0.094813,0.893387,3.7859,1.0000,1
2,2083,1.220243,0.372133,0.848111,8.1396,1.0000,1
2,2084,1.237425,0.432357,0.805067,11.8291,1.0000,1
2,2085,1.157786,0.321532,0.836254,12.2076,1.0000,1
2,2086,1.472894,0.610060,0.862834,10.5335,1.0000,1
2,2087,1.346945,0.610076,0.736869,17.7758,1.0000,1
2,2088,1.011335,0.124717,0.886618,6.5827,1.0000,1
2,2089,0.977675,0.051570,0.926105,3.9766,1.0000,1
2,2090,0.832921,0.141866,0.691055,5.0186,1.0000,1
2,2091,0.844259,0.119514,0.724745,8.2487,1.0000,1
2,2092,1.195295,0.199463,0.995833,17.8636,1.0000,1
2,2093,1.018481,0.232561,0.785920,12.9392,1.0000,1
2,2094,1.274868,0.486240,0.788628,14.7107,1.0000,1
2,2095,2.456865,1.576696,0.880169,32.9495,1.0000,1
2,2096,1.522687,0.777880,0.744807,16.5827,1.0000,1
2,2097,0.904510,0.105850,0.798660,4.4118,1.0000,1
2,2098,1.132366,0.145946,0.986420,4.9176,1.0000,1
2,2099,1.299362,0.485052,0.814310,9.1096,1.0000,1
2,2100,1.041396,0.122167,0.919229,4.3492,1.0000,1
2,2101,1.028048,0.046586,0.981463,1.5663,1.0000,1
2,2102,1.165216,0.217272,0.947944,7.3041,1.0000,1
2,2103,1.151770,0.274709,0.877061,9.6706,1.0000,1
2,2104,1.047865,0.279325,0.768541,3.8949,1.0000,1
2,2105,1.425645,0.462680,0.962964,6.4840,1.0000,1
2,2106,1.494516,0.535885,0.958631,15.4641,1.0000,1
2,2107,0.896413,0.071041,0.825371,4.8979,1.0000,1
2,2108,1.258474,0.284287,0.974187,10.6571,1.0000,1
2,2109,1.710951,0.804460,0.906492,19.4443,1.0000,1
2,2110,1.007465,0.022254,0.985211,0.6558,0.6558,0
2,2111,0.990448,0.128294,0.862153,3.8112,1.0000,1
2,2112,0.929700,0.041275,0.888425,3.8656,1.0000,1
2,2113,1.391119,0.683817,0.707302,23.1262,1.0000,1
2,2114,1.304434,0.375044,0.929390,5.3321,1.0000,1
2,2115,1.159444,0.230907,0.928538,2.7138,1.0000,1
2,2116,1.531484,0.650175,0.881309,16.8155,1.0000,1
2,2117,0.969976,0.038346,0.931630,2.3659,1.0000,1
2,2118,1.008238,0.076395,0.931843,2.3442,1.0000,1
2,2119,0.969827,0.081462,0.888365,3.5382,1.0000,1
2,2120,1.862628,1.070506,0.792123,24.4010,1.0000,1
2,2121,1.394205,0.558150,0.836055,11.1112,1.0000,1
2,2122,1.010171,0.012642,0.997530,0.3574,0.3574,0
2,2123,0.865285,0.013086,0.852199,6.4530,1.0000,1
2,2124,1.250392,0.482598,0.767794,23.5572,1.0000,1
2,2125,1.131093,0.199739,0.931353,12.2600,1.0000,1
2,2126,1.518276,0.703495,0.814781,24.2254,1.0000,1
2,2127,0.978593,0.048068,0.930525,3.5251,1.0000,1
2,2128,1.089655,0.285771,0.803884,7.2376,1.0000,1
2,2129,0.969403,0.179513,0.789890,4.9235,1.0000,1
2,2130,1.131342,0.358339,0.773003,4.9482,1.0000,1
2,2131,1.037323,0.188104,0.849219,3.3441,1.0000,1
2,2132,1.142316,0.338400,0.803916,11.6404,1.0000,1
2,2133,1.104614,0.241531,0.863083,4.9457,1.0000,1
2,2134,0.855120,0.038460,0.816660,5.9034,1.0000,1
2,2135,0.822762,0.125812,0.696949,6.1362,1.0000,1
2,2136,1.057693,0.543833,0.513860,7.1740,1.0000,1
2,2137,1.252632,0.489189,0.763443,14.5537,1.0000,1
2,2138,1.483014,0.801992,0.681022,13.0380,1.0000,1
2,2139,0.950599,0.302035,0.648563,10.4853,1.0000,1
2,2140,1.198820,0.463368,0.735452,17.0235,1.0000,1
2,2141,1.360837,0.544163,0.816674,27.3400,1.0000,1
2,2142,0.968543,0.105674,0.862869,3.8425,1.0000,1
2,2143,1.293729,0.366395,0.927333,4.3454,1.0000,1
2,2144,0.998337,0.074469,0.923868,5.5289,1.0000,1
2,2145,1.004666,0.048436,0.956230,2.3512,1.0000,1
2,2146,1.449589,0.542666,0.906923,5.5300,1.0000,1
2,2147,1.104356,0.229558,0.874797,4.6091,1.0000,1
2,2148,1.080801,0.159918,0.920883,2.0782,1.0000,1
2,2149,0.742647,0.056418,0.686230,6.9944,1.0000,1
2,2150,1.782390,0.887295,0.895096,11.4468,1.0000,1
2,2151,1.485850,0.491113,0.994737,6.2913,1.0000,1
2,2152,1.459624,0.506546,0.953079,7.9339,1.0000,1
2,2153,1.194078,0.213756,0.980322,5.4404,1.0000,1
2,2154,0.989873,0.062718,0.927155,2.3293,1.0000,1
2,2155,0.972595,0.048996,0.923599,2.8459,1.0000,1
2,2156,1.095574,0.321296,0.774277,9.4837,1.0000,1
2,2157,0.933856,0.088748,0.845108,3.5864,1.0000,1
2,2158,1.141145,0.230802,0.910343,2.7092,1.0000,1
2,2159,1.178473,0.299129,0.879344,5.6444,1.0000,1
2,2160,1.070948,0.153857,0.917091,10.4059,1.0000,1
2,2161,1.187567,0.235400,0.952168,1.7934,1.0000,1
2,2162,0.916576,0.037341,0.879235,4.8510,1.0000,1
2,2163,1.098288,0.296475,0.801813,8.4217,1.0000,1
2,2164,1.115247,0.219167,0.896081,3.4562,1.0000,1
2,2165,1.652172,0.694292,0.957880,14.9959,1.0000,1
2,2166,1.542681,0.733915,0.808766,24.2868,1.0000,1
2,2167,1.143389,0.210027,0.933362,13.2816,1.0000,1
2,2168,1.092707,0.219525,0.873182,7.5683,1.0000,1
2,2169,1.023795,0.122250,0.901546,3.7551,1.0000,1
2,2170,1.393425,0.594039,0.799385,6.4972,1.0000,1
2,2171,1.110985,0.245438,0.865547,9.8770,1.0000,1
2,2172,1.042822,0.081416,0.961406,2.3166,1.0000,1
2,2173,1.225060,0.403654,0.821405,6.2769,1.0000,1
2,2174,1.319602,0.442669,0.876933,7.0584,1.0000,1
2,2175,1.055846,0.115907,0.939939,1.9899,1.0000,1
2,2176,1.506845,0.559897,0.946949,48.0428,1.0000,1
2,2177,1.044953,0.136329,0.908624,2.3601,1.0000,1
2,2178,0.918220,0.123991,0.794230,2.8735,1.0000,1
2,2179,0.927277,0.116857,0.810420,7.0373,1.0000,1
2,2180,1.342214,0.540704,0.801509,8.4396,1.0000,1
2,2181,1.325075,0.394928,0.930147,4.9364,1.0000,1
2,2182,1.154928,0.294365,0.860563,7.1211,1.0000,1
2,2183,1.286025,0.457733,0.828292,17.9965,1.0000,1
2,2184,1.246114,0.443686,0.802427,6.6884,1.0000,1
2,2185,1.048395,0.100489,0.947906,2.2348,1.0000,1
2,2186,1.206949,0.307262,0.899687,3.0795,1.0000,1
2,2187,1.146079,0.231191,0.914889,3.1283,1.0000,1
2,2188,1.136984,0.178610,0.958375,3.9829,1.0000,1
2,2189,1.073285,0.087386,0.985898,2.3340,1.0000,1
2,2190,1.196221,0.363424,0.832797,13.7357,1.0000,1
2,2191,1.398365,0.510506,0.887859,17.3607,1.0000,1
2,2192,1.239841,0.275158,0.964682,5.2729,1.0000,1
2,2193,1.233387,0.298828,0.934560,6.1526,1.0000,1
2,2194,1.325233,0.366760,0.958473,7.9144,1.0000,1
2,2195,1.293995,0.353051,0.940945,3.9219,1.0000,1
2,2196,1.021636,0.134885,0.886751,3.7879,1.0000,1
2,2197,1.314205,0.392997,0.921208,4.9118,1.0000,1
2,2198,1.161090,0.197048,0.964041,6.4486,1.0000,1
2,2199,1.152685,0.233735,0.918950,13.0968,1.0000,1
2,2200,1.177887,0.273489,0.904397,3.3988,1.0000,1
2,2201,1.045393,0.107537,0.937857,4.5899,1.0000,1
2,2202,1.050383,0.132565,0.917818,2.3807,1.0000,1
2,2203,1.023389,0.057844,0.965545,2.6812,1.0000,1
2,2204,1.034997,0.076018,0.958979,2.3286,1.0000,1
2,2205,1.192279,0.256958,0.935321,3.4497,1.0000,1
2,2206,0.807148,0.067822,0.739327,7.8759,1.0000,1
2,2207,0.911904,0.432461,0.479443,14.1020,1.0000,1
2,2208,1.219103,0.314998,0.904105,17.4997,1.0000,1
2,2209,1.780090,0.791688,0.988402,15.9153,1.0000,1
2,2210,2.119042,1.134286,0.984757,23.9709,1.0000,1
2,2211,1.266266,0.451535,0.814731,14.1954,1.0000,1
2,2212,1.321638,0.335665,0.985973,3.8998,1.0000,1
2,2213,1.050814,0.150108,0.900706,4.3706,1.0000,1
2,2214,0.975089,0.050052,0.925038,3.4911,1.0000,1
2,2215,1.072109,0.226075,0.846034,2.2157,1.0000,1
2,2216,1.324986,0.383182,0.941805,17.1434,1.0000,1
2,2217,1.275099,0.480028,0.795071,13.3489,1.0000,1
2,2218,0.881412,0.106776,0.774636,3.3829,1.0000,1
2,2219,1.283356,0.375542,0.907814,14.9231,1.0000,1
2,2220,0.862769,0.082427,0.780342,4.6909,1.0000,1
2,2221,1.040173,0.045706,0.994467,0.8734,0.8734,0
2,2222,1.396066,0.454211,0.941856,8.1127,1.0000,1
2,2223,1.004490,0.004704,0.999785,0.1875,0.1875,0
2,2224,1.058799,0.293702,0.765096,20.6000,1.0000,1
2,2225,0.972833,0.265148,0.707685,17.3950,1.0000,1
2,2226,1.387092,0.702480,0.684612,29.7043,1.0000,1
2,2227,1.167823,0.369760,0.798063,14.9326,1.0000,1
2,2228,0.835454,0.081401,0.754053,4.1418,1.0000,1
2,2229,1.047333,0.053344,0.993989,1.5839,1.0000,1
2,2230,1.049556,0.085235,0.964322,1.5988,1.0000,1
2,2231,1.047429,0.138622,0.908807,2.8045,1.0000,1
2,2232,1.306288,0.521991,0.784297,18.4107,1.0000,1
2,2233,1.262291,0.517267,0.745024,4.7468,1.0000,1
2,2234,0.882632,0.160038,0.722594,8.4540,1.0000,1
2,2235,1.269819,0.336406,0.933413,12.1941,1.0000,1
2,2236,1.165394,0.581022,0.584372,13.6045,1.0000,1
2,2237,1.255974,0.534321,0.721653,12.1288,1.0000,1
2,2238,1.195362,0.227213,0.968149,4.2027,1.0000,1
2,2239,1.329707,0.505350,0.824357,7.2392,1.0000,1
2,2240,1.136328,0.301257,0.835071,11.9923,1.0000,1
2,2241,0.867782,0.081721,0.786061,3.7051,1.0000,1
2,2242,1.376692,0.500529,0.876164,6.2289,1.0000,1
2,2243,1.045825,0.047949,0.997876,2.5187,1.0000,1
2,2244,1.048853,0.169851,0.879002,3.2570,1.0000,1
2,2245,1.217627,0.296627,0.921000,2.2556,1.0000,1
2,2246,1.140105,0.213990,0.926114,2.7724,1.0000,1
2,2247,1.010389,0.102083,0.908306,2.4045,1.0000,1
2,2248,1.159018,0.290321,0.868697,9.2645,1.0000,1
2,2249,1.256356,0.333952,0.922404,18.8962,1.0000,1
2,2250,1.164035,0.238275,0.925760,14.2472,1.0000,1
2,2251,0.999458,0.019572,0.979886,1.1157,1.0000,1
2,2252,0.847054,0.033252,0.813801,3.9153,1.0000,1
2,2253,0.912673,0.100756,0.811918,7.6164,1.0000,1
2,2254,1.129978,0.194221,0.935757,3.6354,1.0000,1
2,2255,1.262936,0.671603,0.591333,9.6026,1.0000,1
2,2256,1.593406,0.865245,0.728161,30.9792,1.0000,1
2,2257,1.203982,0.503623,0.700359,10.6529,1.0000,1
2,2258,0.870300,0.102903,0.767396,3.3661,1.0000,1
2,2259,0.761817,0.109684,0.652133,3.6122,1.0000,1
2,2260,0.824605,0.067741,0.756864,11.4984,1.0000,1
2,2261,1.076698,0.201991,0.874707,11.4896,1.0000,1
2,2262,0.864857,0.035089,0.829768,3.9529,1.0000,1
2,2263,1.705103,1.013554,0.691548,24.0121,1.0000,1
2,2264,1.253651,0.257018,0.996632,6.7367,1.0000,1
2,2265,1.667302,0.964279,0.703023,34.1830,1.0000,1
2,2266,0.735167,0.180836,0.554331,8.1964,1.0000,1
2,2267,1.074482,0.359256,0.715226,4.6025,1.0000,1
2,2268,1.009556,0.125502,0.884054,4.2636,1.0000,1
2,2269,1.029799,0.184991,0.844808,3.2105,1.0000,1
2,2270,0.891038,0.099256,0.791782,3.2353,1.0000,1
2,2271,1.157570,0.326635,0.830935,6.6021,1.0000,1
2,2272,1.297053,0.299105,0.997947,5.3688,1.0000,1
2,2273,0.950965,0.082097,0.868868,5.2073,1.0000,1
2,2274,0.925572,0.343179,0.582393,6.9956,1.0000,1
2,2275,0.939991,0.068043,0.871947,1.8633,1.0000,1
2,2276,1.313162,0.353857,0.959305,31.0040,1.0000,1
2,2277,1.629282,0.728672,0.900611,19.2352,1.0000,1
2,2278,0.868305,0.223362,0.644943,7.9907,1.0000,1
2,2279,1.757606,0.858973,0.898633,17.7181,1.0000,1
2,2280,2.258727,1.644541,0.614186,41.3517,1.0000,1
2,2281,0.802369,0.151610,0.650759,5.0060,1.0000,1
2,2282,1.698336,0.930952,0.767384,16.5607,1.0000,1
2,2283,1.050638,0.298532,0.752106,9.7360,1.0000,1
2,2284,0.978263,0.128358,0.849905,3.2333,1.0000,1
2,2285,1.008164,0.075517,0.932647,3.0181,1.0000,1
2,2286,0.915063,0.130300,0.784763,15.1482,1.0000,1
2,2287,1.008850,0.365348,0.643502,4.9315,1.0000,1
2,2288,1.394504,0.603728,0.790776,31.1988,1.0000,1
2,2289,0.959778,0.345627,0.614152,10.2786,1.0000,1
2,2290,0.957940,0.236719,0.721221,11.8780,1.0000,1
2,2291,0.925616,0.051103,0.874513,4.8315,1.0000,1
2,2292,0.852476,0.137974,0.714502,8.6728,1.0000,1
2,2293,1.035255,0.057161,0.978094,1.6965,1.0000,1
2,2294,1.004799,0.044740,0.960059,1.0950,1.0000,1
2,2295,0.952251,0.020212,0.932039,2.3059,1.0000,1
2,2296,0.885495,0.055686,0.829809,10.5094,1.0000,1
2,2297,2.111701,1.327997,0.783704,34.1604,1.0000,1
2,2298,0.855738,0.320714,0.535025,5.9983,1.0000,1
2,2299,2.456999,1.652088,0.804911,18.7244,1.0000,1
2,2300,1.074818,0.081528,0.993290,0.7042,0.7042,0
2,2301,0.524726,0.023789,0.500938,7.8386,1.0000,1
2,2302,1.479500,0.719750,0.759750,29.9895,1.0000,1
2,2303,0.801883,0.169611,0.632273,8.2661,1.0000,1
2,2304,1.063442,0.310138,0.753304,25.5727,1.0000,1
2,2305,1.058677,0.106142,0.952535,4.2443,1.0000,1
2,2306,1.066261,0.568383,0.497878,13.0224,1.0000,1
2,2307,1.548202,0.558145,0.990057,9.1995,1.0000,1
2,2308,1.020885,0.327404,0.693481,7.1825,1.0000,1
2,2309,1.255326,0.607219,0.648107,24.7542,1.0000,1
2,2310,0.930145,0.106936,0.823209,4.4056,1.0000,1
2,2311,0.930106,0.083033,0.847073,5.8256,1.0000,1
2,2312,1.139781,0.412868,0.726913,3.9182,1.0000,1
2,2313,1.139889,0.271987,0.867902,2.0839,1.0000,1
2,2314,1.106345,0.245107,0.861238,3.3439,1.0000,1
2,2315,0.966904,0.028557,0.938346,2.1961,1.0000,1
2,2316,1.031551,0.200188,0.831363,10.2245,1.0000,1
2,2317,0.972075,0.135442,0.836633,4.7460,1.0000,1
2,2318,1.167287,0.264002,0.903285,13.5534,1.0000,1
2,2319,1.024422,0.132809,0.891614,2.4312,1.0000,1
2,2320,1.152036,0.360589,0.791447,9.8985,1.0000,1
2,2321,0.935622,0.219371,0.716250,7.6150,1.0000,1
2,2322,1.052608,0.268542,0.784067,16.9644,1.0000,1
2,2323,0.918518,0.058162,0.860356,4.0856,1.0000,1
2,2324,1.023532,0.195654,0.827879,8.2692,1.0000,1
2,2325,1.076101,0.233126,0.842975,15.3834,1.0000,1
2,2326,0.833477,0.130398,0.703079,6.0294,1.0000,1
2,2327,1.279407,0.297502,0.981905,11.3366,1.0000,1
2,2328,0.783893,0.175223,0.608670,3.7203,1.0000,1
2,2329,0.898135,0.270902,0.627233,9.9149,1.0000,1
2,2330,0.985319,0.340090,0.645228,5.7526,1.0000,1
2,2331,1.580416,0.633320,0.947096,21.6492,1.0000,1
2,2332,0.886094,0.462144,0.423951,9.0234,1.0000,1
2,2333,1.164650,0.520723,0.643927,18.9729,1.0000,1
2,2334,1.150230,0.402201,0.748029,11.9863,1.0000,1
2,2335,0.858524,0.149429,0.709094,3.7049,1.0000,1
2,2336,2.016365,1.420296,0.596068,40.9401,1.0000,1
2,2337,0.634420,0.037465,0.596955,7.5651,1.0000,1
2,2338,0.616902,0.117402,0.499501,6.0264,1.0000,1
2,2339,1.066611,0.190490,0.876121,2.4452,1.0000,1
2,2340,1.208385,0.213652,0.994733,3.7010,1.0000,1
2,2341,1.701023,1.014502,0.686521,12.3989,1.0000,1
2,2342,1.719234,1.062179,0.657055,22.3070,1.0000,1
2,2343,1.384712,0.767224,0.617488,15.2851,1.0000,1
2,2344,1.340113,0.371491,0.968622,16.7389,1.0000,1
2,2345,0.948611,0.057616,0.890995,4.7991,1.0000,1
2,2346,0.861158,0.146121,0.715037,42.3902,1.0000,1
2,2347,1.762906,0.915273,0.847634,14.0957,1.0000,1
2,2348,1.566841,0.742802,0.824039,11.6571,1.0000,1
2,2349,1.137834,0.300821,0.837013,10.9015,1.0000,1
2,2350,0.992725,0.155970,0.836755,2.8159,1.0000,1
2,2351,1.000270,0.048758,0.951512,1.8403,1.0000,1
2,2352,1.012473,0.188411,0.824063,5.7973,1.0000,1
2,2353,1.035148,0.098071,0.937076,2.2544,1.0000,1
2,2354,1.021072,0.263562,0.757511,5.2544,1.0000,1
2,2355,1.030565,0.062372,0.968193,1.5284,1.0000,1
2,2356,1.001285,0.165690,0.835596,3.4310,1.0000,1
2,2357,0.896960,0.086919,0.810042,3.5750,1.0000,1
2,2358,0.887856,0.201817,0.686039,15.6772,1.0000,1
2,2359,1.761248,1.040288,0.720960,31.7488,1.0000,1
2,2360,1.029244,0.432090,0.597154,9.7700,1.0000,1
2,2361,2.657660,2.028101,0.629558,49.2380,1.0000,1
2,2362,1.180384,0.473006,0.707377,24.8059,1.0000,1
2,2363,1.017058,0.324954,0.692104,23.2219,1.0000,1
2,2364,0.729947,0.133349,0.596598,7.1333,1.0000,1
2,2365,0.827376,0.196081,0.631295,4.1696,1.0000,1
2,2366,0.610451,0.141192,0.469259,7.6970,1.0000,1
2,2367,0.868596,0.153236,0.715360,21.7410,1.0000,1
2,2368,1.138677,0.299868,0.838809,13.0657,1.0000,1
2,2369,0.806454,0.345559,0.460895,19.8179,1.0000,1
2,2370,0.970095,0.453089,0.517006,13.6426,1.0000,1
2,2371,1.230460,0.555154,0.675306,19.4780,1.0000,1
2,2372,0.831611,0.241624,0.589988,7.5271,1.0000,1
2,2373,0.838004,0.160450,0.677554,9.5343,1.0000,1
2,2374,0.655581,0.121629,0.533952,8.0720,1.0000,1
2,2375,1.298907,0.299910,0.998997,3.5064,1.0000,1
2,2376,0.527104,0.031405,0.495699,13.3313,1.0000,1
2,2377,1.508072,1.030260,0.477812,17.5037,1.0000,1
2,2378,0.625053,0.188969,0.436084,32.5579,1.0000,1
2,2379,1.763708,0.902317,0.861391,63.9870,1.0000,1
2,2380,2.249383,1.589347,0.660036,25.8957,1.0000,1
2,2381,1.097972,0.510426,0.587546,25.3514,1.0000,1
2,2382,1.183768,0.299919,0.883848,11.8206,1.0000,1
2,2383,1.384292,0.519835,0.864457,4.4337,1.0000,1
2,2384,1.062981,0.097585,0.965395,1.6202,1.0000,1
2,2385,0.969210,0.100456,0.868754,2.7213,1.0000,1
2,2386,2.445431,1.538605,0.906827,27.7529,1.0000,1
2,2387,1.169766,0.273687,0.896078,5.8965,1.0000,1
2,2388,1.158453,0.314189,0.844264,9.3317,1.0000,1
2,2389,1.039987,0.266309,0.773678,5.1672,1.0000,1
2,2390,0.981077,0.026752,0.954325,1.8879,1.0000,1
2,2391,1.254779,0.448573,0.806206,8.0557,1.0000,1
2,2392,1.095115,0.196271,0.898844,2.0174,1.0000,1
2,2393,1.053113,0.150002,0.903111,3.5838,1.0000,1
2,2394,0.948970,0.174984,0.773987,4.2213,1.0000,1
2,2395,0.874880,0.142696,0.732184,14.1730,1.0000,1
2,2396,0.939405,0.113027,0.826378,5.4483,1.0000,1
2,2397,1.495074,0.763082,0.731992,44.3100,1.0000,1
2,2398,1.284364,0.307706,0.976657,14.3760,1.0000,1
2,2399,0.842967,0.096611,0.746356,7.2742,1.0000,1
2,2400,1.027590,0.577743,0.449847,28.9759,1.0000,1
2,2401,0.712870,0.133289,0.579581,9.8001,1.0000,1
2,2402,0.833582,0.101402,0.732180,8.3117,1.0000,1
2,2403,0.902779,0.218374,0.684405,7.3309,1.0000,1
2,2404,1.182413,0.529750,0.652663,22.5705,1.0000,1
2,2405,0.863811,0.113602,0.750208,11.7203,1.0000,1
2,2406,0.876710,0.139001,0.737709,18.1635,1.0000,1
2,2407,1.452397,0.558394,0.894003,13.1623,1.0000,1
2,2408,0.937652,0.180909,0.756743,14.3150,1.0000,1
2,2409,0.965963,0.034477,0.931486,2.5794,1.0000,1
2,2410,1.011146,0.207283,0.803862,7.2774,1.0000,1
2,2411,1.218802,0.656415,0.562387,10.6803,1.0000,1
2,2412,0.872820,0.118737,0.754083,6.7552,1.0000,1
2,2413,1.666886,0.794952,0.871934,41.7139,1.0000,1
2,2414,1.019865,0.489287,0.530578,21.1713,1.0000,1
2,2415,0.867059,0.052056,0.815002,7.3539,1.0000,1
2,2416,1.087421,0.364871,0.722550,19.5749,1.0000,1
2,2417,1.242525,0.271762,0.970763,11.8105,1.0000,1
2,2418,1.016312,0.153957,0.862355,4.7689,1.0000,1
2,2419,0.947473,0.147422,0.800051,4.3033,1.0000,1
2,2420,1.009481,0.117409,0.892073,2.1691,1.0000,1
2,2421,0.916613,0.086295,0.830319,4.4640,1.0000,1
2,2422,0.951160,0.072754,0.878406,3.2626,1.0000,1
2,2423,0.907701,0.123889,0.783812,5.7241,1.0000,1
2,2424,1.225665,0.694548,0.531117,19.2873,1.0000,1
2,2425,1.032038,0.531946,0.500093,5.6901,1.0000,1
2,2426,1.562588,0.773734,0.788854,29.4771,1.0000,1
2,2427,1.579523,0.588134,0.991389,14.7256,1.0000,1
2,2428,1.337535,0.643327,0.694208,33.2447,1.0000,1
2,2429,1.099085,0.455825,0.643259,6.2931,1.0000,1
2,2430,0.742462,0.065186,0.677276,5.0715,1.0000,1
2,2431,1.187157,0.191480,0.995677,5.0035,1.0000,1
2,2432,0.973734,0.160508,0.813227,8.3762,1.0000,1
2,2433,1.353191,0.423904,0.929286,9.0686,1.0000,1
2,2434,1.265685,0.436427,0.829258,8.3849,1.0000,1
2,2435,0.856739,0.033374,0.823365,4.5180,1.0000,1
2,2436,0.891717,0.128757,0.762959,3.3377,1.0000,1
2,2437,1.199062,0.370229,0.828833,12.6969,1.0000,1
2,2438,1.098553,0.409581,0.688972,5.8424,1.0000,1
2,2439,0.853629,0.121741,0.731888,9.2173,1.0000,1
2,2440,1.657811,0.742433,0.915378,12.1514,1.0000,1
2,2441,1.065667,0.338498,0.727170,5.6677,1.0000,1
2,2442,0.799103,0.057587,0.741516,7.6489,1.0000,1
2,2443,0.897507,0.294959,0.602547,5.3742,1.0000,1
2,2444,0.757934,0.074058,0.683876,7.1997,1.0000,1
2,2445,1.313224,0.688512,0.624712,9.7277,1.0000,1
2,2446,1.885306,1.212728,0.672578,56.3236,1.0000,1
2,2447,1.315445,0.621667,0.693778,17.8735,1.0000,1
2,2448,0.976610,0.424962,0.551648,13.3306,1.0000,1
2,2449,0.870589,0.292266,0.578322,8.4977,1.0000,1
2,2450,1.004175,0.170320,0.833855,8.4360,1.0000,1
2,2451,0.889780,0.235136,0.654644,8.7755,1.0000,1
2,2452,1.550911,0.744952,0.805959,12.2536,1.0000,1
2,2453,0.617304,0.061305,0.555999,7.7954,1.0000,1
2,2454,1.079780,0.285666,0.794114,4.2376,1.0000,1
2,2455,0.734703,0.074457,0.660246,7.5477,1.0000,1
2,2456,1.249955,0.413382,0.836573,8.5794,1.0000,1
2,2457,1.225743,0.525542,0.700201,6.7298,1.0000,1
2,2458,1.007594,0.315185,0.692409,8.7396,1.0000,1
2,2459,1.040676,0.041837,0.998840,0.6314,0.6314,0
2,2460,0.950940,0.031708,0.919232,2.6107,1.0000,1
2,2461,1.053417,0.241734,0.811683,8.4714,1.0000,1
2,2462,0.824237,0.025621,0.798616,3.6066,1.0000,1
2,2463,0.913897,0.047857,0.866040,6.3103,1.0000,1
2,2464,0.873303,0.307376,0.565928,13.9079,1.0000,1
2,2465,0.920964,0.355599,0.565365,15.5813,1.0000,1
2,2466,2.131886,1.395449,0.736437,29.3319,1.0000,1
2,2467,1.126531,0.543481,0.583050,6.2689,1.0000,1
2,2468,1.010919,0.256824,0.754095,4.0380,1.0000,1
2,2469,1.376859,0.662486,0.714373,11.5016,1.0000,1
2,2470,0.806930,0.060172,0.746757,9.2621,1.0000,1
2,2471,0.990973,0.230737,0.760236,4.5978,1.0000,1
2,2472,0.897847,0.085400,0.812447,3.2517,1.0000,1
2,2473,1.091166,0.463135,0.628030,10.8331,1.0000,1
2,2474,1.743629,1.117369,0.626260,17.7108,1.0000,1
3,2475,1.336325,0.638504,0.697821,33.5301,1.0000,1
3,2476,0.995188,0.023364,0.971824,1.7218,1.0000,1
3,2477,0.933636,0.162764,0.770872,2.7111,1.0000,1
3,2478,1.501124,0.588600,0.912524,14.9524,1.0000,1
3,2479,0.887830,0.188051,0.699779,6.2477,1.0000,1
3,2480,0.947178,0.103249,0.843929,3.8850,1.0000,1
3,2481,0.841079,0.032861,0.808218,4.1836,1.0000,1
3,2482,1.022453,0.221790,0.800664,4.0252,1.0000,1
3,2483,1.034680,0.206358,0.828321,2.4492,1.0000,1
3,2484,0.684409,0.075745,0.608664,3.4670,1.0000,1
3,2485,0.969226,0.083246,0.885979,25.9163,1.0000,1
3,2486,1.668854,1.057288,0.611567,20.3860,1.0000,1
3,2487,0.955523,0.370234,0.585289,6.4099,1.0000,1
3,2488,0.871127,0.316821,0.554306,12.6281,1.0000,1
3,2489,1.516700,0.681252,0.835448,20.2676,1.0000,1
3,2490,1.400234,0.717833,0.682401,10.7679,1.0000,1
3,2491,0.785963,0.031794,0.754169,6.2400,1.0000,1
3,2492,0.867540,0.069369,0.798171,18.8488,1.0000,1
3,2493,1.177082,0.536215,0.640867,22.6828,1.0000,1
3,2494,1.947621,1.363398,0.584223,21.1602,1.0000,1
3,2495,0.700516,0.169587,0.530929,14.9895,1.0000,1
3,2496,0.838300,0.145223,0.693077,6.0240,1.0000,1
3,2497,0.838052,0.044249,0.793803,5.1021,1.0000,1
3,2498,1.047138,0.358098,0.689041,6.0597,1.0000,1
3,2499,1.576169,0.576905,0.999264,6.3302,1.0000,1
3,2500,1.255307,0.348511,0.906796,4.5460,1.0000,1
3,2501,0.718657,0.271041,0.447616,4.9052,1.0000,1
3,2502,0.917232,0.021088,0.896143,3.2654,1.0000,1
3,2503,1.012051,0.020573,0.991479,1.2912,1.0000,1
3,2504,0.992183,0.125260,0.866923,1.9584,1.0000,1
3,2505,0.811256,0.167501,0.643755,41.3709,1.0000,1
3,2506,1.889461,1.231382,0.658079,24.2213,1.0000,1
3,2507,1.860068,1.140432,0.719636,37.1081,1.0000,1
3,2508,1.177105,0.246469,0.930636,9.4956,1.0000,1
3,2509,1.197859,0.680991,0.516868,26.4203,1.0000,1
3,2510,1.208171,0.467599,0.740572,12.9259,1.0000,1
3,2511,0.797563,0.061859,0.735704,6.1859,1.0000,1
3,2512,0.955491,0.163062,0.792430,3.1213,1.0000,1
3,2513,1.062876,0.473506,0.589369,15.0701,1.0000,1
3,2514,0.774669,0.142858,0.631811,3.9204,1.0000,1
3,2515,1.050478,0.424507,0.625971,10.8920,1.0000,1
3,2516,0.948280,0.052204,0.896076,2.4524,1.0000,1
3,2517,1.717186,1.165527,0.551659,51.7634,1.0000,1
3,2518,0.756252,0.213512,0.542741,6.4669,1.0000,1
3,2519,1.082137,0.515301,0.566836,15.8047,1.0000,1
3,2520,0.809425,0.032001,0.777425,10.1392,1.0000,1
3,2521,1.105493,0.331610,0.773882,17.7477,1.0000,1
3,2522,1.997445,1.217350,0.780095,35.7173,1.0000,1
3,2523,0.908770,0.193490,0.715280,10.0688,1.0000,1
3,2524,0.867404,0.196049,0.671355,4.9777,1.0000,1
3,2525,0.814454,0.281724,0.532730,21.6394,1.0000,1
3,2526,0.958989,0.082276,0.876712,5.7402,1.0000,1
3,2527,0.814042,0.027127,0.786915,5.9058,1.0000,1
3,2528,1.193605,0.500568,0.693037,6.4033,1.0000,1
3,2529,1.511422,0.851690,0.659731,15.3094,1.0000,1
3,2530,1.168319,0.170091,0.998228,3.3209,1.0000,1
3,2531,0.897685,0.008982,0.888702,3.9680,1.0000,1
3,2532,1.220696,0.576077,0.644619,15.4424,1.0000,1
3,2533,2.115968,1.153609,0.962359,23.1897,1.0000,1
3,2534,1.066650,0.200758,0.865892,8.8160,1.0000,1
3,2535,1.372361,0.519592,0.852769,16.4803,1.0000,1
3,2536,1.369081,0.518123,0.850958,7.8717,1.0000,1
3,2537,0.912894,0.159207,0.753687,4.3516,1.0000,1
3,2538,1.303565,0.559187,0.744378,12.4234,1.0000,1
3,2539,0.977531,0.126807,0.850724,5.0611,1.0000,1
3,2540,0.962908,0.037504,0.925404,2.5858,1.0000,1
3,2541,0.882859,0.053656,0.829203,4.5038,1.0000,1
3,2542,0.976071,0.061889,0.914182,7.6505,1.0000,1
3,2543,1.995282,1.166393,0.828889,25.1775,1.0000,1
3,2544,1.053917,0.376700,0.677218,13.7100,1.0000,1
3,2545,0.961902,0.035971,0.925931,3.6537,1.0000,1
3,2546,0.762604,0.095933,0.666671,6.5785,1.0000,1
3,2547,0.777761,0.012476,0.765285,7.5353,1.0000,1
3,2548,1.249805,0.488731,0.761075,11.5231,1.0000,1
3,2549,2.137439,1.568654,0.568785,33.9937,1.0000,1
3,2550,1.009211,0.484902,0.524309,18.4006,1.0000,1
3,2551,0.777949,0.097875,0.680074,7.6716,1.0000,1
3,2552,1.455429,0.848526,0.606904,28.4895,1.0000,1
3,2553,0.969933,0.058413,0.911520,2.5387,1.0000,1
3,2554,0.586626,0.124779,0.461847,6.7429,1.0000,1
3,2555,1.022830,0.472805,0.550026,9.9580,1.0000,1
3,2556,2.161169,1.508754,0.652415,34.2026,1.0000,1
3,2557,1.179982,0.324447,0.855535,6.6073,1.0000,1
3,2558,1.246835,0.516026,0.730809,13.0494,1.0000,1
3,2559,1.133842,0.579518,0.554324,17.0738,1.0000,1
3,2560,0.816921,0.201215,0.615705,4.6442,1.0000,1
3,2561,0.612001,0.026377,0.585625,5.7031,1.0000,1
3,2562,1.345866,0.482720,0.863147,10.5167,1.0000,1
3,2563,0.662595,0.130253,0.532341,6.3656,1.0000,1
3,2564,0.810936,0.045772,0.765164,5.2473,1.0000,1
3,2565,0.797574,0.130848,0.666726,9.2992,1.0000,1
3,2566,0.708206,0.087785,0.620421,11.6215,1.0000,1
3,2567,1.420132,0.485790,0.934342,42.8968,1.0000,1
3,2568,0.781496,0.197150,0.584346,5.8933,1.0000,1
3,2569,1.134465,0.359034,0.775431,16.2957,1.0000,1
3,2570,0.660151,0.193055,0.467096,5.8422,1.0000,1
3,2571,1.063386,0.260010,0.803377,6.9267,1.0000,1
3,2572,0.920996,0.084725,0.836271,13.6619,1.0000,1
3,2573,0.658781,0.082784,0.575997,7.6565,1.0000,1
3,2574,0.725256,0.066959,0.658297,10.0167,1.0000,1
3,2575,0.854511,0.366463,0.488048,7.6624,1.0000,1
3,2576,1.941565,1.445022,0.496543,22.5768,1.0000,1
3,2577,1.408366,0.774311,0.634056,12.6343,1.0000,1
3,2578,1.756521,1.100004,0.656517,20.8921,1.0000,1
3,2579,0.875336,0.054959,0.820377,3.4808,1.0000,1
3,2580,1.058228,0.219664,0.838564,7.9707,1.0000,1
3,2581,1.148363,0.160760,0.987604,2.4285,1.0000,1
3,2582,2.004669,1.140785,0.863885,18.4808,1.0000,1
3,2583,1.015602,0.135590,0.880012,3.2467,1.0000,1
3,2584,0.891042,0.095394,0.795648,4.3391,1.0000,1
3,2585,2.177056,1.427657,0.749400,23.6270,1.0000,1
3,2586,0.969683,0.151545,0.818138,5.1639,1.0000,1
3,2587,0.938845,0.112934,0.825911,7.8905,1.0000,1
3,2588,1.012065,0.248843,0.763222,7.1098,1.0000,1
3,2589,0.829496,0.045714,0.783782,6.2581,1.0000,1
3,2590,0.940886,0.067024,0.873862,3.7257,1.0000,1
3,2591,0.835060,0.081070,0.753989,7.4320,1.0000,1
3,2592,0.908844,0.207709,0.701135,48.4836,1.0000,1
3,2593,4.509925,3.665977,0.843949,103.6479,1.0000,1
3,2594,2.613270,1.618209,0.995062,48.2539,1.0000,1
3,2595,0.737664,0.094246,0.643418,17.4606,1.0000,1
3,2596,0.812353,0.427116,0.385237,15.8617,1.0000,1
3,2597,0.796524,0.396709,0.399815,14.7631,1.0000,1
3,2598,1.289060,0.634213,0.654847,28.9772,1.0000,1
3,2599,0.912830,0.321596,0.591234,8.6869,1.0000,1
3,2600,0.815172,0.110926,0.704246,8.0552,1.0000,1
3,2601,1.066939,0.377129,0.689810,16.1229,1.0000,1
3,2602,0.899359,0.009665,0.889693,3.3928,1.0000,1
3,2603,1.353004,0.686960,0.666043,44.1816,1.0000,1
3,2604,0.845861,0.014792,0.831070,3.7366,1.0000,1
3,2605,1.054698,0.390742,0.663955,13.9024,1.0000,1
3,2606,0.814614,0.266643,0.547971,5.6700,1.0000,1
3,2607,0.624373,0.021382,0.602991,12.5491,1.0000,1
3,2608,1.590708,0.903314,0.687394,13.8619,1.0000,1
3,2609,0.971665,0.191081,0.780584,20.3770,1.0000,1
3,2610,1.536167,0.864613,0.671553,42.6623,1.0000,1
3,2611,2.880460,2.008215,0.872245,51.5111,1.0000,1
3,2612,0.549329,0.064892,0.484437,7.9639,1.0000,1
3,2613,0.820267,0.142827,0.677440,17.3842,1.0000,1
3,2614,1.029309,0.373732,0.655577,9.0079,1.0000,1
3,2615,0.650694,0.167744,0.482951,6.2471,1.0000,1
3,2616,1.440713,0.816528,0.624185,5.9475,1.0000,1
3,2617,1.228988,0.658382,0.570607,33.5465,1.0000,1
3,2618,1.003912,0.160865,0.843046,7.7382,1.0000,1
3,2619,0.724554,0.073758,0.650795,11.5796,1.0000,1
3,2620,0.864464,0.108524,0.755939,5.6879,1.0000,1
3,2621,0.740018,0.100449,0.639569,6.3002,1.0000,1
3,2622,0.836678,0.152333,0.684345,4.9504,1.0000,1
3,2623,1.057256,0.339441,0.717815,7.4466,1.0000,1
3,2624,0.866813,0.163677,0.703136,8.8843,1.0000,1
3,2625,1.026700,0.123990,0.902710,2.6689,1.0000,1
3,2626,1.381349,0.651442,0.729907,8.7354,1.0000,1
3,2627,1.121421,0.659702,0.461719,42.9285,1.0000,1
3,2628,1.264555,0.435674,0.828880,14.1303,1.0000,1
3,2629,0.733075,0.131204,0.601871,8.6457,1.0000,1
3,2630,0.839449,0.120044,0.719405,15.9263,1.0000,1
3,2631,0.857449,0.048749,0.808700,7.1014,1.0000,1
3,2632,1.258911,0.479922,0.778990,18.3583,1.0000,1
3,2633,1.176931,0.310182,0.866749,19.3938,1.0000,1
3,2634,2.396547,1.595353,0.801194,35.1527,1.0000,1
3,2635,0.920594,0.304140,0.616454,7.4346,1.0000,1
3,2636,1.312600,0.486911,0.825689,20.2514,1.0000,1
3,2637,1.102260,0.284706,0.817554,11.2024,1.0000,1
3,2638,0.904939,0.050304,0.854635,5.0257,1.0000,1
3,2639,1.069204,0.069275,0.999929,1.9250,1.0000,1
3,2640,0.982078,0.103885,0.878193,4.7841,1.0000,1
3,2641,1.046503,0.133700,0.912804,4.3864,1.0000,1
3,2642,1.086895,0.132054,0.954841,1.9999,1.0000,1
3,2643,1.481828,0.658132,0.823696,23.8217,1.0000,1
3,2644,0.708348,0.104221,0.604127,6.0480,1.0000,1
3,2645,1.788517,0.970688,0.817829,40.7602,1.0000,1
3,2646,2.591884,1.728439,0.863445,25.9753,1.0000,1
3,2647,1.923430,1.037709,0.885721,25.3710,1.0000,1
3,2648,1.223934,0.231410,0.992525,4.1528,1.0000,1
3,2649,1.599982,0.720973,0.879009,30.9553,1.0000,1
3,2650,1.427099,0.546142,0.880958,10.7090,1.0000,1
3,2651,1.014344,0.216684,0.797659,14.1390,1.0000,1
3,2652,1.039791,0.182708,0.857083,3.7848,1.0000,1
3,2653,1.058761,0.078441,0.980319,1.3055,1.0000,1
3,2654,1.024804,0.087328,0.937476,1.5271,1.0000,1
3,2655,0.967512,0.186848,0.780664,3.8633,1.0000,1
3,2656,1.039738,0.195133,0.844606,2.5938,1.0000,1
3,2657,1.033497,0.081191,0.952306,2.7265,1.0000,1
3,2658,0.928700,0.124552,0.804148,7.3115,1.0000,1
3,2659,0.917186,0.175880,0.741306,3.9211,1.0000,1
3,2660,0.927364,0.099422,0.827942,4.3578,1.0000,1
3,2661,0.628631,0.029752,0.598880,11.6667,1.0000,1
3,2662,0.740178,0.053490,0.686687,10.5120,1.0000,1
3,2663,0.907766,0.247809,0.659957,21.9133,1.0000,1
3,2664,3.444529,2.687181,0.757348,64.4284,1.0000,1
3,2665,3.238094,2.466909,0.771185,57.1686,1.0000,1
3,2666,0.905066,0.286126,0.618940,12.1038,1.0000,1
3,2667,1.206599,0.626995,0.579604,11.4569,1.0000,1
3,2668,1.430597,0.803641,0.626956,16.1475,1.0000,1
3,2669,1.444860,0.741111,0.703749,24.3410,1.0000,1
3,2670,0.843521,0.007366,0.836155,5.7879,1.0000,1
3,2671,0.833954,0.134668,0.699286,3.5964,1.0000,1
3,2672,0.809287,0.053752,0.755535,3.8891,1.0000,1
3,2673,0.943737,0.238922,0.704816,11.1663,1.0000,1
3,2674,1.528505,0.780296,0.748209,21.3641,1.0000,1
3,2675,1.217381,0.547539,0.669842,16.6797,1.0000,1
3,2676,0.911804,0.113388,0.798416,4.0605,1.0000,1
3,2677,0.691153,0.182601,0.508552,5.5766,1.0000,1
3,2678,1.040079,0.386116,0.653963,15.8068,1.0000,1
3,2679,1.206903,0.648379,0.558524,20.8699,1.0000,1
3,2680,0.898244,0.035147,0.863097,3.9013,1.0000,1
3,2681,0.681057,0.055570,0.625487,6.0191,1.0000,1
3,2682,0.780717,0.087714,0.693003,7.2573,1.0000,1
3,2683,1.114690,0.200389,0.914300,14.0234,1.0000,1
3,2684,1.230409,0.393726,0.836682,11.9312,1.0000,1
3,2685,1.703537,0.811828,0.891708,22.1410,1.0000,1
3,2686,1.276152,0.693276,0.582876,20.0759,1.0000,1
3,2687,1.112563,0.400142,0.712421,4.0654,1.0000,1
3,2688,1.409307,0.642717,0.766590,10.7341,1.0000,1
3,2689,1.973491,1.228525,0.744966,18.5205,1.0000,1
3,2690,1.065308,0.327978,0.737330,14.5528,1.0000,1
3,2691,0.840705,0.167312,0.673393,6.6285,1.0000,1
3,2692,1.126222,0.389815,0.736407,7.2364,1.0000,1
3,2693,0.910924,0.045909,0.865015,2.7720,1.0000,1
3,2694,0.954172,0.041610,0.912563,2.7722,1.0000,1
3,2695,1.149331,0.284215,0.865116,6.7782,1.0000,1
3,2696,0.893598,0.103444,0.790154,3.3471,1.0000,1
3,2697,0.799406,0.110479,0.688927,22.3146,1.0000,1
3,2698,1.099216,0.354842,0.744374,17.4367,1.0000,1
3,2699,1.083953,0.377089,0.706864,5.9297,1.0000,1
3,2700,0.973623,0.143961,0.829663,23.8035,1.0000,1
3,2701,1.071582,0.457099,0.614483,7.9342,1.0000,1
3,2702,0.683197,0.229667,0.453530,6.8273,1.0000,1
3,2703,0.930878,0.023382,0.907496,10.7046,1.0000,1
3,2704,0.930516,0.226992,0.703524,4.7297,1.0000,1
3,2705,1.058049,0.120178,0.937871,5.0156,1.0000,1
3,2706,1.048338,0.372635,0.675702,11.5906,1.0000,1
3,2707,0.897238,0.136391,0.760847,8.0913,1.0000,1
3,2708,0.852276,0.061588,0.790688,4.5011,1.0000,1
3,2709,1.008812,0.032271,0.976541,6.2038,1.0000,1
3,2710,1.315093,0.470397,0.844697,4.1917,1.0000,1
3,2711,1.001777,0.002441,0.999336,0.2685,0.2685,0
3,2712,0.715566,0.074716,0.640850,4.4317,1.0000,1
3,2713,1.410284,0.512357,0.897928,5.6757,1.0000,1
3,2714,1.094639,0.481431,0.613208,18.8612,1.0000,1
3,2715,1.298741,0.375069,0.923672,23.7354,1.0000,1
3,2716,0.945738,0.198356,0.747383,10.0827,1.0000,1
3,2717,1.473773,0.736568,0.737205,9.6468,1.0000,1
3,2718,0.903709,0.268098,0.635610,15.5798,1.0000,1
3,2719,0.990879,0.096071,0.894808,2.9933,1.0000,1
3,2720,1.294344,0.507674,0.786670,10.9810,1.0000,1
3,2721,1.146505,0.269829,0.876677,26.3989,1.0000,1
3,2722,1.090033,0.102350,0.987683,2.5359,1.0000,1
3,2723,0.786829,0.113855,0.672975,7.3058,1.0000,1
3,2724,0.856770,0.050604,0.806166,3.7790,1.0000,1
3,2725,0.927835,0.285214,0.642621,6.0143,1.0000,1
3,2726,1.048795,0.120628,0.928167,3.3916,1.0000,1
3,2727,1.118062,0.147145,0.970917,0.8367,0.8367,0
3,2728,0.965023,0.046679,0.918344,1.6274,1.0000,1
3,2729,0.913136,0.038202,0.874935,9.9643,1.0000,1
3,2730,0.887782,0.340191,0.547590,36.4979,1.0000,1
3,2731,0.979444,0.390671,0.588773,9.8122,1.0000,1
3,2732,1.729063,1.034292,0.694772,45.2916,1.0000,1
3,2733,2.156060,1.307680,0.848380,33.9941,1.0000,1
3,2734,0.598870,0.090397,0.508473,8.2194,1.0000,1
3,2735,1.239313,0.503600,0.735713,10.1757,1.0000,1
3,2736,0.968333,0.338847,0.629486,5.8679,1.0000,1
3,2737,1.321394,0.324824,0.996570,8.4232,1.0000,1
3,2738,0.818930,0.214092,0.604838,5.1919,1.0000,1
3,2739,0.694101,0.060963,0.633138,4.3959,1.0000,1
3,2740,0.783137,0.111186,0.671951,4.7544,1.0000,1
3,2741,1.069913,0.450842,0.619071,22.0047,1.0000,1
3,2742,1.356601,0.474571,0.882030,8.2704,1.0000,1
3,2743,0.897880,0.117164,0.780716,4.8643,1.0000,1
3,2744,0.874962,0.046319,0.828643,5.1259,1.0000,1
3,2745,0.857134,0.138801,0.718333,5.0062,1.0000,1
3,2746,0.805231,0.312267,0.492964,6.9539,1.0000,1
3,2747,0.949914,0.261537,0.688377,4.2490,1.0000,1
3,2748,1.064670,0.491710,0.572961,10.6630,1.0000,1
3,2749,0.499688,0.203940,0.295748,6.6205,1.0000,1
3,2750,0.484095,0.067836,0.416259,6.3970,1.0000,1
3,2751,0.820906,0.381234,0.439671,6.0669,1.0000,1
3,2752,2.552260,1.690118,0.862142,53.6113,1.0000,1
3,2753,1.370975,0.536366,0.834609,7.9271,1.0000,1
3,2754,0.666128,0.147629,0.518499,6.7065,1.0000,1
3,2755,1.479763,0.657326,0.822437,26.8014,1.0000,1
3,2756,1.883436,1.071012,0.812424,14.8651,1.0000,1
3,2757,1.250911,0.557115,0.693796,25.9502,1.0000,1
3,2758,1.067843,0.171206,0.896637,9.3032,1.0000,1
3,2759,1.056167,0.196309,0.859858,8.8870,1.0000,1
3,2760,1.284273,0.452172,0.832100,4.6610,1.0000,1
3,2761,0.742042,0.068451,0.673591,5.4780,1.0000,1
3,2762,0.839888,0.099566,0.740321,9.5995,1.0000,1
3,2763,0.784380,0.065370,0.719010,4.8815,1.0000,1
3,2764,1.017200,0.125948,0.891251,3.7173,1.0000,1
3,2765,0.881201,0.224191,0.657010,15.3086,1.0000,1
3,2766,1.117041,0.493630,0.623412,10.8878,1.0000,1
3,2767,1.685782,1.060759,0.625023,14.8924,1.0000,1
3,2768,0.817590,0.153521,0.664068,3.8775,1.0000,1
3,2769,1.169431,0.313684,0.855748,2.4623,1.0000,1
3,2770,0.912232,0.362510,0.549722,9.9688,1.0000,1
3,2771,1.812337,1.015002,0.797335,14.0593,1.0000,1
3,2772,0.789461,0.057940,0.731522,5.7222,1.0000,1
3,2773,1.171906,0.419182,0.752724,9.2603,1.0000,1
3,2774,1.354630,0.629995,0.724636,17.8471,1.0000,1
3,2775,2.063612,1.262112,0.801499,31.1031,1.0000,1
3,2776,0.970557,0.145428,0.825129,3.5530,1.0000,1
3,2777,0.983854,0.036072,0.947782,1.3583,1.0000,1
3,2778,0.955354,0.161331,0.794023,2.7155,1.0000,1
3,2779,1.110517,0.260438,0.850079,8.2812,1.0000,1
3,2780,0.628144,0.061242,0.566902,5.3136,1.0000,1
3,2781,0.739267,0.072804,0.666463,5.8844,1.0000,1
3,2782,0.772057,0.144381,0.627676,6.0505,1.0000,1
3,2783,1.133693,0.377987,0.755705,27.3561,1.0000,1
3,2784,1.067221,0.433939,0.633282,26.6584,1.0000,1
3,2785,1.148135,0.166813,0.981322,8.7317,1.0000,1
3,2786,2.058389,1.417889,0.640501,28.6187,1.0000,1
3,2787,0.794808,0.116961,0.677847,28.0233,1.0000,1
3,2788,1.827664,1.139417,0.688247,43.9609,1.0000,1
3,2789,1.670656,1.119975,0.550681,22.7221,1.0000,1
3,2790,0.567207,0.039241,0.527966,9.6894,1.0000,1
3,2791,0.835479,0.213574,0.621905,6.5820,1.0000,1
3,2792,1.299343,0.638502,0.660841,19.4905,1.0000,1
3,2793,0.852382,0.028469,0.823913,4.1583,1.0000,1
3,2794,1.142949,0.248045,0.894904,6.0931,1.0000,1
3,2795,0.763269,0.023462,0.739808,12.0197,1.0000,1
3,2796,1.200279,0.597162,0.603117,18.8698,1.0000,1
3,2797,0.885662,0.106611,0.779051,5.0867,1.0000,1
3,2798,1.147653,0.223975,0.923677,23.3591,1.0000,1
3,2799,1.270990,0.648877,0.622112,18.8332,1.0000,1
3,2800,0.762748,0.305191,0.457557,5.6802,1.0000,1
3,2801,1.945086,1.407585,0.537501,16.1609,1.0000,1
3,2802,1.062498,0.524654,0.537844,6.9473,1.0000,1
3,2803,0.716486,0.053902,0.662584,7.6466,1.0000,1
3,2804,0.806383,0.089151,0.717233,7.6066,1.0000,1
3,2805,1.262070,0.402594,0.859476,5.6211,1.0000,1
3,2806,1.131239,0.134349,0.996890,1.6417,1.0000,1
3,2807,1.250375,0.619319,0.631056,22.3944,1.0000,1
3,2808,0.991196,0.278969,0.712227,14.5469,1.0000,1
3,2809,0.792578,0.159665,0.632913,8.6200,1.0000,1
3,2810,0.931507,0.258728,0.672779,2.9698,1.0000,1
3,2811,1.402059,0.704134,0.697925,7.3173,1.0000,1
3,2812,0.740468,0.041556,0.698912,5.1970,1.0000,1
3,2813,1.143958,0.315646,0.828312,3.2463,1.0000,1
3,2814,0.826115,0.200177,0.625938,6.1271,1.0000,1
3,2815,1.073405,0.213849,0.859557,2.8893,1.0000,1
3,2816,0.812123,0.187572,0.624551,4.0739,1.0000,1
3,2817,1.272211,0.573219,0.698992,6.9721,1.0000,1
3,2818,1.280446,0.458652,0.821794,11.2261,1.0000,1
3,2819,0.950230,0.024193,0.926037,4.5520,1.0000,1
3,2820,1.122461,0.286571,0.835890,2.5585,1.0000,1
3,2821,0.960310,0.374463,0.585847,14.3263,1.0000,1
3,2822,0.898223,0.291121,0.607102,8.0994,1.0000,1
3,2823,1.103696,0.264905,0.838792,5.1894,1.0000,1
3,2824,0.976018,0.114140,0.861879,8.3451,1.0000,1
3,2825,0.810371,0.055654,0.754717,5.3281,1.0000,1
3,2826,0.812331,0.049739,0.762592,5.3344,1.0000,1
3,2827,0.741934,0.088160,0.653774,6.4978,1.0000,1
3,2828,0.897812,0.018814,0.878998,7.8310,1.0000,1
3,2829,0.999204,0.388785,0.610419,8.6629,1.0000,1
3,2830,0.697089,0.085342,0.611748,50.3971,1.0000,1
3,2831,0.687408,0.032595,0.654812,7.2676,1.0000,1
3,2832,0.769840,0.317384,0.452456,42.4908,1.0000,1
3,2833,1.366482,0.383857,0.982625,18.3311,1.0000,1
3,2834,1.143006,0.692073,0.450933,30.0792,1.0000,1
3,2835,1.151101,0.320600,0.830501,43.2826,1.0000,1
3,2836,1.666155,0.708438,0.957717,17.0085,1.0000,1
3,2837,1.254719,0.673407,0.581312,29.3588,1.0000,1
3,2838,1.176842,0.488263,0.688580,13.1771,1.0000,1
3,2839,2.742162,2.043711,0.698452,41.3095,1.0000,1
3,2840,1.043276,0.347118,0.696159,7.9430,1.0000,1
3,2841,1.466868,0.838834,0.628034,14.2450,1.0000,1
3,2842,0.913430,0.261467,0.651963,4.6154,1.0000,1
3,2843,1.087388,0.272865,0.814523,7.8523,1.0000,1
3,2844,0.968025,0.050214,0.917811,3.6807,1.0000,1
3,2845,0.955832,0.024229,0.931603,2.3606,1.0000,1
3,2846,0.861455,0.027748,0.833707,3.7763,1.0000,1
3,2847,0.850042,0.127817,0.722225,5.6674,1.0000,1
3,2848,0.936003,0.202649,0.733354,7.9981,1.0000,1
3,2849,0.943229,0.317817,0.625412,9.3920,1.0000,1
3,2850,0.765494,0.056923,0.708571,6.1561,1.0000,1
3,2851,0.792172,0.120036,0.672136,3.0344,1.0000,1
3,2852,0.857859,0.116983,0.740876,5.6212,1.0000,1
3,2853,0.683004,0.184535,0.498470,6.9122,1.0000,1
3,2854,0.844722,0.229197,0.615524,8.3483,1.0000,1
3,2855,1.394907,0.426451,0.968457,10.7320,1.0000,1
3,2856,0.813070,0.236152,0.576917,12.3324,1.0000,1
3,2857,1.510576,0.846788,0.663788,12.1218,1.0000,1
3,2858,1.604741,0.828114,0.776626,12.9986,1.0000,1
3,2859,0.652973,0.088259,0.564713,5.6058,1.0000,1
3,2860,1.470320,0.808977,0.661344,11.0783,1.0000,1
3,2861,1.855195,1.094391,0.760804,13.3991,1.0000,1
3,2862,1.173659,0.444814,0.728845,13.7588,1.0000,1
3,2863,0.748935,0.056599,0.692336,8.9269,1.0000,1
3,2864,0.947712,0.104623,0.843088,20.6335,1.0000,1
3,2865,1.001663,0.058665,0.942998,1.7856,1.0000,1
3,2866,1.000421,0.172044,0.828377,3.0975,1.0000,1
3,2867,0.705346,0.022559,0.682788,7.6027,1.0000,1
3,2868,0.985575,0.282310,0.703265,9.8615,1.0000,1
3,2869,1.072580,0.360973,0.711607,6.2171,1.0000,1
3,2870,1.026233,0.395137,0.631095,8.0376,1.0000,1
3,2871,1.154637,0.158714,0.995923,2.8296,1.0000,1
3,2872,1.213423,0.753929,0.459494,20.2713,1.0000,1
3,2873,1.283489,0.564211,0.719277,10.8257,1.0000,1
3,2874,0.909640,0.267566,0.642074,24.9753,1.0000,1
3,2875,0.723019,0.109909,0.613110,7.0302,1.0000,1
3,2876,0.989661,0.211172,0.778488,4.7999,1.0000,1
3,2877,0.935106,0.295720,0.639386,8.3269,1.0000,1
3,2878,1.388461,0.639293,0.749168,17.8569,1.0000,1
3,2879,1.108129,0.170453,0.937675,1.2437,1.0000,1
3,2880,0.820060,0.208640,0.611420,4.9408,1.0000,1
3,2881,0.909935,0.379386,0.530549,18.7808,1.0000,1
3,2882,1.067920,0.481373,0.586547,18.5304,1.0000,1
3,2883,0.952450,0.017071,0.935379,4.4648,1.0000,1
3,2884,0.843301,0.053390,0.789912,4.3978,1.0000,1
3,2885,1.063496,0.392268,0.671228,6.0939,1.0000,1
3,2886,0.757753,0.177853,0.579900,6.8592,1.0000,1
3,2887,1.044291,0.247748,0.796543,7.5047,1.0000,1
3,2888,1.748720,1.076746,0.671974,25.7784,1.0000,1
3,2889,1.113949,0.367377,0.746572,17.8754,1.0000,1
3,2890,1.257011,0.532496,0.724515,8.6257,1.0000,1
3,2891,0.870761,0.166146,0.704615,6.2850,1.0000,1
3,2892,0.899305,0.243797,0.655508,3.9459,1.0000,1
3,2893,0.908148,0.110423,0.797725,6.7749,1.0000,1
3,2894,1.081380,0.154344,0.927037,27.1580,1.0000,1
3,2895,0.976571,0.242992,0.733579,7.3058,1.0000,1
3,2896,0.781155,0.018791,0.762364,7.7317,1.0000,1
3,2897,1.637167,0.813705,0.823462,13.9017,1.0000,1
3,2898,1.125952,0.444166,0.681786,5.9621,1.0000,1
3,2899,0.748965,0.013048,0.735917,6.8233,1.0000,1
3,2900,1.189322,0.412288,0.777033,5.8137,1.0000,1
3,2901,1.019588,0.252829,0.766759,4.8817,1.0000,1
3,2902,1.736077,0.890812,0.845265,20.2180,1.0000,1
3,2903,1.121462,0.344544,0.776918,10.1666,1.0000,1
3,2904,0.969355,0.128765,0.840590,3.1750,1.0000,1
3,2905,0.853841,0.106055,0.747787,4.2747,1.0000,1
3,2906,1.069957,0.190371,0.879586,2.6654,1.0000,1
3,2907,0.868918,0.151426,0.717492,10.2920,1.0000,1
3,2908,1.281152,0.459859,0.821292,7.1271,1.0000,1
3,2909,0.793172,0.019399,0.773772,5.1893,1.0000,1
3,2910,0.827462,0.099487,0.727976,4.1819,1.0000,1
3,2911,1.000360,0.500878,0.499483,6.9318,1.0000,1
3,2912,1.076840,0.218095,0.858746,6.6018,1.0000,1
3,2913,1.342917,0.616622,0.726295,24.5544,1.0000,1
3,2914,0.957424,0.279349,0.678075,15.9380,1.0000,1
3,2915,0.963220,0.026059,0.937160,1.8625,1.0000,1
3,2916,0.999088,0.264986,0.734102,5.6653,1.0000,1
3,2917,0.978864,0.081772,0.897092,8.7174,1.0000,1
3,2918,0.742512,0.170918,0.571594,14.4238,1.0000,1
3,2919,0.812383,0.124959,0.687425,4.3204,1.0000,1
3,2920,0.810581,0.046815,0.763765,8.8241,1.0000,1
3,2921,1.632369,0.999435,0.632934,24.1789,1.0000,1
3,2922,2.123740,1.274487,0.849252,24.1504,1.0000,1
3,2923,1.288739,0.862269,0.426470,19.5775,1.0000,1
3,2924,0.726062,0.009424,0.716638,6.2701,1.0000,1
3,2925,1.024520,0.494795,0.529726,10.5236,1.0000,1
3,2926,0.831145,0.035015,0.796130,5.4211,1.0000,1
3,2927,1.060356,0.521214,0.539142,9.9645,1.0000,1
3,2928,0.968352,0.126872,0.841481,16.6434,1.0000,1
3,2929,0.553271,0.021329,0.531942,9.5255,1.0000,1
3,2930,0.726254,0.059335,0.666919,5.8098,1.0000,1
3,2931,0.739747,0.162319,0.577428,12.8571,1.0000,1
3,2932,1.478139,0.673064,0.805075,18.7802,1.0000,1
3,2933,1.589759,0.954461,0.635298,34.3465,1.0000,1
3,2934,1.153561,0.618972,0.534589,14.3590,1.0000,1
3,2935,0.688362,0.272762,0.415599,20.2371,1.0000,1
3,2936,0.651587,0.121964,0.529623,7.6900,1.0000,1
3,2937,0.653523,0.086210,0.567313,16.6729,1.0000,1
3,2938,0.802522,0.193490,0.609032,4.4420,1.0000,1
3,2939,1.039581,0.261371,0.778211,6.2545,1.0000,1
3,2940,1.027355,0.231230,0.796126,3.9910,1.0000,1
3,2941,0.720741,0.091027,0.629714,7.0169,1.0000,1
3,2942,0.853948,0.237121,0.616826,6.5625,1.0000,1
3,2943,0.928905,0.304074,0.624830,13.9496,1.0000,1
3,2944,0.722388,0.196561,0.525827,5.4979,1.0000,1
3,2945,1.696399,1.120257,0.576142,27.1806,1.0000,1
3,2946,1.247520,0.531435,0.716085,12.7525,1.0000,1
3,2947,0.948370,0.036316,0.912053,5.4074,1.0000,1
3,2948,1.220170,0.612324,0.607846,39.0850,1.0000,1
3,2949,0.882334,0.189961,0.692373,5.9796,1.0000,1
3,2950,0.714555,0.166948,0.547607,9.5784,1.0000,1
3,2951,1.552448,0.908341,0.644107,23.5725,1.0000,1
3,2952,1.245825,0.747644,0.498181,39.4569,1.0000,1
3,2953,0.882195,0.087695,0.794501,5.7882,1.0000,1
3,2954,1.039111,0.285529,0.753582,5.0773,1.0000,1
3,2955,0.971120,0.264986,0.706135,7.3656,1.0000,1
3,2956,1.014132,0.181293,0.832839,3.1964,1.0000,1
3,2957,1.248221,0.313909,0.934312,5.4334,1.0000,1
3,2958,1.033819,0.160157,0.873662,4.4591,1.0000,1
3,2959,0.940017,0.347547,0.592469,8.1018,1.0000,1
3,2960,0.905277,0.155230,0.750047,5.8664,1.0000,1
3,2961,0.853187,0.032237,0.820949,6.2969,1.0000,1
3,2962,1.062837,0.232320,0.830518,3.8475,1.0000,1
3,2963,1.024827,0.216215,0.808611,20.2444,1.0000,1
3,2964,1.670496,0.979344,0.691152,38.7698,1.0000,1
3,2965,0.576194,0.087748,0.488446,9.0176,1.0000,1
3,2966,2.477745,1.855041,0.622705,58.7414,1.0000,1
3,2967,2.022209,1.353514,0.668695,65.7437,1.0000,1
3,2968,0.934032,0.409622,0.524411,14.9079,1.0000,1
3,2969,0.975568,0.053126,0.922441,3.3222,1.0000,1
3,2970,1.663453,0.866150,0.797303,39.4827,1.0000,1
3,2971,1.386319,0.524013,0.862306,12.0171,1.0000,1
3,2972,0.909246,0.174856,0.734390,5.6163,1.0000,1
3,2973,1.617224,0.873389,0.743834,9.3031,1.0000,1
3,2974,1.402183,0.515710,0.886473,14.7987,1.0000,1
3,2975,0.960337,0.024691,0.935646,2.6722,1.0000,1
3,2976,0.998319,0.007533,0.990786,1.4112,1.0000,1
3,2977,0.934817,0.134791,0.800025,3.1023,1.0000,1
3,2978,0.995946,0.124047,0.871899,2.8215,1.0000,1
3,2979,0.903837,0.235942,0.667896,4.2067,1.0000,1
3,2980,1.298897,0.478131,0.820766,11.1702,1.0000,1
3,2981,1.162154,0.330970,0.831184,4.9720,1.0000,1
3,2982,1.269889,0.495535,0.774354,22.6423,1.0000,1
3,2983,1.007883,0.208560,0.799324,3.2062,1.0000,1
3,2984,1.179229,0.327089,0.852139,12.0964,1.0000,1
3,2985,0.867770,0.065304,0.802466,5.6745,1.0000,1
3,2986,1.073048,0.379390,0.693658,32.8460,1.0000,1
3,2987,1.479112,0.723109,0.756002,14.2395,1.0000,1
3,2988,0.850883,0.067998,0.782885,6.5274,1.0000,1
3,2989,1.254650,0.346471,0.908180,10.3413,1.0000,1
3,2990,0.906875,0.113729,0.793146,2.9911,1.0000,1
3,2991,0.833622,0.188101,0.645521,5.0614,1.0000,1
3,2992,0.729855,0.028235,0.701620,8.5469,1.0000,1
3,2993,1.262888,0.458005,0.804882,26.8302,1.0000,1
3,2994,0.728432,0.063838,0.664594,7.9107,1.0000,1
3,2995,0.747808,0.139276,0.608532,15.2735,1.0000,1
3,2996,1.069206,0.078338,0.990868,8.5289,1.0000,1
3,2997,0.691339,0.173618,0.517722,14.0357,1.0000,1
3,2998,1.314295,0.446117,0.868178,7.7424,1.0000,1
3,2999,1.056635,0.625820,0.430815,22.9780,1.0000,1
3,3000,0.610397,0.024747,0.585649,8.1677,1.0000,1
3,3001,1.670224,0.933255,0.736970,16.5498,1.0000,1
3,3002,0.857090,0.378031,0.479059,11.6572,1.0000,1
3,3003,1.075505,0.448712,0.626793,11.1085,1.0000,1
3,3004,0.856008,0.030645,0.825364,4.1308,1.0000,1
3,3005,0.759280,0.111874,0.647406,5.8943,1.0000,1
3,3006,0.863548,0.202495,0.661053,7.3548,1.0000,1
3,3007,1.256478,0.613863,0.642615,10.7985,1.0000,1
3,3008,0.799332,0.332249,0.467083,12.8456,1.0000,1
3,3009,1.673787,1.066200,0.607587,17.4892,1.0000,1
3,3010,0.960165,0.269482,0.690683,10.0288,1.0000,1
3,3011,0.979335,0.014269,0.965066,3.2014,1.0000,1
3,3012,0.839215,0.074669,0.764546,6.3292,1.0000,1
3,3013,1.044584,0.334461,0.710124,9.3319,1.0000,1
3,3014,0.970011,0.242941,0.727070,8.0651,1.0000,1
3,3015,0.956140,0.148069,0.808072,3.1380,1.0000,1
3,3016,0.756876,0.045496,0.711380,5.8242,1.0000,1
3,3017,1.244570,0.570069,0.674501,7.3447,1.0000,1
3,3018,1.203735,0.491735,0.712000,25.8660,1.0000,1
3,3019,0.831746,0.094287,0.737460,5.1397,1.0000,1
3,3020,0.923065,0.020669,0.902395,5.2224,1.0000,1
3,3021,1.401743,0.530722,0.871021,10.4969,1.0000,1
3,3022,0.985056,0.344874,0.640182,8.2494,1.0000,1
3,3023,0.940088,0.272830,0.667258,8.5456,1.0000,1
3,3024,1.234690,0.290887,0.943803,18.6638,1.0000,1
3,3025,0.778333,0.065108,0.713225,10.4153,1.0000,1
3,3026,1.328471,0.509152,0.819318,26.5569,1.0000,1
3,3027,0.896748,0.245627,0.651122,6.0201,1.0000,1
3,3028,1.457176,0.567361,0.889816,12.9099,1.0000,1
3,3029,0.787317,0.191450,0.595867,6.5400,1.0000,1
3,3030,0.862095,0.291254,0.570841,10.9439,1.0000,1
3,3031,1.067661,0.210231,0.857431,3.9467,1.0000,1
3,3032,0.836949,0.273592,0.563356,9.2545,1.0000,1
3,3033,0.886869,0.086210,0.800659,5.5636,1.0000,1
3,3034,0.901840,0.108645,0.793195,6.0094,1.0000,1
3,3035,0.914678,0.099452,0.815226,3.4605,1.0000,1
3,3036,1.318649,0.653404,0.665245,10.5152,1.0000,1
3,3037,0.958770,0.055520,0.903250,2.1980,1.0000,1
3,3038,1.860990,0.981542,0.879448,16.7169,1.0000,1
3,3039,0.686498,0.056937,0.629561,9.1719,1.0000,1
3,3040,1.241042,0.400785,0.840257,5.6166,1.0000,1
3,3041,0.595261,0.084639,0.510622,5.0611,1.0000,1
3,3042,1.335932,0.474757,0.861176,16.1697,1.0000,1
3,3043,1.467590,0.822730,0.644860,24.9462,1.0000,1
3,3044,0.648966,0.025887,0.623080,7.3500,1.0000,1
3,3045,1.471439,1.026070,0.445370,38.8722,1.0000,1
3,3046,1.172962,0.461155,0.711807,14.2844,1.0000,1
3,3047,1.086096,0.441615,0.644480,11.8398,1.0000,1
3,3048,1.007671,0.380519,0.627151,7.3166,1.0000,1
3,3049,0.647595,0.069577,0.578018,7.2114,1.0000,1
3,3050,0.966461,0.094325,0.872136,1.9771,1.0000,1
3,3051,0.823562,0.148601,0.674961,6.0761,1.0000,1
3,3052,1.204179,0.503854,0.700325,7.2170,1.0000,1
3,3053,1.444830,0.628719,0.816111,16.5123,1.0000,1
3,3054,0.984701,0.332425,0.652276,10.4689,1.0000,1
3,3055,0.802511,0.094005,0.708507,4.2215,1.0000,1
3,3056,0.857305,0.134777,0.722528,4.8744,1.0000,1
3,3057,1.124373,0.126093,0.998281,1.6779,1.0000,1
3,3058,0.764960,0.228883,0.536077,13.7901,1.0000,1
3,3059,1.152277,0.380092,0.772186,7.1875,1.0000,1
3,3060,0.930644,0.217481,0.713163,9.4250,1.0000,1
3,3061,1.778450,1.041036,0.737414,13.0659,1.0000,1
3,3062,0.998861,0.212770,0.786091,3.8831,1.0000,1
3,3063,1.001314,0.001910,0.999404,0.1851,0.1851,0
3,3064,1.317628,0.424437,0.893191,16.1880,1.0000,1
3,3065,0.988708,0.337642,0.651067,5.3766,1.0000,1
3,3066,0.970484,0.018806,0.951677,6.8107,1.0000,1
3,3067,0.912901,0.106471,0.806430,15.8106,1.0000,1
3,3068,0.972922,0.129094,0.843828,4.3273,1.0000,1
3,3069,1.094844,0.190081,0.904762,10.3456,1.0000,1
3,3070,1.026620,0.096667,0.929953,2.9559,1.0000,1
3,3071,0.997980,0.185918,0.812061,5.6038,1.0000,1
3,3072,1.143833,0.261054,0.882779,19.8468,1.0000,1
3,3073,0.930660,0.106926,0.823735,7.6611,1.0000,1
3,3074,0.919887,0.034666,0.885221,3.6325,1.0000,1
3,3075,1.339519,0.538276,0.801243,12.3851,1.0000,1
3,3076,0.911702,0.088646,0.823057,4.4678,1.0000,1
3,3077,1.221348,0.429789,0.791559,4.6840,1.0000,1
3,3078,0.879778,0.095015,0.784763,7.3862,1.0000,1
3,3079,2.841552,1.986689,0.854864,45.7365,1.0000,1
3,3080,0.863809,0.135930,0.727879,7.4430,1.0000,1
3,3081,1.416324,0.703054,0.713270,24.4238,1.0000,1
3,3082,1.399145,0.542545,0.856600,15.5241,1.0000,1
3,3083,1.157386,0.583760,0.573626,8.2463,1.0000,1
3,3084,1.198245,0.303180,0.895065,5.8903,1.0000,1
3,3085,1.035489,0.259506,0.775984,5.9988,1.0000,1
3,3086,0.910054,0.033100,0.876954,3.2355,1.0000,1
3,3087,0.914537,0.130931,0.783606,7.0008,1.0000,1
3,3088,1.068284,0.179935,0.888349,5.6205,1.0000,1
3,3089,1.109276,0.153602,0.955675,8.2993,1.0000,1
3,3090,0.944281,0.107022,0.837259,2.9941,1.0000,1
3,3091,0.954211,0.066359,0.887852,3.4331,1.0000,1
3,3092,1.355541,0.553355,0.802187,19.6482,1.0000,1
3,3093,0.769656,0.116746,0.652909,4.1442,1.0000,1
3,3094,0.850148,0.105217,0.744932,4.2416,1.0000,1
3,3095,0.987270,0.041908,0.945362,4.5230,1.0000,1
3,3096,1.733374,0.984046,0.749329,67.2615,1.0000,1
3,3097,0.871097,0.219838,0.651259,22.2191,1.0000,1
3,3098,1.764480,1.216272,0.548208,55.5998,1.0000,1
3,3099,2.111236,1.360757,0.750479,13.9266,1.0000,1
3,3100,1.404767,0.838882,0.565886,16.9734,1.0000,1
3,3101,2.581545,1.935605,0.645940,69.1176,1.0000,1
3,3102,0.609900,0.119336,0.490564,7.1381,1.0000,1
3,3103,0.937736,0.373958,0.563778,11.4156,1.0000,1
3,3104,0.765584,0.095619,0.669965,4.6305,1.0000,1
3,3105,1.059152,0.165471,0.893681,4.2272,1.0000,1
3,3106,1.639516,0.948300,0.691216,21.0326,1.0000,1
3,3107,1.132720,0.450333,0.682387,19.8501,1.0000,1
3,3108,1.425058,0.853012,0.572046,28.2613,1.0000,1
3,3109,0.800900,0.132504,0.668396,7.1654,1.0000,1
3,3110,1.018972,0.273679,0.745294,12.0560,1.0000,1
3,3111,0.799763,0.194856,0.604907,7.7640,1.0000,1
3,3112,0.560982,0.061438,0.499543,6.4235,1.0000,1
3,3113,0.760278,0.051605,0.708673,4.7058,1.0000,1
3,3114,1.491123,0.676528,0.814595,21.2925,1.0000,1
3,3115,0.871783,0.141724,0.730059,8.9468,1.0000,1
3,3116,0.896307,0.100686,0.795620,6.4895,1.0000,1
3,3117,0.898592,0.129260,0.769333,4.4695,1.0000,1
3,3118,0.662661,0.019736,0.642925,6.4591,1.0000,1
3,3119,0.697696,0.058245,0.639451,9.8130,1.0000,1
3,3120,1.168045,0.349732,0.818313,5.3570,1.0000,1
3,3121,0.626208,0.048651,0.577557,8.1913,1.0000,1
3,3122,1.787865,1.105343,0.682522,23.2233,1.0000,1
3,3123,1.460546,0.467835,0.992711,5.0763,1.0000,1
3,3124,0.649372,0.110802,0.538570,10.9323,1.0000,1
3,3125,1.006480,0.602515,0.403966,12.5129,1.0000,1
3,3126,1.246048,0.330641,0.915407,13.7553,1.0000,1
3,3127,1.299999,0.609124,0.690875,18.5310,1.0000,1
3,3128,1.062389,0.388768,0.673620,4.2427,1.0000,1
3,3129,0.877020,0.034982,0.842039,3.9416,1.0000,1
3,3130,1.155032,0.552643,0.602389,5.3781,1.0000,1
3,3131,0.785276,0.116462,0.668814,4.4350,1.0000,1
3,3132,0.816238,0.080195,0.736043,3.7198,1.0000,1
3,3133,1.126973,0.640213,0.486760,17.4208,1.0000,1
3,3134,1.197348,0.352092,0.845256,7.4867,1.0000,1
3,3135,1.050753,0.460639,0.590113,6.3944,1.0000,1
3,3136,0.954678,0.050674,0.904004,1.8052,1.0000,1
3,3137,0.783492,0.232210,0.551282,33.3852,1.0000,1
3,3138,1.082015,0.216091,0.865924,7.1187,1.0000,1
3,3139,1.139045,0.589963,0.549082,8.6518,1.0000,1
3,3140,0.825932,0.085671,0.740261,5.5533,1.0000,1
3,3141,1.062727,0.163043,0.899685,33.7488,1.0000,1
3,3142,1.199232,0.504314,0.694918,7.4029,1.0000,1
3,3143,1.175056,0.314330,0.860726,4.3615,1.0000,1
3,3144,0.648379,0.007018,0.641361,4.2732,1.0000,1
3,3145,1.003474,0.157058,0.846415,4.0652,1.0000,1
3,3146,0.899118,0.236417,0.662701,3.9162,1.0000,1
3,3147,0.751750,0.036962,0.714788,17.5538,1.0000,1
3,3148,1.527661,0.931428,0.596233,18.5462,1.0000,1
3,3149,1.083911,0.390529,0.693382,9.6365,1.0000,1
3,3150,0.714283,0.020782,0.693501,5.5540,1.0000,1
3,3151,0.856758,0.331434,0.525324,11.1385,1.0000,1
3,3152,1.593158,0.824263,0.768896,21.7034,1.0000,1
3,3153,0.894764,0.234084,0.660679,6.3592,1.0000,1
3,3154,1.336493,0.468969,0.867524,10.3716,1.0000,1
3,3155,0.758252,0.049282,0.708970,4.2252,1.0000,1
3,3156,1.024720,0.115200,0.909520,2.1732,1.0000,1
3,3157,1.124175,0.585436,0.538739,17.4210,1.0000,1
3,3158,0.947715,0.487385,0.460331,19.8673,1.0000,1
3,3159,1.358706,0.625760,0.732947,20.9183,1.0000,1
3,3160,1.288666,0.692051,0.596615,12.4672,1.0000,1
3,3161,0.816168,0.113537,0.702630,4.0751,1.0000,1
3,3162,0.916664,0.142707,0.773958,6.9682,1.0000,1
3,3163,1.081254,0.229435,0.851819,4.7995,1.0000,1
3,3164,0.958728,0.110107,0.848622,3.7348,1.0000,1
3,3165,1.094474,0.390344,0.704130,4.6532,1.0000,1
3,3166,0.776247,0.026073,0.750174,8.2598,1.0000,1
3,3167,0.999830,0.196995,0.802835,5.3274,1.0000,1
3,3168,0.641468,0.187158,0.454311,10.7459,1.0000,1
3,3169,1.175846,0.530100,0.645745,48.2945,1.0000,1
3,3170,0.816754,0.193208,0.623547,4.9562,1.0000,1
3,3171,1.138503,0.625258,0.513245,19.5980,1.0000,1
3,3172,1.190229,0.632888,0.557341,28.2948,1.0000,1
3,3173,1.023866,0.379739,0.644127,12.3932,1.0000,1
3,3174,0.893841,0.278909,0.614933,5.5055,1.0000,1
3,3175,1.081091,0.608016,0.473075,14.8888,1.0000,1
3,3176,0.806117,0.298824,0.507293,15.0655,1.0000,1
3,3177,0.764291,0.027067,0.737224,6.6282,1.0000,1
3,3178,1.161915,0.507620,0.654295,6.6997,1.0000,1
3,3179,1.078795,0.410029,0.668766,23.7614,1.0000,1
3,3180,0.865966,0.118231,0.747736,5.6975,1.0000,1
3,3181,1.022830,0.087629,0.935200,1.6283,1.0000,1
3,3182,1.103011,0.353953,0.749057,2.7642,1.0000,1
3,3183,0.872640,0.194302,0.678338,7.9407,1.0000,1
3,3184,0.855408,0.338062,0.517346,6.7174,1.0000,1
3,3185,0.872875,0.152810,0.720065,8.0828,1.0000,1
3,3186,1.373299,0.605726,0.767573,9.1149,1.0000,1
3,3187,0.830625,0.146094,0.684530,11.3955,1.0000,1
3,3188,0.665612,0.026887,0.638725,6.1394,1.0000,1
3,3189,0.895457,0.220727,0.674730,10.5909,1.0000,1
3,3190,0.842535,0.163474,0.679061,14.1579,1.0000,1
3,3191,1.087029,0.088283,0.998746,0.8491,0.8491,0
3,3192,1.168763,0.345865,0.822899,6.7891,1.0000,1
3,3193,1.020069,0.346198,0.673871,10.8168,1.0000,1
3,3194,0.672705,0.099647,0.573058,12.9538,1.0000,1
3,3195,0.840571,0.272351,0.568220,5.4193,1.0000,1
3,3196,0.852641,0.078951,0.773691,3.3172,1.0000,1
3,3197,1.048324,0.393865,0.654459,16.4176,1.0000,1
3,3198,0.614219,0.094513,0.519706,8.6755,1.0000,1
3,3199,1.010967,0.228546,0.782421,13.1055,1.0000,1
3,3200,0.600310,0.010067,0.590244,10.6780,1.0000,1
3,3201,0.621924,0.094013,0.527911,14.7335,1.0000,1
3,3202,1.172946,0.491465,0.681480,17.0388,1.0000,1
3,3203,1.176325,0.528376,0.647948,12.9166,1.0000,1
3,3204,1.422420,0.764494,0.657926,24.3079,1.0000,1
3,3205,1.331330,0.754712,0.576619,10.6220,1.0000,1
3,3206,1.144758,0.535564,0.609194,15.6190,1.0000,1
3,3207,0.932964,0.497408,0.435555,4.5786,1.0000,1
3,3208,0.960980,0.132493,0.828486,4.3230,1.0000,1
3,3209,0.930129,0.015814,0.914315,2.8535,1.0000,1
3,3210,0.818646,0.053553,0.765094,7.2035,1.0000,1
3,3211,0.889431,0.431367,0.458064,16.7342,1.0000,1
3,3212,0.866720,0.393418,0.473303,11.8493,1.0000,1
3,3213,1.171671,0.489005,0.682667,13.2539,1.0000,1
3,3214,1.358567,0.610058,0.748509,15.3960,1.0000,1
3,3215,0.915478,0.286147,0.629331,5.8340,1.0000,1
3,3216,0.876059,0.332276,0.543783,22.0595,1.0000,1
3,3217,0.622195,0.007693,0.614502,6.6014,1.0000,1
3,3218,1.059805,0.314742,0.745063,9.6407,1.0000,1
3,3219,0.649696,0.048138,0.601558,10.0864,1.0000,1
3,3220,0.837705,0.436494,0.401211,7.6096,1.0000,1
3,3221,1.375254,0.520488,0.854766,9.5971,1.0000,1
3,3222,0.915867,0.328591,0.587276,11.3024,1.0000,1
3,3223,0.999514,0.215431,0.784083,4.4904,1.0000,1
3,3224,0.789671,0.161232,0.628439,4.8273,1.0000,1
3,3225,0.935087,0.152096,0.782991,5.9299,1.0000,1
3,3226,1.193774,0.579497,0.614276,11.1016,1.0000,1
3,3227,1.286401,0.550486,0.735915,16.7708,1.0000,1
3,3228,1.139951,0.280520,0.859430,16.2015,1.0000,1
3,3229,0.891816,0.113225,0.778591,3.5368,1.0000,1
3,3230,0.917108,0.041069,0.876039,2.4248,1.0000,1
3,3231,1.126375,0.523702,0.602673,16.1545,1.0000,1
3,3232,0.438282,0.052994,0.385288,23.1123,1.0000,1
3,3233,0.666517,0.045183,0.621334,12.9694,1.0000,1
3,3234,0.951825,0.204810,0.747015,7.5797,1.0000,1
3,3235,0.643224,0.048191,0.595033,20.6286,1.0000,1
3,3236,1.754495,1.212860,0.541636,18.4054,1.0000,1
3,3237,1.515184,0.937853,0.577331,39.1473,1.0000,1
3,3238,0.946575,0.483196,0.463379,10.8691,1.0000,1
3,3239,1.686062,1.022737,0.663325,26.1375,1.0000,1
3,3240,0.573040,0.086049,0.486991,15.4681,1.0000,1
3,3241,1.002089,0.079470,0.922619,14.3982,1.0000,1
3,3242,1.397202,0.589768,0.807435,16.8590,1.0000,1
3,3243,1.005726,0.140114,0.865612,4.5178,1.0000,1
3,3244,0.883066,0.083681,0.799384,4.3385,1.0000,1
3,3245,0.920409,0.129743,0.790666,7.0654,1.0000,1
3,3246,1.030399,0.164091,0.866308,6.6515,1.0000,1
3,3247,0.963036,0.237401,0.725635,8.4621,1.0000,1
3,3248,0.947672,0.291373,0.656298,9.5773,1.0000,1
3,3249,0.893119,0.039196,0.853923,7.6354,1.0000,1
3,3250,0.768435,0.096530,0.671906,3.7452,1.0000,1
3,3251,1.355295,0.496532,0.858763,7.3771,1.0000,1
3,3252,1.274026,0.563521,0.710505,18.0219,1.0000,1
3,3253,0.881452,0.152113,0.729339,6.1782,1.0000,1
3,3254,1.069683,0.521957,0.547726,36.8101,1.0000,1
3,3255,0.687264,0.084207,0.603058,5.4006,1.0000,1
3,3256,0.772790,0.334102,0.438687,6.8100,1.0000,1
3,3257,1.083854,0.330057,0.753797,14.9597,1.0000,1
3,3258,0.910141,0.078925,0.831215,3.4261,1.0000,1
3,3259,1.057868,0.280302,0.777566,5.0898,1.0000,1
3,3260,0.784196,0.022103,0.762094,4.2519,1.0000,1
3,3261,0.790605,0.146858,0.643747,4.6246,1.0000,1
3,3262,0.781995,0.118033,0.663962,10.4505,1.0000,1
3,3263,0.783867,0.280408,0.503459,13.2094,1.0000,1
3,3264,0.983252,0.100124,0.883128,5.6529,1.0000,1
3,3265,0.887480,0.217998,0.669482,8.8971,1.0000,1
3,3266,2.051626,1.484760,0.566867,54.5527,1.0000,1
3,3267,0.722622,0.143236,0.579386,8.8093,1.0000,1
3,3268,1.454074,0.877079,0.576995,7.6166,1.0000,1
3,3269,0.598476,0.104022,0.494454,9.6663,1.0000,1
3,3270,1.008528,0.010986,0.997542,0.8684,0.8684,0
3,3271,0.737844,0.112786,0.625058,9.8506,1.0000,1
3,3272,1.350588,0.628929,0.721659,12.6702,1.0000,1
3,3273,0.782157,0.211557,0.570600,6.3038,1.0000,1
3,3274,1.350080,0.560994,0.789086,9.5550,1.0000,1
3,3275,0.839761,0.052035,0.787726,3.3324,1.0000,1
3,3276,0.864029,0.146033,0.717996,16.1339,1.0000,1
3,3277,1.235049,0.414238,0.820811,6.2024,1.0000,1
3,3278,0.991704,0.196219,0.795484,9.3902,1.0000,1
3,3279,1.029278,0.139535,0.889743,5.7267,1.0000,1
3,3280,0.779201,0.128746,0.650456,4.1065,1.0000,1
3,3281,0.864366,0.037039,0.827327,3.1183,1.0000,1
3,3282,0.564581,0.031941,0.532640,6.5676,1.0000,1
3,3283,0.656829,0.085423,0.571407,17.3686,1.0000,1
3,3284,0.596434,0.120365,0.476068,18.8599,1.0000,1
3,3285,0.908051,0.316991,0.591060,21.6100,1.0000,1
3,3286,0.741554,0.068713,0.672841,7.5601,1.0000,1
3,3287,0.954389,0.009681,0.944708,4.3092,1.0000,1
3,3288,0.989412,0.334046,0.655366,17.5230,1.0000,1
3,3289,0.521394,0.049298,0.472097,15.9236,1.0000,1
3,3290,1.380149,0.751784,0.628365,18.6589,1.0000,1
3,3291,2.407650,1.607984,0.799666,41.1383,1.0000,1
3,3292,0.776010,0.430975,0.345036,19.6758,1.0000,1
3,3293,1.554666,1.161803,0.392863,29.3806,1.0000,1
3,3294,0.886071,0.243504,0.642566,19.9345,1.0000,1
3,3295,1.001686,0.388885,0.612802,23.1059,1.0000,1
3,3296,0.888325,0.058227,0.830098,15.0436,1.0000,1
3,3297,0.965202,0.069907,0.895295,4.3393,1.0000,1
3,3298,0.921558,0.032595,0.888963,3.5181,1.0000,1
3,3299,0.827464,0.126714,0.700750,6.2310,1.0000,1
3,3300,0.659324,0.072319,0.587006,7.6045,1.0000,1
3,3301,0.935270,0.035586,0.899683,2.5779,1.0000,1
3,3302,0.766281,0.182181,0.584100,16.9840,1.0000,1
3,3303,0.920148,0.235073,0.685074,15.7364,1.0000,1
3,3304,0.719439,0.057924,0.661515,16.8947,1.0000,1
3,3305,2.258202,1.437829,0.820373,22.2887,1.0000,1
3,3306,0.818368,0.303798,0.514570,7.8316,1.0000,1
3,3307,0.709175,0.180964,0.528211,4.3780,1.0000,1
3,3308,1.070393,0.438262,0.632131,10.6980,1.0000,1
3,3309,0.774431,0.342800,0.431631,4.7039,1.0000,1
3,3310,1.169058,0.489776,0.679282,4.1307,1.0000,1
3,3311,1.387517,0.905912,0.481605,14.7429,1.0000,1
3,3312,1.122690,0.585529,0.537161,16.2629,1.0000,1
3,3313,0.851715,0.036105,0.815610,5.0554,1.0000,1
3,3314,1.011632,0.374368,0.637263,22.6966,1.0000,1
3,3315,1.273781,0.400856,0.872925,8.2637,1.0000,1
3,3316,0.873969,0.192872,0.681097,4.6926,1.0000,1
3,3317,1.018525,0.138869,0.879656,5.8595,1.0000,1
3,3318,0.795074,0.026251,0.768823,5.0018,1.0000,1
3,3319,1.059107,0.276024,0.783082,4.3148,1.0000,1
3,3320,0.842766,0.089987,0.752779,3.4820,1.0000,1
3,3321,0.991604,0.021534,0.970070,0.7284,0.7284,0
3,3322,0.626908,0.043151,0.583758,10.0489,1.0000,1
3,3323,0.935778,0.139796,0.795982,2.6367,1.0000,1
3,3324,1.178659,0.450285,0.728374,32.2491,1.0000,1
3,3325,1.391498,0.474362,0.917136,10.1293,1.0000,1
3,3326,0.569927,0.009278,0.560649,8.7060,1.0000,1
3,3327,0.626516,0.223328,0.403188,3.4248,1.0000,1
3,3328,0.909753,0.532161,0.377592,16.4628,1.0000,1
3,3329,1.032545,0.476606,0.555939,18.9476,1.0000,1
3,3330,1.283140,0.716287,0.566853,17.2036,1.0000,1
3,3331,0.868366,0.220454,0.647912,6.0546,1.0000,1
3,3332,1.724006,0.855172,0.868834,10.7823,1.0000,1
3,3333,2.542565,2.026785,0.515780,72.5387,1.0000,1
3,3334,1.271462,0.588124,0.683338,12.1238,1.0000,1
3,3335,1.329310,0.546795,0.782515,8.1011,1.0000,1
3,3336,0.738502,0.051112,0.687390,7.7957,1.0000,1
3,3337,0.938012,0.081453,0.856559,4.5204,1.0000,1
3,3338,0.929131,0.252186,0.676945,4.3112,1.0000,1
3,3339,0.919165,0.038088,0.881077,2.8351,1.0000,1
3,3340,0.922549,0.060086,0.862463,3.0001,1.0000,1
3,3341,1.500945,0.648662,0.852283,13.7372,1.0000,1
3,3342,0.691948,0.069128,0.622820,5.4295,1.0000,1
3,3343,0.894060,0.306072,0.587988,5.2517,1.0000,1
3,3344,1.439873,0.670365,0.769507,4.9439,1.0000,1
3,3345,1.031868,0.445297,0.586570,12.4688,1.0000,1
3,3346,1.289967,0.427697,0.862270,9.2520,1.0000,1
3,3347,0.854812,0.084456,0.770356,3.0656,1.0000,1
3,3348,0.730120,0.008316,0.721804,6.4261,1.0000,1
3,3349,0.752430,0.034031,0.718399,4.7116,1.0000,1
3,3350,0.865999,0.189509,0.676490,4.2799,1.0000,1
3,3351,1.061626,0.408141,0.653485,11.1610,1.0000,1
3,3352,2.177597,1.185712,0.991885,13.2721,1.0000,1
3,3353,1.256548,0.716154,0.540395,10.3656,1.0000,1
3,3354,1.095650,0.372636,0.723014,7.4929,1.0000,1
3,3355,0.527994,0.123215,0.404780,5.9406,1.0000,1
3,3356,1.592616,0.760350,0.832265,52.7958,1.0000,1
3,3357,1.128085,0.460323,0.667762,4.8220,1.0000,1
3,3358,0.960193,0.091032,0.869162,4.7718,1.0000,1
3,3359,0.981642,0.325217,0.656425,8.5615,1.0000,1
3,3360,0.763689,0.037634,0.726055,7.9468,1.0000,1
3,3361,0.977179,0.374259,0.602919,5.5568,1.0000,1
3,3362,1.017565,0.122920,0.894645,2.3549,1.0000,1
3,3363,1.349555,0.481600,0.867955,6.3248,1.0000,1
3,3364,0.984538,0.302032,0.682507,2.5630,1.0000,1
3,3365,1.230351,0.488516,0.741835,9.8486,1.0000,1
3,3366,1.168469,0.407914,0.760555,5.7169,1.0000,1
3,3367,0.904352,0.313650,0.590702,8.0848,1.0000,1
3,3368,0.892059,0.113174,0.778886,3.4120,1.0000,1
3,3369,0.842308,0.068601,0.773707,4.5849,1.0000,1
3,3370,1.042087,0.137513,0.904575,5.7375,1.0000,1
3,3371,0.872655,0.149566,0.723089,11.3358,1.0000,1
3,3372,1.052575,0.076175,0.976399,1.0417,1.0000,1
3,3373,0.903619,0.186860,0.716759,5.0237,1.0000,1
3,3374,0.814412,0.032702,0.781711,6.3383,1.0000,1
3,3375,0.661205,0.051071,0.610134,7.8331,1.0000,1
3,3376,1.075075,0.500864,0.574210,45.9164,1.0000,1
3,3377,1.137274,0.521707,0.615567,14.1302,1.0000,1
3,3378,0.583230,0.003771,0.579459,6.5622,1.0000,1
3,3379,1.498915,0.937336,0.561579,54.1369,1.0000,1
3,3380,0.822472,0.233965,0.588507,28.0333,1.0000,1
3,3381,1.378162,0.812266,0.565896,38.4763,1.0000,1
3,3382,0.561540,0.072163,0.489377,5.1914,1.0000,1
3,3383,1.161523,0.163420,0.998103,1.7973,1.0000,1
3,3384,1.089571,0.557887,0.531684,6.0117,1.0000,1
3,3385,2.175691,1.336291,0.839400,30.8757,1.0000,1
3,3386,1.418381,0.610026,0.808354,7.9622,1.0000,1
3,3387,0.948304,0.364610,0.583694,12.6449,1.0000,1
3,3388,1.037357,0.257343,0.780014,12.3146,1.0000,1
3,3389,1.137748,0.298073,0.839675,9.4690,1.0000,1
3,3390,0.834659,0.072047,0.762612,14.1634,1.0000,1
3,3391,0.981763,0.211541,0.770222,4.2331,1.0000,1
3,3392,0.714568,0.020435,0.694133,5.8453,1.0000,1
3,3393,1.039504,0.217606,0.821899,2.7018,1.0000,1
3,3394,1.050055,0.470534,0.579521,6.8561,1.0000,1
3,3395,0.859862,0.380163,0.479699,7.0686,1.0000,1
3,3396,0.746629,0.247455,0.499174,6.1240,1.0000,1
3,3397,1.014293,0.330558,0.683734,10.4473,1.0000,1
3,3398,0.931488,0.120286,0.811203,5.0498,1.0000,1
3,3399,0.897614,0.205485,0.692129,5.7053,1.0000,1
3,3400,0.852714,0.072099,0.780616,7.0746,1.0000,1
3,3401,0.680554,0.139445,0.541108,4.2606,1.0000,1
3,3402,1.184693,0.377741,0.806952,7.1011,1.0000,1
3,3403,1.027187,0.218468,0.808719,2.3863,1.0000,1
3,3404,1.310345,0.581316,0.729029,8.9726,1.0000,1
3,3405,0.849354,0.049882,0.799472,4.3033,1.0000,1
3,3406,0.982490,0.311173,0.671316,10.6849,1.0000,1
3,3407,0.802298,0.130166,0.672133,6.9272,1.0000,1
3,3408,0.963416,0.288886,0.674529,4.9132,1.0000,1
3,3409,1.140515,0.566586,0.573929,17.9042,1.0000,1
3,3410,1.036429,0.362102,0.674327,8.9787,1.0000,1
3,3411,0.966348,0.258756,0.707592,4.3628,1.0000,1
3,3412,1.091354,0.410669,0.680684,16.2568,1.0000,1
3,3413,0.810817,0.061264,0.749553,4.7015,1.0000,1
3,3414,0.971406,0.032776,0.938630,1.4873,1.0000,1
3,3415,0.819518,0.158872,0.660646,4.3237,1.0000,1
3,3416,0.877780,0.048926,0.828854,3.9416,1.0000,1
3,3417,1.160820,0.627203,0.533617,38.9135,1.0000,1
3,3418,1.416373,0.654292,0.762081,24.8645,1.0000,1
3,3419,1.923114,0.936255,0.986859,19.1749,1.0000,1
3,3420,1.459500,0.463313,0.996187,9.0037,1.0000,1
3,3421,0.959066,0.081929,0.877137,16.1960,1.0000,1
3,3422,0.854648,0.250510,0.604138,11.5124,1.0000,1
3,3423,0.510757,0.105219,0.405538,12.2667,1.0000,1
3,3424,2.198416,1.377019,0.821397,25.6326,1.0000,1
3,3425,2.668846,1.767656,0.901189,19.3364,1.0000,1
3,3426,1.066028,0.522399,0.543628,12.6746,1.0000,1
3,3427,0.715628,0.036290,0.679338,9.9802,1.0000,1
3,3428,0.788243,0.204288,0.583955,8.1370,1.0000,1
3,3429,1.270098,0.465203,0.804895,8.8747,1.0000,1
3,3430,0.860525,0.064150,0.796375,3.9551,1.0000,1
3,3431,1.127007,0.276348,0.850659,3.2942,1.0000,1
3,3432,1.118216,0.374194,0.744022,2.8743,1.0000,1
3,3433,1.032509,0.193196,0.839314,11.5607,1.0000,1
3,3434,0.902190,0.062679,0.839510,4.0203,1.0000,1
3,3435,0.907436,0.104907,0.802529,3.4282,1.0000,1
3,3436,1.141666,0.278501,0.863165,2.5262,1.0000,1
3,3437,1.111489,0.113546,0.997943,1.8133,1.0000,1
3,3438,1.597731,0.816807,0.780925,10.9481,1.0000,1
3,3439,0.998002,0.027059,0.970943,1.2795,1.0000,1
3,3440,0.914289,0.166169,0.748120,11.4251,1.0000,1
3,3441,0.973290,0.112842,0.860448,2.9048,1.0000,1
3,3442,0.912161,0.085175,0.826985,2.8984,1.0000,1
3,3443,0.960422,0.198952,0.761470,28.2057,1.0000,1
3,3444,1.456070,0.702942,0.753128,14.9348,1.0000,1
3,3445,1.262907,0.456892,0.806015,20.0850,1.0000,1
3,3446,1.037934,0.234909,0.803025,4.8893,1.0000,1
3,3447,1.224364,0.472086,0.752278,7.8727,1.0000,1
3,3448,0.867390,0.301409,0.565981,6.3274,1.0000,1
3,3449,0.752743,0.006475,0.746268,6.6654,1.0000,1
3,3450,1.352212,0.742310,0.609902,22.7492,1.0000,1
3,3451,0.990450,0.434666,0.555783,9.9405,1.0000,1
3,3452,0.983815,0.372817,0.610998,9.2436,1.0000,1
3,3453,0.799776,0.126719,0.673057,3.7606,1.0000,1
3,3454,0.617943,0.041010,0.576932,8.1177,1.0000,1
3,3455,0.880826,0.096971,0.783854,5.5898,1.0000,1
3,3456,1.069897,0.307790,0.762107,11.7046,1.0000,1
3,3457,0.723348,0.044018,0.679330,6.8774,1.0000,1
3,3458,1.079246,0.404369,0.674877,32.1482,1.0000,1
3,3459,0.809913,0.195782,0.614130,5.7555,1.0000,1
3,3460,1.187470,0.398383,0.789087,7.0456,1.0000,1
3,3461,0.776223,0.084036,0.692187,15.2202,1.0000,1
3,3462,0.925590,0.317211,0.608379,6.7075,1.0000,1
3,3463,1.363574,0.744095,0.619479,17.2304,1.0000,1
3,3464,0.671325,0.039625,0.631700,6.4573,1.0000,1
3,3465,0.782926,0.068947,0.713979,3.5489,1.0000,1
3,3466,0.905691,0.153499,0.752192,3.1514,1.0000,1
3,3467,0.788718,0.084793,0.703925,3.4478,1.0000,1
3,3468,0.960214,0.054529,0.905685,2.1148,1.0000,1
3,3469,0.942001,0.490402,0.451599,23.3803,1.0000,1
3,3470,1.287871,0.770044,0.517827,10.9069,1.0000,1
3,3471,0.898067,0.434160,0.463907,26.6270,1.0000,1
3,3472,0.852561,0.335292,0.517269,29.0551,1.0000,1
3,3473,0.295629,0.017074,0.278556,4.3940,1.0000,1
3,3474,1.784329,1.049751,0.734578,18.4999,1.0000,1
3,3475,0.991301,0.224138,0.767163,3.6230,1.0000,1
3,3476,0.703760,0.204652,0.499108,6.7274,1.0000,1
3,3477,0.582889,0.246458,0.336430,5.8664,1.0000,1
3,3478,0.647637,0.125994,0.521643,8.1159,1.0000,1
3,3479,1.323437,0.660774,0.662663,11.0039,1.0000,1
3,3480,0.692888,0.032155,0.660732,6.4573,1.0000,1
3,3481,0.647751,0.109391,0.538361,5.7723,1.0000,1
3,3482,0.838935,0.002072,0.836863,6.2678,1.0000,1
3,3483,0.959872,0.236295,0.723576,17.5510,1.0000,1
3,3484,1.367185,0.638290,0.728895,15.7649,1.0000,1
3,3485,1.656185,0.688549,0.967636,10.8929,1.0000,1
3,3486,1.578583,1.044398,0.534185,32.8156,1.0000,1
3,3487,0.709952,0.135692,0.574260,19.3676,1.0000,1
3,3488,1.618006,0.887650,0.730356,37.9456,1.0000,1
3,3489,0.712354,0.155227,0.557127,8.2740,1.0000,1
3,3490,2.078650,1.287888,0.790762,23.4571,1.0000,1
3,3491,0.894841,0.133141,0.761699,3.2565,1.0000,1
3,3492,1.084644,0.090339,0.994305,6.8435,1.0000,1
3,3493,1.026126,0.289241,0.736885,7.4926,1.0000,1
3,3494,1.349627,0.707951,0.641677,9.0420,1.0000,1
3,3495,0.900389,0.138351,0.762038,3.0338,1.0000,1
3,3496,0.822657,0.045149,0.777507,3.4878,1.0000,1
3,3497,1.296257,0.768288,0.527969,26.6018,1.0000,1
3,3498,0.793097,0.001935,0.791162,5.3213,1.0000,1
3,3499,0.870524,0.182087,0.688437,3.4707,1.0000,1
3,3500,0.854000,0.278840,0.575161,6.9232,1.0000,1
3,3501,1.014081,0.106618,0.907464,3.5304,1.0000,1
3,3502,1.579815,0.639569,0.940246,7.1276,1.0000,1
3,3503,1.104451,0.315326,0.789125,36.7853,1.0000,1
3,3504,1.108368,0.343523,0.764846,12.7955,1.0000,1
3,3505,1.210462,0.354265,0.856198,8.4323,1.0000,1
3,3506,1.190045,0.374326,0.815718,13.3169,1.0000,1
3,3507,0.916794,0.146539,0.770255,15.1887,1.0000,1
3,3508,1.124841,0.286958,0.837884,7.5067,1.0000,1
3,3509,0.972383,0.363831,0.608552,7.7599,1.0000,1
3,3510,0.792366,0.051836,0.740530,6.4120,1.0000,1
3,3511,0.845881,0.114302,0.731578,2.7339,1.0000,1
3,3512,0.885885,0.063661,0.822224,6.1146,1.0000,1
3,3513,1.017233,0.325275,0.691958,10.3183,1.0000,1
3,3514,1.144008,0.302690,0.841318,7.0139,1.0000,1
3,3515,0.761817,0.065248,0.696569,6.5154,1.0000,1
3,3516,1.323039,0.770821,0.552218,46.0440,1.0000,1
3,3517,0.723767,0.090059,0.633709,5.3500,1.0000,1
3,3518,0.853182,0.318679,0.534502,5.6828,1.0000,1
3,3519,1.036902,0.189588,0.847314,3.6284,1.0000,1
3,3520,0.971400,0.246310,0.725089,7.0998,1.0000,1
3,3521,0.999663,0.378261,0.621403,31.3151,1.0000,1
3,3522,0.928037,0.053705,0.874332,12.5508,1.0000,1
3,3523,1.724826,0.808074,0.916752,66.2824,1.0000,1
3,3524,0.815437,0.089867,0.725569,13.5150,1.0000,1
3,3525,1.043103,0.402389,0.640714,22.2712,1.0000,1
3,3526,0.836910,0.281396,0.555515,12.1788,1.0000,1
3,3527,0.868547,0.180966,0.687581,11.3740,1.0000,1
3,3528,0.878121,0.165745,0.712376,4.7262,1.0000,1
3,3529,0.842979,0.043459,0.799520,5.4816,1.0000,1
3,3530,0.558289,0.102944,0.455345,4.2889,1.0000,1
3,3531,0.602284,0.019942,0.582342,9.3829,1.0000,1
3,3532,0.777343,0.073032,0.704311,6.5460,1.0000,1
3,3533,0.330304,0.060566,0.269738,3.1471,1.0000,1
3,3534,1.383340,0.757126,0.626215,21.9703,1.0000,1
3,3535,0.795518,0.322700,0.472817,11.5858,1.0000,1
3,3536,1.117151,0.504139,0.613011,16.6280,1.0000,1
3,3537,1.111447,0.216857,0.894590,24.9407,1.0000,1
3,3538,0.874352,0.278866,0.595486,4.4230,1.0000,1
3,3539,0.401694,0.024001,0.377693,8.8870,1.0000,1
3,3540,0.328752,0.023804,0.304948,8.0349,1.0000,1
3,3541,0.579647,0.184746,0.394901,7.2703,1.0000,1
3,3542,0.596555,0.234670,0.361885,9.8835,1.0000,1
3,3543,1.705127,1.037677,0.667450,24.5842,1.0000,1
3,3544,1.716028,1.102822,0.613207,22.9752,1.0000,1
3,3545,0.457274,0.048219,0.409055,10.5195,1.0000,1
3,3546,2.340639,1.646577,0.694061,19.5422,1.0000,1
3,3547,1.173621,0.380675,0.792947,6.6808,1.0000,1
3,3548,1.301604,0.603998,0.697606,10.9924,1.0000,1
3,3549,1.027758,0.373159,0.654599,22.0535,1.0000,1
3,3550,0.957609,0.270870,0.686739,6.1443,1.0000,1
3,3551,0.737673,0.009595,0.728078,4.4613,1.0000,1
3,3552,1.725272,0.948548,0.776724,14.3020,1.0000,1
3,3553,0.936317,0.112520,0.823797,4.6897,1.0000,1
3,3554,0.828945,0.137864,0.691081,4.7388,1.0000,1
3,3555,1.149664,0.205051,0.944614,2.1190,1.0000,1
3,3556,0.570601,0.075891,0.494710,9.0102,1.0000,1
3,3557,0.830036,0.009061,0.820975,4.8701,1.0000,1
3,3558,0.852814,0.208624,0.644190,5.4546,1.0000,1
3,3559,0.841285,0.156079,0.685206,10.5649,1.0000,1
3,3560,0.962329,0.223919,0.738410,15.4718,1.0000,1
3,3561,0.814839,0.199128,0.615710,3.2632,1.0000,1
3,3562,1.901096,1.146791,0.754305,14.6636,1.0000,1
3,3563,1.024172,0.027296,0.996876,0.4779,0.4779,0
3,3564,0.787724,0.268099,0.519625,6.2723,1.0000,1
3,3565,0.515854,0.041318,0.474536,10.7101,1.0000,1
3,3566,0.759046,0.236199,0.522847,5.6892,1.0000,1
3,3567,0.990430,0.000099,0.990331,0.6160,0.6160,0
3,3568,0.876345,0.119045,0.757300,19.2919,1.0000,1
3,3569,1.176431,0.363397,0.813034,10.9122,1.0000,1
3,3570,0.785893,0.081724,0.704170,7.5047,1.0000,1
3,3571,1.142320,0.396773,0.745546,19.5577,1.0000,1
3,3572,1.082890,0.455189,0.627701,10.2753,1.0000,1
3,3573,1.349009,0.895098,0.453911,22.0744,1.0000,1
3,3574,0.747395,0.247774,0.499621,4.9554,1.0000,1
3,3575,1.229965,0.655937,0.574028,19.2091,1.0000,1
3,3576,0.706055,0.076767,0.629287,6.8224,1.0000,1
3,3577,1.110013,0.449812,0.660201,10.1848,1.0000,1
3,3578,1.111180,0.496071,0.615108,15.5725,1.0000,1
3,3579,0.716535,0.137132,0.579403,9.1002,1.0000,1
3,3580,0.928299,0.176421,0.751878,5.3059,1.0000,1
3,3581,0.785361,0.015561,0.769800,6.5670,1.0000,1
3,3582,0.993726,0.151863,0.841863,4.3107,1.0000,1
3,3583,0.699846,0.174076,0.525770,5.1689,1.0000,1
3,3584,0.784025,0.073115,0.710910,16.0253,1.0000,1
3,3585,1.145470,0.445105,0.700365,24.9505,1.0000,1
3,3586,1.404153,0.815468,0.588684,11.5592,1.0000,1
3,3587,0.981322,0.437177,0.544145,12.7331,1.0000,1
3,3588,2.206396,1.568653,0.637743,54.6368,1.0000,1
3,3589,1.424844,0.910415,0.514428,11.9310,1.0000,1
3,3590,0.603748,0.010750,0.592998,14.9567,1.0000,1
3,3591,1.042139,0.194692,0.847446,7.8432,1.0000,1
3,3592,0.811973,0.090189,0.721784,5.2510,1.0000,1
3,3593,0.983156,0.247479,0.735677,10.2561,1.0000,1
3,3594,1.657834,0.773627,0.884207,9.3037,1.0000,1
3,3595,0.930690,0.131114,0.799576,5.1146,1.0000,1
3,3596,0.906044,0.050661,0.855383,4.8635,1.0000,1
3,3597,1.072618,0.194334,0.878284,4.3267,1.0000,1
3,3598,0.894633,0.186315,0.708318,3.6946,1.0000,1
3,3599,0.932304,0.161074,0.771230,7.1570,1.0000,1
3,3600,0.778078,0.071152,0.706926,4.6561,1.0000,1
3,3601,0.915295,0.099108,0.816187,4.5293,1.0000,1
3,3602,0.676220,0.138414,0.537806,7.3946,1.0000,1
3,3603,1.115079,0.575248,0.539831,11.6436,1.0000,1
3,3604,0.767489,0.178369,0.589120,6.0553,1.0000,1
3,3605,0.529359,0.033486,0.495873,5.9252,1.0000,1
3,3606,1.518717,0.764458,0.754259,19.2199,1.0000,1
3,3607,0.714733,0.121272,0.593461,106.3705,1.0000,1
3,3608,0.735032,0.239130,0.495903,7.5866,1.0000,1
3,3609,1.741603,1.307941,0.433662,47.3903,1.0000,1
3,3610,1.567937,0.848019,0.719917,19.9269,1.0000,1
3,3611,0.631407,0.115816,0.515591,3.3728,1.0000,1
3,3612,0.551141,0.008197,0.542945,5.0363,1.0000,1
3,3613,1.025504,0.477031,0.548473,11.2116,1.0000,1
3,3614,1.359704,0.780513,0.579191,8.6113,1.0000,1
3,3615,1.144861,0.575586,0.569274,7.4388,1.0000,1
3,3616,0.890096,0.459138,0.430958,5.4920,1.0000,1
3,3617,0.886482,0.188675,0.697807,10.8612,1.0000,1
3,3618,0.754398,0.225851,0.528547,5.9185,1.0000,1
3,3619,1.726958,0.942749,0.784209,39.3543,1.0000,1
3,3620,0.878774,0.102584,0.776190,6.2841,1.0000,1
3,3621,0.948568,0.321879,0.626689,6.5499,1.0000,1
3,3622,0.903381,0.163551,0.739830,4.7460,1.0000,1
3,3623,0.817779,0.031006,0.786773,7.8132,1.0000,1
3,3624,1.020067,0.100800,0.919267,1.2448,1.0000,1
3,3625,1.177211,0.235708,0.941503,2.4773,1.0000,1
3,3626,0.970747,0.153075,0.817673,4.1574,1.0000,1
3,3627,0.999677,0.096038,0.903639,7.5799,1.0000,1
3,3628,1.068080,0.120538,0.947543,6.2823,1.0000,1
3,3629,0.916449,0.243003,0.673446,3.6789,1.0000,1
3,3630,0.928964,0.116633,0.812331,3.3295,1.0000,1
3,3631,0.828253,0.183573,0.644679,10.4196,1.0000,1
3,3632,0.831705,0.204335,0.627370,3.6138,1.0000,1
3,3633,0.909751,0.216091,0.693660,4.5785,1.0000,1
3,3634,1.236017,0.653585,0.582432,13.3537,1.0000,1
3,3635,1.258743,0.778898,0.479844,9.4661,1.0000,1
3,3636,1.217570,0.627814,0.589756,15.1340,1.0000,1
3,3637,0.865677,0.121412,0.744264,8.8854,1.0000,1
3,3638,1.013265,0.301431,0.711834,15.4219,1.0000,1
3,3639,1.017361,0.301055,0.716306,8.8161,1.0000,1
3,3640,0.943411,0.185902,0.757510,10.2274,1.0000,1
3,3641,0.541356,0.020107,0.521250,5.8753,1.0000,1
3,3642,0.790694,0.203475,0.587220,8.3582,1.0000,1
3,3643,1.260863,0.540264,0.720599,6.1705,1.0000,1
3,3644,0.713742,0.080481,0.633260,4.4731,1.0000,1
3,3645,1.712085,1.108403,0.603682,48.2372,1.0000,1
3,3646,0.939346,0.331474,0.607872,8.9915,1.0000,1
3,3647,1.065848,0.338962,0.726886,9.7191,1.0000,1
3,3648,0.861451,0.335649,0.525803,17.2032,1.0000,1
3,3649,0.860726,0.307248,0.553477,5.5422,1.0000,1
3,3650,0.835881,0.234342,0.601539,6.3700,1.0000,1
3,3651,1.328807,0.548666,0.780141,14.7599,1.0000,1
3,3652,0.894334,0.229934,0.664400,19.1096,1.0000,1
3,3653,1.032124,0.231481,0.800644,4.1734,1.0000,1
3,3654,0.812924,0.050162,0.762761,5.2577,1.0000,1
3,3655,0.832903,0.058870,0.774033,3.9843,1.0000,1
3,3656,0.760645,0.062559,0.698086,3.8982,1.0000,1
3,3657,0.910103,0.163519,0.746583,3.4419,1.0000,1
3,3658,0.756478,0.089596,0.666882,5.8230,1.0000,1
3,3659,0.830892,0.049668,0.781224,4.9872,1.0000,1
3,3660,1.207969,0.483222,0.724746,6.1382,1.0000,1
3,3661,0.504848,0.045617,0.459232,5.9907,1.0000,1
3,3662,2.216957,1.474875,0.742082,41.5173,1.0000,1
3,3663,1.245887,0.523396,0.722491,16.1841,1.0000,1
3,3664,1.084569,0.090723,0.993846,1.4016,1.0000,1
3,3665,0.746595,0.234503,0.512092,19.4321,1.0000,1
3,3666,0.740485,0.245946,0.494538,5.8389,1.0000,1
3,3667,1.438905,0.704912,0.733993,22.1673,1.0000,1
3,3668,1.232093,0.549619,0.682474,20.4095,1.0000,1
3,3669,1.070231,0.074046,0.996186,0.8649,0.8649,0
3,3670,1.009584,0.041739,0.967845,6.8734,1.0000,1
3,3671,0.888272,0.270232,0.618040,8.9689,1.0000,1
3,3672,0.484846,0.020082,0.464764,8.8427,1.0000,1
3,3673,0.928962,0.126875,0.802088,10.8462,1.0000,1
3,3674,0.878746,0.150935,0.727811,4.5386,1.0000,1
3,3675,0.824520,0.088238,0.736282,7.6803,1.0000,1
3,3676,0.560209,0.176485,0.383724,9.7931,1.0000,1
3,3677,0.631345,0.030537,0.600809,6.1348,1.0000,1
3,3678,0.809370,0.068794,0.740575,5.4660,1.0000,1
3,3679,0.634040,0.052635,0.581405,4.7196,1.0000,1
3,3680,1.199563,0.639786,0.559776,12.5728,1.0000,1
3,3681,1.249525,0.391819,0.857706,10.7035,1.0000,1
3,3682,1.104686,0.508714,0.595972,7.2576,1.0000,1
3,3683,1.311821,0.427738,0.884083,8.6729,1.0000,1
3,3684,0.782266,0.096110,0.686156,3.6699,1.0000,1
3,3685,0.949209,0.073535,0.875674,7.7304,1.0000,1
3,3686,0.856978,0.094929,0.762048,3.9756,1.0000,1
3,3687,0.715720,0.107981,0.607739,4.7866,1.0000,1
3,3688,0.768690,0.341336,0.427355,4.9955,1.0000,1
3,3689,1.340304,0.617630,0.722674,16.2297,1.0000,1
3,3690,1.013587,0.461285,0.552302,10.2082,1.0000,1
3,3691,0.386951,0.006236,0.380715,6.4291,1.0000,1
3,3692,0.954963,0.432501,0.522463,15.6489,1.0000,1
3,3693,0.662219,0.187591,0.474628,6.1344,1.0000,1
3,3694,2.714766,2.015131,0.699635,40.8203,1.0000,1
3,3695,0.771934,0.095398,0.676535,7.3254,1.0000,1
3,3696,0.637220,0.150885,0.486335,6.7277,1.0000,1
3,3697,0.779897,0.391382,0.388515,16.8997,1.0000,1
3,3698,1.302572,0.778224,0.524348,26.1782,1.0000,1
3,3699,1.629258,1.136115,0.493143,21.9889,1.0000,1
3,3700,1.234155,0.448606,0.785549,24.0267,1.0000,1
3,3701,0.793182,0.148571,0.644611,8.6484,1.0000,1
3,3702,1.271606,0.519246,0.752360,13.8453,1.0000,1
3,3703,1.277985,0.338875,0.939110,4.4164,1.0000,1
3,3704,0.983955,0.109766,0.874189,10.9234,1.0000,1
3,3705,1.496060,0.571954,0.924106,5.2878,1.0000,1
3,3706,1.061843,0.081497,0.980346,1.3621,1.0000,1
3,3707,0.797989,0.115416,0.682573,6.3774,1.0000,1
3,3708,0.823682,0.018711,0.804971,4.4624,1.0000,1
3,3709,0.884401,0.034784,0.849617,3.8600,1.0000,1
3,3710,0.960974,0.176729,0.784245,3.0343,1.0000,1
3,3711,1.126813,0.354920,0.771893,5.2596,1.0000,1
