epoch,iter,loss,ce,dice,nPre,nPost,clip
1,1,1.880553,0.885478,0.995075,5.2091,1.0000,1
1,2,1.787012,0.789794,0.997218,1.8628,1.0000,1
1,3,1.734100,0.736488,0.997612,4.2464,1.0000,1
1,4,1.672353,0.673346,0.999007,3.0819,1.0000,1
1,5,1.642678,0.644463,0.998215,4.5785,1.0000,1
1,6,1.854764,0.862361,0.992403,2.7884,1.0000,1
1,7,1.658133,0.659763,0.998369,2.7054,1.0000,1
1,8,2.223331,1.237837,0.985493,1.6280,1.0000,1
1,9,1.640480,0.644884,0.995596,3.1134,1.0000,1
1,10,1.981189,0.989663,0.991526,0.6658,0.6658,0
1,11,1.593652,0.594966,0.998686,2.3936,1.0000,1
1,12,1.541463,0.542743,0.998720,3.0827,1.0000,1
1,13,1.828988,0.835021,0.993967,0.6359,0.6359,0
1,14,1.549363,0.552039,0.997324,2.5775,1.0000,1
1,15,2.061247,1.071275,0.989971,2.2953,1.0000,1
1,16,1.802726,0.811058,0.991667,0.4138,0.4138,0
1,17,1.575061,0.578686,0.996375,1.6938,1.0000,1
1,18,1.465952,0.466911,0.999041,2.7222,1.0000,1
1,19,1.645359,0.650055,0.995304,0.6445,0.6445,0
1,20,1.602130,0.604706,0.997423,1.0157,1.0000,1
1,21,1.710926,0.715991,0.994935,0.3920,0.3920,0
1,22,1.490525,0.492681,0.997844,1.3787,1.0000,1
1,23,1.842940,0.851436,0.991504,2.9634,1.0000,1
1,24,1.603032,0.607127,0.995905,0.6673,0.6673,0
1,25,1.577581,0.580977,0.996603,0.9267,0.9267,0
1,26,1.584412,0.586234,0.998178,0.6747,0.6747,0
1,27,1.394725,0.395789,0.998935,1.9130,1.0000,1
1,28,1.553863,0.555983,0.997880,1.1369,1.0000,1
1,29,1.363265,0.365555,0.997710,0.5370,0.5370,0
1,30,1.507222,0.508624,0.998598,0.4902,0.4902,0
1,31,1.627353,0.628623,0.998730,3.6349,1.0000,1
1,32,1.191195,0.191766,0.999429,1.7956,1.0000,1
1,33,1.473819,0.475473,0.998345,1.2327,1.0000,1
1,34,1.531093,0.534009,0.997084,0.6552,0.6552,0
1,35,1.666031,0.672195,0.993836,3.6599,1.0000,1
1,36,1.500109,0.502398,0.997710,0.8714,0.8714,0
1,37,1.540648,0.541864,0.998784,0.8090,0.8090,0
1,38,1.352564,0.352810,0.999754,1.8466,1.0000,1
1,39,1.487594,0.489461,0.998133,0.2997,0.2997,0
1,40,1.502306,0.504461,0.997845,1.3095,1.0000,1
1,41,1.774114,0.779398,0.994717,1.3287,1.0000,1
1,42,1.522602,0.524583,0.998019,0.3020,0.3020,0
1,43,1.479878,0.482688,0.997190,0.7817,0.7817,0
1,44,1.274469,0.274611,0.999858,2.4988,1.0000,1
1,45,1.680882,0.684496,0.996386,1.4286,1.0000,1
1,46,2.062373,1.070639,0.991734,5.2046,1.0000,1
1,47,1.528875,0.531868,0.997007,0.6906,0.6906,0
1,48,1.284308,0.284626,0.999682,2.7637,1.0000,1
1,49,1.418195,0.420076,0.998118,1.6636,1.0000,1
1,50,1.453090,0.456607,0.996483,0.9213,0.9213,0
1,51,1.468121,0.468795,0.999326,1.3150,1.0000,1
1,52,1.493650,0.495660,0.997990,4.4261,1.0000,1
1,53,1.593877,0.597115,0.996762,6.7938,1.0000,1
1,54,1.475314,0.476607,0.998707,3.6880,1.0000,1
1,55,1.461903,0.466299,0.995604,7.3621,1.0000,1
1,56,1.582012,0.586136,0.995875,6.6092,1.0000,1
1,57,1.818081,0.824534,0.993547,9.9111,1.0000,1
1,58,1.406804,0.409333,0.997471,1.5920,1.0000,1
1,59,1.712460,0.723107,0.989354,2.7614,1.0000,1
1,60,1.557920,0.561554,0.996365,0.6058,0.6058,0
1,61,1.602715,0.604536,0.998179,1.5604,1.0000,1
1,62,1.422270,0.424399,0.997871,2.2854,1.0000,1
1,63,1.283660,0.284411,0.999249,3.9563,1.0000,1
1,64,1.195566,0.195826,0.999740,2.8255,1.0000,1
1,65,1.471151,0.475235,0.995915,1.4494,1.0000,1
1,66,1.766562,0.774127,0.992435,9.9162,1.0000,1
1,67,1.147645,0.148253,0.999391,3.2490,1.0000,1
1,68,1.130948,0.131448,0.999499,2.1762,1.0000,1
1,69,1.354657,0.354844,0.999813,16.1654,1.0000,1
1,70,1.274949,0.275536,0.999413,5.4053,1.0000,1
1,71,1.276357,0.277625,0.998732,4.5617,1.0000,1
1,72,1.558220,0.562246,0.995974,9.2620,1.0000,1
1,73,2.094414,1.105514,0.988900,11.7763,1.0000,1
1,74,1.435126,0.438595,0.996531,1.5139,1.0000,1
1,75,2.246032,1.259115,0.986917,6.3308,1.0000,1
1,76,1.302467,0.303596,0.998871,3.6876,1.0000,1
1,77,1.945577,0.953799,0.991779,3.6846,1.0000,1
1,78,1.257373,0.257921,0.999452,2.4361,1.0000,1
1,79,1.693785,0.704227,0.989558,1.8948,1.0000,1
1,80,1.528620,0.531653,0.996967,2.2379,1.0000,1
1,81,1.833850,0.844771,0.989079,3.0935,1.0000,1
1,82,1.774488,0.782813,0.991676,1.2108,1.0000,1
1,83,1.270190,0.271087,0.999103,4.3339,1.0000,1
1,84,1.815588,0.824639,0.990949,1.4489,1.0000,1
1,85,1.368783,0.371229,0.997553,4.4078,1.0000,1
1,86,1.347794,0.348148,0.999645,3.8579,1.0000,1
1,87,1.400055,0.403391,0.996664,2.6328,1.0000,1
1,88,1.769442,0.783546,0.985896,9.4116,1.0000,1
1,89,1.417319,0.423275,0.994044,4.5497,1.0000,1
1,90,1.585627,0.595205,0.990422,2.9905,1.0000,1
1,91,1.263330,0.266290,0.997040,6.5081,1.0000,1
1,92,1.729592,0.747518,0.982074,10.1133,1.0000,1
1,93,1.480634,0.488299,0.992335,4.5547,1.0000,1
1,94,1.303603,0.305329,0.998274,2.3806,1.0000,1
1,95,2.212807,1.229712,0.983095,24.0068,1.0000,1
1,96,1.671749,0.678199,0.993549,2.1394,1.0000,1
1,97,1.295356,0.296333,0.999023,7.0025,1.0000,1
1,98,1.694308,0.703854,0.990454,18.7462,1.0000,1
1,99,1.410414,0.415833,0.994581,3.0211,1.0000,1
1,100,2.059065,1.061123,0.997942,7.7808,1.0000,1
1,101,1.385843,0.389117,0.996726,4.7837,1.0000,1
1,102,1.392985,0.398311,0.994673,1.6169,1.0000,1
1,103,1.536435,0.540981,0.995454,3.2767,1.0000,1
1,104,1.869875,0.877331,0.992544,17.9400,1.0000,1
1,105,1.422607,0.425548,0.997059,3.7388,1.0000,1
1,106,1.550174,0.553956,0.996218,2.1279,1.0000,1
1,107,1.345719,0.350397,0.995322,2.7549,1.0000,1
1,108,1.359578,0.361508,0.998070,3.8086,1.0000,1
1,109,1.304562,0.306440,0.998123,3.5223,1.0000,1
1,110,1.523069,0.528421,0.994647,1.2285,1.0000,1
1,111,1.496816,0.508596,0.988220,4.3160,1.0000,1
1,112,1.221064,0.223645,0.997419,2.8882,1.0000,1
1,113,1.313694,0.314570,0.999124,10.7261,1.0000,1
1,114,1.280550,0.285057,0.995493,0.5143,0.5143,0
1,115,1.134857,0.143461,0.991397,2.0393,1.0000,1
1,116,1.352991,0.356622,0.996370,2.1651,1.0000,1
1,117,1.544709,0.552499,0.992211,1.3773,1.0000,1
1,118,1.593314,0.603331,0.989983,0.7689,0.7689,0
1,119,1.219202,0.226747,0.992455,1.1078,1.0000,1
1,120,1.564505,0.569056,0.995449,0.5932,0.5932,0
1,121,1.435170,0.443142,0.992028,2.1416,1.0000,1
1,122,1.525163,0.531560,0.993604,4.4352,1.0000,1
1,123,3.200073,2.210198,0.989875,72.1312,1.0000,1
1,124,1.191825,0.192924,0.998901,6.3238,1.0000,1
1,125,1.848626,0.853198,0.995428,36.6203,1.0000,1
1,126,1.601784,0.621424,0.980360,2.0701,1.0000,1
1,127,1.538195,0.545572,0.992622,3.5407,1.0000,1
1,128,1.524665,0.535220,0.989445,3.1417,1.0000,1
1,129,1.368167,0.373921,0.994246,9.6895,1.0000,1
1,130,1.658947,0.666943,0.992004,2.0150,1.0000,1
1,131,1.685137,0.694322,0.990815,1.1468,1.0000,1
1,132,1.459778,0.463348,0.996430,1.9855,1.0000,1
1,133,1.333704,0.337311,0.996393,2.4206,1.0000,1
1,134,1.739711,0.753081,0.986629,2.8508,1.0000,1
1,135,1.297132,0.298396,0.998736,6.9923,1.0000,1
1,136,1.683379,0.692443,0.990936,4.8081,1.0000,1
1,137,1.532184,0.536470,0.995713,1.3822,1.0000,1
1,138,1.366514,0.370214,0.996300,1.3888,1.0000,1
1,139,1.917089,0.933620,0.983469,9.9315,1.0000,1
1,140,1.574663,0.579672,0.994990,7.1761,1.0000,1
1,141,1.374036,0.376138,0.997898,3.4694,1.0000,1
1,142,1.297627,0.299442,0.998186,5.5968,1.0000,1
1,143,1.528432,0.534589,0.993843,1.4894,1.0000,1
1,144,1.363565,0.364880,0.998685,3.1831,1.0000,1
1,145,1.334543,0.339321,0.995222,4.6009,1.0000,1
1,146,1.444548,0.446636,0.997912,3.0838,1.0000,1
1,147,1.344805,0.349616,0.995189,5.5096,1.0000,1
1,148,1.711131,0.715296,0.995835,9.0470,1.0000,1
1,149,2.154202,1.168232,0.985969,9.7162,1.0000,1
1,150,1.264049,0.267838,0.996210,0.5807,0.5807,0
1,151,1.244227,0.249156,0.995071,1.1410,1.0000,1
1,152,1.211506,0.212380,0.999126,2.7913,1.0000,1
1,153,1.333011,0.334986,0.998026,1.7278,1.0000,1
1,154,1.312415,0.314592,0.997823,0.6662,0.6662,0
1,155,1.631823,0.639058,0.992765,2.6831,1.0000,1
1,156,2.122690,1.130157,0.992532,8.5157,1.0000,1
1,157,1.204698,0.206396,0.998301,0.7982,0.7982,0
1,158,1.558847,0.564598,0.994250,1.8979,1.0000,1
1,159,1.403144,0.409107,0.994036,0.3681,0.3681,0
1,160,1.815283,0.823920,0.991363,4.6976,1.0000,1
1,161,1.473312,0.476340,0.996972,1.3291,1.0000,1
1,162,1.806329,0.813074,0.993255,5.3364,1.0000,1
1,163,1.224853,0.225967,0.998885,2.6365,1.0000,1
1,164,1.515068,0.523954,0.991114,1.4610,1.0000,1
1,165,1.197134,0.198472,0.998662,1.7905,1.0000,1
1,166,1.494156,0.499594,0.994562,0.8206,0.8206,0
1,167,1.474388,0.487068,0.987320,2.3551,1.0000,1
1,168,1.246509,0.248062,0.998447,2.3183,1.0000,1
1,169,1.312093,0.317039,0.995054,2.7994,1.0000,1
1,170,1.426452,0.436273,0.990179,9.5588,1.0000,1
1,171,1.334601,0.338467,0.996134,5.4796,1.0000,1
1,172,1.455205,0.465430,0.989776,8.0344,1.0000,1
1,173,1.149691,0.151045,0.998646,3.2240,1.0000,1
1,174,1.996395,1.007251,0.989145,18.9487,1.0000,1
1,175,1.737855,0.747667,0.990187,5.0500,1.0000,1
1,176,1.684285,0.697068,0.987218,7.9834,1.0000,1
1,177,1.669207,0.676286,0.992920,2.3447,1.0000,1
1,178,1.293249,0.296477,0.996772,4.7195,1.0000,1
1,179,1.443230,0.452971,0.990259,1.5943,1.0000,1
1,180,1.334214,0.335536,0.998678,3.2043,1.0000,1
1,181,1.379483,0.385714,0.993770,1.0716,1.0000,1
1,182,1.707911,0.716738,0.991173,2.6749,1.0000,1
1,183,1.381972,0.386497,0.995475,1.4822,1.0000,1
1,184,1.228472,0.231518,0.996955,1.9700,1.0000,1
1,185,1.288412,0.292185,0.996227,3.4937,1.0000,1
1,186,1.259706,0.261719,0.997987,3.4447,1.0000,1
1,187,1.135172,0.135269,0.999903,3.0633,1.0000,1
1,188,1.309390,0.316893,0.992497,2.5049,1.0000,1
1,189,1.492039,0.507457,0.984583,5.9660,1.0000,1
1,190,1.480849,0.483976,0.996873,9.3955,1.0000,1
1,191,1.551747,0.553525,0.998222,9.8470,1.0000,1
1,192,1.272482,0.273365,0.999117,3.2408,1.0000,1
1,193,1.897234,0.907328,0.989906,13.4767,1.0000,1
1,194,1.372507,0.376638,0.995869,2.8127,1.0000,1
1,195,1.922870,0.932501,0.990369,11.9053,1.0000,1
1,196,1.445579,0.449298,0.996281,3.6044,1.0000,1
1,197,1.342439,0.345640,0.996799,2.0882,1.0000,1
1,198,1.379285,0.383151,0.996134,2.1561,1.0000,1
1,199,1.678501,0.686288,0.992212,0.6519,0.6519,0
1,200,1.295275,0.297431,0.997844,1.5113,1.0000,1
1,201,1.426193,0.430318,0.995875,2.1404,1.0000,1
1,202,1.255551,0.256914,0.998636,2.3665,1.0000,1
1,203,1.549440,0.555229,0.994211,0.6598,0.6598,0
1,204,1.405786,0.409288,0.996498,1.1293,1.0000,1
1,205,1.307665,0.310497,0.997169,1.9796,1.0000,1
1,206,1.274071,0.276199,0.997873,2.2629,1.0000,1
1,207,1.272940,0.277232,0.995708,0.9630,0.9630,0
1,208,1.285193,0.286336,0.998857,2.9782,1.0000,1
1,209,1.460322,0.465552,0.994770,1.7763,1.0000,1
1,210,1.874775,0.880478,0.994297,11.5401,1.0000,1
1,211,1.334151,0.335751,0.998399,1.2751,1.0000,1
1,212,1.609863,0.620199,0.989664,2.1534,1.0000,1
1,213,1.256645,0.258604,0.998041,1.5960,1.0000,1
1,214,1.230262,0.231059,0.999204,2.1399,1.0000,1
1,215,1.480544,0.485112,0.995432,9.6569,1.0000,1
1,216,1.319425,0.324445,0.994980,9.9767,1.0000,1
1,217,1.907964,0.914953,0.993011,37.2812,1.0000,1
1,218,1.171073,0.176002,0.995071,3.5457,1.0000,1
1,219,1.549051,0.559388,0.989662,8.4662,1.0000,1
1,220,1.227159,0.232293,0.994866,4.2685,1.0000,1
1,221,1.447875,0.457886,0.989989,2.8761,1.0000,1
1,222,1.337011,0.340755,0.996256,1.3444,1.0000,1
1,223,1.649247,0.657330,0.991916,0.8846,0.8846,0
1,224,1.294991,0.297689,0.997301,2.1076,1.0000,1
1,225,1.532771,0.537593,0.995178,1.9094,1.0000,1
1,226,1.293228,0.301100,0.992128,1.1380,1.0000,1
1,227,1.467280,0.473295,0.993984,0.5856,0.5856,0
1,228,1.433077,0.438337,0.994740,1.5069,1.0000,1
1,229,1.357112,0.360136,0.996976,0.9648,0.9648,0
1,230,1.342221,0.347188,0.995033,1.5513,1.0000,1
1,231,1.573938,0.576345,0.997593,5.4370,1.0000,1
1,232,1.240306,0.241754,0.998552,2.1219,1.0000,1
1,233,1.228477,0.230680,0.997798,2.2002,1.0000,1
1,234,1.462777,0.468461,0.994316,1.1892,1.0000,1
1,235,2.097227,1.104616,0.992611,21.5091,1.0000,1
1,236,1.932489,0.944788,0.987701,10.8427,1.0000,1
1,237,1.428453,0.429656,0.998797,6.5352,1.0000,1
1,238,1.318221,0.322062,0.996158,2.8700,1.0000,1
1,239,1.453416,0.456988,0.996428,1.6822,1.0000,1
1,240,1.456133,0.458389,0.997744,5.8069,1.0000,1
1,241,1.177350,0.179715,0.997636,2.1099,1.0000,1
1,242,1.781186,0.791276,0.989911,2.3509,1.0000,1
1,243,1.905516,0.914454,0.991062,8.7851,1.0000,1
1,244,1.408745,0.412834,0.995911,1.6359,1.0000,1
1,245,1.115106,0.115977,0.999129,2.2991,1.0000,1
1,246,1.320152,0.322042,0.998110,1.4194,1.0000,1
1,247,1.871667,0.883633,0.988034,10.0129,1.0000,1
1,248,1.481243,0.487789,0.993454,1.8644,1.0000,1
1,249,1.262626,0.266317,0.996308,1.9406,1.0000,1
1,250,1.430242,0.436033,0.994209,2.7601,1.0000,1
1,251,1.523689,0.528332,0.995358,2.2287,1.0000,1
1,252,1.196581,0.198482,0.998100,1.8414,1.0000,1
1,253,1.399637,0.402131,0.997506,4.8117,1.0000,1
1,254,1.286248,0.289328,0.996920,1.8487,1.0000,1
1,255,1.288570,0.293749,0.994821,1.5885,1.0000,1
1,256,1.675972,0.681854,0.994118,14.0789,1.0000,1
1,257,1.811630,0.822036,0.989595,9.3602,1.0000,1
1,258,1.743458,0.747167,0.996290,10.6686,1.0000,1
1,259,1.370588,0.373570,0.997019,5.3875,1.0000,1
1,260,1.427770,0.430968,0.996803,3.7922,1.0000,1
1,261,1.146031,0.146602,0.999430,1.6821,1.0000,1
1,262,1.691190,0.697851,0.993338,6.2347,1.0000,1
1,263,1.519964,0.522580,0.997385,2.1419,1.0000,1
1,264,1.444740,0.449986,0.994754,1.4920,1.0000,1
1,265,1.409935,0.413664,0.996271,3.7895,1.0000,1
1,266,1.423437,0.426538,0.996900,2.6079,1.0000,1
1,267,1.428551,0.432636,0.995915,2.1652,1.0000,1
1,268,1.315637,0.319358,0.996279,2.3068,1.0000,1
1,269,1.242594,0.244357,0.998236,4.7386,1.0000,1
1,270,1.638888,0.652756,0.986132,7.2403,1.0000,1
1,271,1.795034,0.798788,0.996245,7.1311,1.0000,1
1,272,1.527999,0.535787,0.992212,5.1498,1.0000,1
1,273,1.316446,0.319288,0.997159,3.6600,1.0000,1
1,274,1.682943,0.692318,0.990625,5.4132,1.0000,1
1,275,1.382198,0.388552,0.993647,1.5401,1.0000,1
1,276,1.224490,0.227083,0.997407,1.7881,1.0000,1
1,277,1.639317,0.649796,0.989521,3.8197,1.0000,1
1,278,1.132149,0.133046,0.999103,2.5715,1.0000,1
1,279,1.402393,0.403418,0.998975,5.1851,1.0000,1
1,280,1.493999,0.503417,0.990582,3.0032,1.0000,1
1,281,1.335242,0.341810,0.993432,0.8175,0.8175,0
1,282,1.545840,0.551886,0.993954,5.2388,1.0000,1
1,283,1.222677,0.223508,0.999170,1.3635,1.0000,1
1,284,1.170355,0.172241,0.998114,2.1208,1.0000,1
1,285,1.318316,0.322846,0.995470,1.2873,1.0000,1
1,286,1.464597,0.470220,0.994377,6.5373,1.0000,1
1,287,1.454937,0.470081,0.984856,10.4891,1.0000,1
1,288,1.773014,0.778187,0.994827,12.8426,1.0000,1
1,289,1.757090,0.766267,0.990823,17.1800,1.0000,1
1,290,1.282545,0.284280,0.998265,1.3901,1.0000,1
1,291,1.204061,0.210952,0.993109,1.2488,1.0000,1
1,292,1.414509,0.417718,0.996790,1.5150,1.0000,1
1,293,1.279533,0.291753,0.987780,4.9013,1.0000,1
1,294,1.493507,0.498080,0.995427,3.3871,1.0000,1
1,295,1.249673,0.256785,0.992889,1.8883,1.0000,1
1,296,1.349970,0.353287,0.996683,3.1177,1.0000,1
1,297,1.466967,0.468032,0.998935,7.6975,1.0000,1
1,298,1.528992,0.539564,0.989427,6.8401,1.0000,1
1,299,1.159019,0.160123,0.998895,1.4182,1.0000,1
1,300,1.396206,0.401903,0.994303,1.4406,1.0000,1
1,301,1.579406,0.582752,0.996654,17.0539,1.0000,1
1,302,1.453588,0.457494,0.996094,3.3636,1.0000,1
1,303,1.498777,0.505329,0.993448,1.8491,1.0000,1
1,304,1.810194,0.822459,0.987735,10.8283,1.0000,1
1,305,1.119922,0.119956,0.999966,5.8599,1.0000,1
1,306,1.458472,0.467508,0.990964,5.3389,1.0000,1
1,307,1.472350,0.478053,0.994297,0.8267,0.8267,0
1,308,1.746628,0.754093,0.992535,15.2544,1.0000,1
1,309,2.049865,1.067180,0.982686,14.1255,1.0000,1
1,310,1.293584,0.296885,0.996699,2.5335,1.0000,1
1,311,1.436694,0.439580,0.997114,5.3326,1.0000,1
1,312,1.705826,0.712842,0.992984,5.7202,1.0000,1
1,313,1.312587,0.316737,0.995850,2.2142,1.0000,1
1,314,1.491907,0.498069,0.993838,4.5195,1.0000,1
1,315,1.288630,0.290804,0.997826,1.7608,1.0000,1
1,316,1.094243,0.094704,0.999539,2.5011,1.0000,1
1,317,1.780710,0.792335,0.988374,13.2731,1.0000,1
1,318,1.268674,0.270288,0.998386,0.8369,0.8369,0
1,319,1.407833,0.413370,0.994462,2.3659,1.0000,1
1,320,1.904953,0.919558,0.985395,16.4838,1.0000,1
1,321,1.477213,0.483721,0.993492,5.6358,1.0000,1
1,322,1.175389,0.175945,0.999444,2.3320,1.0000,1
1,323,1.555080,0.564502,0.990579,1.8459,1.0000,1
1,324,1.238306,0.241278,0.997028,2.5282,1.0000,1
1,325,1.294787,0.298538,0.996249,2.7592,1.0000,1
1,326,1.597922,0.604840,0.993082,1.0927,1.0000,1
1,327,1.247806,0.249424,0.998382,4.7511,1.0000,1
1,328,1.295771,0.302871,0.992901,3.4395,1.0000,1
1,329,1.283818,0.286632,0.997187,5.2224,1.0000,1
1,330,1.503140,0.512171,0.990969,0.9173,0.9173,0
1,331,1.253630,0.258639,0.994991,1.3977,1.0000,1
1,332,1.253180,0.255649,0.997531,2.7697,1.0000,1
1,333,1.637651,0.642722,0.994929,8.1327,1.0000,1
1,334,1.331002,0.336328,0.994673,8.9248,1.0000,1
1,335,1.376439,0.393430,0.983009,3.5305,1.0000,1
1,336,1.311692,0.314362,0.997330,2.9437,1.0000,1
1,337,1.797649,0.807243,0.990406,22.2735,1.0000,1
1,338,1.323738,0.327596,0.996143,3.3048,1.0000,1
1,339,1.193530,0.197831,0.995700,0.5910,0.5910,0
1,340,1.491052,0.497211,0.993841,3.6721,1.0000,1
1,341,1.302051,0.308485,0.993567,1.0338,1.0000,1
1,342,2.058349,1.065283,0.993067,19.9719,1.0000,1
1,343,1.240524,0.241999,0.998525,3.3031,1.0000,1
1,344,1.342523,0.344129,0.998394,4.3872,1.0000,1
1,345,1.438331,0.441243,0.997088,3.0169,1.0000,1
1,346,1.305161,0.313135,0.992026,0.7939,0.7939,0
1,347,1.681832,0.687026,0.994806,3.3436,1.0000,1
1,348,1.381542,0.383944,0.997598,1.7465,1.0000,1
1,349,1.203799,0.207754,0.996045,0.3462,0.3462,0
1,350,2.027571,1.043426,0.984145,13.7779,1.0000,1
1,351,1.405564,0.412104,0.993460,2.4338,1.0000,1
1,352,1.399807,0.402437,0.997370,1.2366,1.0000,1
1,353,1.584476,0.595086,0.989389,2.2917,1.0000,1
1,354,1.436219,0.438254,0.997965,1.9742,1.0000,1
1,355,1.347609,0.351177,0.996433,1.7382,1.0000,1
1,356,1.578226,0.585904,0.992322,3.6654,1.0000,1
1,357,1.539474,0.546207,0.993268,0.8831,0.8831,0
1,358,1.939368,0.947547,0.991820,11.4296,1.0000,1
1,359,1.304241,0.305889,0.998352,1.6003,1.0000,1
1,360,2.138054,1.150940,0.987114,12.0062,1.0000,1
1,361,1.292289,0.296217,0.996072,1.8754,1.0000,1
1,362,1.092119,0.092845,0.999274,3.4934,1.0000,1
1,363,1.431660,0.435800,0.995860,2.4768,1.0000,1
1,364,1.354879,0.358805,0.996074,3.4057,1.0000,1
1,365,1.274609,0.276600,0.998009,4.4986,1.0000,1
1,366,1.316813,0.322038,0.994775,5.1824,1.0000,1
1,367,1.378476,0.384310,0.994166,6.8059,1.0000,1
1,368,1.704056,0.705319,0.998736,15.2571,1.0000,1
1,369,1.369543,0.373295,0.996248,4.6378,1.0000,1
1,370,1.540443,0.546229,0.994214,6.8162,1.0000,1
1,371,1.356825,0.361370,0.995456,1.8824,1.0000,1
1,372,1.306800,0.309566,0.997234,4.1552,1.0000,1
1,373,1.393280,0.398725,0.994555,1.9106,1.0000,1
1,374,1.296752,0.299485,0.997268,4.8203,1.0000,1
1,375,1.407729,0.412453,0.995276,6.3379,1.0000,1
1,376,1.662366,0.666676,0.995690,4.9396,1.0000,1
1,377,1.169239,0.171910,0.997329,1.5833,1.0000,1
1,378,1.236449,0.238119,0.998330,2.7314,1.0000,1
1,379,2.015440,1.024257,0.991182,24.0832,1.0000,1
1,380,1.794742,0.801754,0.992988,15.0676,1.0000,1
1,381,1.387055,0.391932,0.995123,2.6883,1.0000,1
1,382,1.603406,0.609607,0.993799,10.4650,1.0000,1
1,383,1.128404,0.132075,0.996330,1.3335,1.0000,1
1,384,2.130896,1.143726,0.987170,21.8420,1.0000,1
1,385,1.392966,0.399830,0.993136,2.4771,1.0000,1
1,386,1.405938,0.411372,0.994567,0.9247,0.9247,0
1,387,1.212940,0.215444,0.997496,1.6567,1.0000,1
1,388,1.309782,0.313150,0.996632,2.5186,1.0000,1
1,389,1.167518,0.168452,0.999067,3.0586,1.0000,1
1,390,1.476873,0.482705,0.994168,2.7540,1.0000,1
1,391,1.443049,0.449478,0.993571,2.9954,1.0000,1
1,392,1.400239,0.402533,0.997706,1.9082,1.0000,1
1,393,1.245017,0.247826,0.997191,3.6838,1.0000,1
1,394,1.166699,0.167819,0.998879,2.2145,1.0000,1
1,395,1.147856,0.149633,0.998223,2.0398,1.0000,1
1,396,1.850441,0.864438,0.986003,17.5474,1.0000,1
1,397,1.075544,0.075721,0.999822,3.2317,1.0000,1
1,398,1.413716,0.418266,0.995450,7.3204,1.0000,1
1,399,1.759414,0.767432,0.991982,15.0195,1.0000,1
1,400,1.657895,0.669302,0.988593,15.4304,1.0000,1
1,401,1.984268,0.996493,0.987775,19.4116,1.0000,1
1,402,1.488698,0.493583,0.995115,2.0295,1.0000,1
1,403,1.273358,0.277616,0.995742,1.7901,1.0000,1
1,404,1.913264,0.920003,0.993261,19.2271,1.0000,1
1,405,1.680665,0.688160,0.992505,7.8530,1.0000,1
1,406,1.957310,0.971569,0.985741,11.1531,1.0000,1
1,407,2.025255,1.037287,0.987968,13.1989,1.0000,1
1,408,1.471299,0.479117,0.992182,5.1357,1.0000,1
1,409,1.347270,0.349760,0.997510,2.3155,1.0000,1
1,410,1.318159,0.320338,0.997822,3.8274,1.0000,1
1,411,1.414555,0.418731,0.995824,3.1910,1.0000,1
1,412,1.277465,0.279052,0.998413,3.2951,1.0000,1
1,413,1.668433,0.687936,0.980497,3.1369,1.0000,1
1,414,1.598185,0.606245,0.991940,3.0901,1.0000,1
1,415,1.160007,0.160235,0.999772,3.7219,1.0000,1
1,416,1.641163,0.657722,0.983441,2.2724,1.0000,1
1,417,1.307171,0.308280,0.998891,3.6230,1.0000,1
1,418,1.500480,0.504899,0.995581,5.1896,1.0000,1
1,419,1.965815,0.973721,0.992094,11.8930,1.0000,1
1,420,1.404500,0.408675,0.995825,3.8212,1.0000,1
1,421,1.249656,0.253906,0.995750,1.8875,1.0000,1
1,422,1.665413,0.673024,0.992389,7.4467,1.0000,1
1,423,1.274926,0.279685,0.995241,0.9129,0.9129,0
1,424,1.240876,0.244453,0.996423,0.8277,0.8277,0
1,425,1.293392,0.295708,0.997684,3.7126,1.0000,1
1,426,1.324441,0.327762,0.996680,2.7524,1.0000,1
1,427,1.356245,0.362754,0.993491,10.5839,1.0000,1
1,428,1.274501,0.278350,0.996152,3.1295,1.0000,1
1,429,1.211210,0.218661,0.992549,2.0087,1.0000,1
1,430,1.109291,0.111080,0.998211,1.3255,1.0000,1
1,431,1.047698,0.048245,0.999453,1.1138,1.0000,1
1,432,1.345978,0.352327,0.993651,7.6763,1.0000,1
1,433,1.553247,0.564784,0.988464,9.4577,1.0000,1
1,434,1.788163,0.803871,0.984293,10.6563,1.0000,1
1,435,1.706751,0.719254,0.987497,14.3930,1.0000,1
1,436,1.173026,0.174139,0.998887,1.8292,1.0000,1
1,437,1.663637,0.677274,0.986363,9.1361,1.0000,1
1,438,1.583575,0.588551,0.995024,4.6527,1.0000,1
1,439,1.281777,0.285304,0.996473,4.4585,1.0000,1
1,440,1.651377,0.659596,0.991781,5.8301,1.0000,1
1,441,1.151239,0.152991,0.998247,3.4267,1.0000,1
1,442,1.291029,0.294207,0.996822,6.6860,1.0000,1
1,443,1.713114,0.725926,0.987188,5.3417,1.0000,1
1,444,1.156558,0.157711,0.998846,3.2695,1.0000,1
1,445,1.434354,0.442546,0.991808,2.2279,1.0000,1
1,446,1.406747,0.416573,0.990174,7.6931,1.0000,1
1,447,1.376547,0.384546,0.992001,6.8328,1.0000,1
1,448,1.168612,0.169271,0.999341,2.1166,1.0000,1
1,449,1.986051,0.992371,0.993680,15.1416,1.0000,1
1,450,1.261087,0.264549,0.996538,2.8851,1.0000,1
1,451,1.659259,0.667337,0.991922,1.7111,1.0000,1
1,452,1.319318,0.320224,0.999094,5.2020,1.0000,1
1,453,1.576931,0.582030,0.994901,2.7328,1.0000,1
1,454,1.561465,0.571249,0.990216,4.1060,1.0000,1
1,455,1.372469,0.382205,0.990265,2.1980,1.0000,1
1,456,1.762809,0.773992,0.988817,2.2780,1.0000,1
1,457,1.117446,0.118163,0.999283,2.8646,1.0000,1
1,458,1.655555,0.665634,0.989921,5.9347,1.0000,1
1,459,1.656639,0.662639,0.994000,2.7312,1.0000,1
1,460,1.584554,0.602836,0.981718,1.9778,1.0000,1
1,461,1.525371,0.530445,0.994926,1.8265,1.0000,1
1,462,1.372324,0.378772,0.993552,4.4737,1.0000,1
1,463,1.465342,0.472616,0.992726,4.8896,1.0000,1
1,464,1.340586,0.346669,0.993917,1.4572,1.0000,1
1,465,1.784489,0.791053,0.993436,16.7431,1.0000,1
1,466,1.321404,0.323099,0.998305,3.3509,1.0000,1
1,467,1.566368,0.572432,0.993936,12.0890,1.0000,1
1,468,1.243516,0.248024,0.995492,2.0851,1.0000,1
1,469,1.499210,0.507653,0.991557,7.3897,1.0000,1
1,470,1.410339,0.413872,0.996467,7.0227,1.0000,1
1,471,1.524955,0.528882,0.996073,2.4767,1.0000,1
1,472,1.384049,0.386031,0.998018,4.5135,1.0000,1
1,473,1.392190,0.395350,0.996840,5.5866,1.0000,1
1,474,1.415559,0.421776,0.993784,3.5006,1.0000,1
1,475,1.167081,0.167395,0.999686,4.5656,1.0000,1
1,476,1.474051,0.477555,0.996496,4.7985,1.0000,1
1,477,1.393705,0.397748,0.995957,3.5359,1.0000,1
1,478,1.655370,0.664746,0.990624,2.5486,1.0000,1
1,479,1.254287,0.256026,0.998261,3.4198,1.0000,1
1,480,1.271857,0.273901,0.997956,2.2913,1.0000,1
1,481,1.146421,0.148631,0.997790,1.4358,1.0000,1
1,482,1.459516,0.464583,0.994932,5.1727,1.0000,1
1,483,1.307775,0.310077,0.997698,4.8768,1.0000,1
1,484,1.598558,0.604507,0.994051,7.4475,1.0000,1
1,485,1.373096,0.378693,0.994403,2.8788,1.0000,1
1,486,1.134692,0.136311,0.998381,0.9621,0.9621,0
1,487,2.131906,1.140892,0.991014,17.2212,1.0000,1
1,488,1.287076,0.290299,0.996777,2.4877,1.0000,1
1,489,1.444149,0.450192,0.993957,3.8085,1.0000,1
1,490,1.202460,0.204435,0.998025,0.6179,0.6179,0
1,491,1.079917,0.080234,0.999682,1.9501,1.0000,1
1,492,1.998033,1.010250,0.987784,8.4021,1.0000,1
1,493,1.118647,0.119204,0.999443,0.6231,0.6231,0
1,494,1.230206,0.231885,0.998322,1.3553,1.0000,1
1,495,1.327806,0.332403,0.995403,2.3832,1.0000,1
1,496,1.956665,0.970316,0.986349,12.8178,1.0000,1
1,497,1.281381,0.283308,0.998073,0.8321,0.8321,0
1,498,1.763249,0.771363,0.991885,9.6534,1.0000,1
1,499,1.632880,0.643587,0.989293,3.9826,1.0000,1
1,500,1.579185,0.592336,0.986849,3.8732,1.0000,1
1,501,1.301666,0.303932,0.997733,2.3320,1.0000,1
1,502,1.535655,0.545011,0.990645,1.9213,1.0000,1
1,503,1.638977,0.647392,0.991585,1.6458,1.0000,1
1,504,1.313846,0.318536,0.995310,1.6404,1.0000,1
1,505,1.470366,0.474227,0.996139,2.5032,1.0000,1
1,506,1.405963,0.410683,0.995280,2.7458,1.0000,1
1,507,1.282136,0.284637,0.997499,2.4751,1.0000,1
1,508,1.309855,0.310592,0.999263,7.0858,1.0000,1
1,509,1.442252,0.452435,0.989817,2.7926,1.0000,1
1,510,1.636611,0.642657,0.993954,3.4857,1.0000,1
1,511,1.312354,0.317372,0.994982,3.1054,1.0000,1
1,512,1.297705,0.299281,0.998424,6.0220,1.0000,1
1,513,1.286439,0.289534,0.996905,3.2013,1.0000,1
1,514,1.418553,0.423163,0.995390,9.2793,1.0000,1
1,515,1.803202,0.810460,0.992742,17.0283,1.0000,1
1,516,1.196083,0.200635,0.995448,1.5379,1.0000,1
1,517,2.062448,1.080504,0.981944,46.7178,1.0000,1
1,518,1.286734,0.289615,0.997118,6.3163,1.0000,1
1,519,1.196816,0.197080,0.999735,2.6909,1.0000,1
1,520,1.275407,0.277145,0.998262,4.4589,1.0000,1
1,521,1.275459,0.281163,0.994296,0.8989,0.8989,0
1,522,1.615745,0.628763,0.986982,13.4545,1.0000,1
1,523,1.106493,0.106821,0.999672,4.8776,1.0000,1
1,524,1.569098,0.577612,0.991487,10.4330,1.0000,1
1,525,1.497851,0.504111,0.993740,5.1083,1.0000,1
1,526,1.381457,0.385548,0.995909,6.9217,1.0000,1
1,527,1.217818,0.220530,0.997288,3.5030,1.0000,1
1,528,1.262150,0.265538,0.996612,3.3383,1.0000,1
1,529,1.285847,0.292588,0.993259,2.1053,1.0000,1
1,530,1.410116,0.414587,0.995529,4.9013,1.0000,1
1,531,1.276559,0.280187,0.996373,3.8722,1.0000,1
1,532,1.252979,0.257936,0.995043,2.8082,1.0000,1
1,533,1.647714,0.652336,0.995377,7.2696,1.0000,1
1,534,1.266404,0.270836,0.995568,2.2468,1.0000,1
1,535,1.739346,0.746694,0.992652,5.6938,1.0000,1
1,536,1.593420,0.602041,0.991379,1.5598,1.0000,1
1,537,1.337684,0.348281,0.989403,4.3028,1.0000,1
1,538,1.456515,0.467558,0.988957,1.6758,1.0000,1
1,539,1.455915,0.458527,0.997388,2.7123,1.0000,1
1,540,2.247667,1.254860,0.992807,14.0409,1.0000,1
1,541,1.365978,0.367566,0.998412,5.9235,1.0000,1
1,542,1.199823,0.201059,0.998763,2.9131,1.0000,1
1,543,1.428611,0.432002,0.996609,0.9165,0.9165,0
1,544,1.598297,0.608185,0.990112,3.8206,1.0000,1
1,545,1.556505,0.561283,0.995222,3.2424,1.0000,1
1,546,1.420169,0.422289,0.997880,2.7277,1.0000,1
1,547,1.214605,0.215401,0.999204,4.1602,1.0000,1
1,548,1.608731,0.620923,0.987809,2.4935,1.0000,1
1,549,1.418092,0.425583,0.992509,4.3144,1.0000,1
1,550,1.331385,0.335008,0.996377,2.4178,1.0000,1
1,551,1.378721,0.383505,0.995217,1.5692,1.0000,1
1,552,1.418142,0.422830,0.995312,1.6510,1.0000,1
1,553,1.434014,0.436198,0.997815,2.9914,1.0000,1
1,554,1.442000,0.448823,0.993177,1.8208,1.0000,1
1,555,1.597922,0.602521,0.995400,6.9280,1.0000,1
1,556,1.243622,0.245343,0.998279,1.0994,1.0000,1
1,557,1.110104,0.110630,0.999474,2.0214,1.0000,1
1,558,1.513314,0.525477,0.987836,5.6814,1.0000,1
1,559,1.662444,0.670694,0.991750,11.6221,1.0000,1
1,560,1.203638,0.207684,0.995954,1.4182,1.0000,1
1,561,1.695281,0.705068,0.990213,10.0947,1.0000,1
1,562,1.486228,0.492820,0.993408,4.2982,1.0000,1
1,563,1.731031,0.737093,0.993938,10.5409,1.0000,1
1,564,1.571302,0.576849,0.994454,7.6034,1.0000,1
1,565,1.797306,0.826676,0.970630,6.7878,1.0000,1
1,566,1.553059,0.556537,0.996522,3.1084,1.0000,1
1,567,1.552455,0.559772,0.992683,3.2519,1.0000,1
1,568,1.609910,0.616854,0.993056,1.8837,1.0000,1
1,569,1.303832,0.305177,0.998655,2.8962,1.0000,1
1,570,1.460116,0.474491,0.985625,1.2963,1.0000,1
1,571,1.284282,0.291432,0.992850,1.2524,1.0000,1
1,572,1.376928,0.383388,0.993540,2.6297,1.0000,1
1,573,1.589724,0.607366,0.982358,4.0453,1.0000,1
1,574,1.097160,0.100527,0.996634,2.3037,1.0000,1
1,575,1.287881,0.293903,0.993978,3.2447,1.0000,1
1,576,1.282248,0.288718,0.993530,0.7518,0.7518,0
1,577,1.752798,0.764322,0.988476,17.1627,1.0000,1
1,578,1.488153,0.502261,0.985892,16.1549,1.0000,1
1,579,1.312966,0.314892,0.998074,2.3166,1.0000,1
1,580,1.402733,0.407322,0.995411,7.3384,1.0000,1
1,581,1.194664,0.196939,0.997725,3.0829,1.0000,1
1,582,1.545594,0.552924,0.992670,17.6760,1.0000,1
1,583,1.173598,0.175368,0.998230,2.7690,1.0000,1
1,584,1.310306,0.312588,0.997718,3.1320,1.0000,1
1,585,1.160542,0.163776,0.996766,2.3791,1.0000,1
1,586,1.365950,0.369916,0.996034,5.8392,1.0000,1
1,587,1.641028,0.650304,0.990724,14.0356,1.0000,1
1,588,1.358364,0.366700,0.991663,3.2982,1.0000,1
1,589,2.140656,1.159505,0.981151,14.6176,1.0000,1
1,590,1.809012,0.816707,0.992305,12.3176,1.0000,1
1,591,1.421211,0.421931,0.999280,10.4911,1.0000,1
1,592,1.105530,0.106001,0.999529,2.1908,1.0000,1
1,593,1.462564,0.470417,0.992147,2.3493,1.0000,1
1,594,1.266919,0.275124,0.991795,3.2401,1.0000,1
1,595,1.155048,0.156404,0.998644,3.1949,1.0000,1
1,596,1.646131,0.653284,0.992847,3.2865,1.0000,1
1,597,1.470812,0.480522,0.990291,2.0823,1.0000,1
1,598,1.460546,0.465511,0.995035,2.5427,1.0000,1
1,599,1.399106,0.402557,0.996549,6.0662,1.0000,1
1,600,1.417150,0.429088,0.988062,7.9815,1.0000,1
1,601,1.366375,0.371365,0.995010,2.0248,1.0000,1
1,602,1.204369,0.207599,0.996770,3.5039,1.0000,1
1,603,1.415730,0.419158,0.996572,2.4439,1.0000,1
1,604,1.464215,0.471136,0.993079,3.2569,1.0000,1
1,605,1.446093,0.456113,0.989980,3.3664,1.0000,1
1,606,1.427423,0.433987,0.993437,3.2888,1.0000,1
1,607,1.386739,0.401107,0.985631,3.8400,1.0000,1
1,608,1.478621,0.488484,0.990137,5.6612,1.0000,1
1,609,1.219329,0.221461,0.997868,1.6308,1.0000,1
1,610,1.393459,0.399830,0.993629,2.0256,1.0000,1
1,611,1.593898,0.626318,0.967580,13.0115,1.0000,1
1,612,1.268840,0.271052,0.997788,3.6890,1.0000,1
1,613,1.792197,0.808137,0.984060,6.5915,1.0000,1
1,614,1.558628,0.564048,0.994580,5.9506,1.0000,1
1,615,1.524563,0.530654,0.993908,3.9632,1.0000,1
1,616,1.404721,0.412787,0.991934,3.7883,1.0000,1
1,617,1.695210,0.716524,0.978686,7.6462,1.0000,1
1,618,1.307061,0.312918,0.994144,2.8660,1.0000,1
1,619,1.443007,0.452374,0.990633,5.4692,1.0000,1
1,620,1.069671,0.069685,0.999985,2.4766,1.0000,1
1,621,1.557743,0.568861,0.988882,5.6558,1.0000,1
1,622,1.613823,0.621094,0.992730,8.5742,1.0000,1
1,623,1.302406,0.307171,0.995235,1.3704,1.0000,1
1,624,1.615918,0.621831,0.994087,6.9157,1.0000,1
1,625,1.442994,0.463003,0.979991,8.4161,1.0000,1
1,626,1.624983,0.633246,0.991736,6.1063,1.0000,1
1,627,1.063897,0.063913,0.999984,2.1959,1.0000,1
1,628,1.276574,0.280397,0.996177,1.3697,1.0000,1
1,629,1.411644,0.418492,0.993151,3.8569,1.0000,1
1,630,1.659412,0.669579,0.989833,2.4590,1.0000,1
1,631,1.426987,0.436278,0.990709,3.6209,1.0000,1
1,632,1.602781,0.625676,0.977105,2.4234,1.0000,1
1,633,1.335606,0.340059,0.995547,8.5075,1.0000,1
1,634,1.381582,0.393334,0.988248,5.0741,1.0000,1
1,635,1.320184,0.328301,0.991883,3.3692,1.0000,1
1,636,1.405810,0.418153,0.987657,5.3411,1.0000,1
1,637,1.460266,0.468355,0.991911,3.7232,1.0000,1
1,638,1.486258,0.504147,0.982111,20.4837,1.0000,1
1,639,1.208583,0.210691,0.997892,3.2520,1.0000,1
1,640,1.653794,0.682679,0.971115,12.1665,1.0000,1
1,641,1.429620,0.433590,0.996030,5.3036,1.0000,1
1,642,1.567285,0.578800,0.988485,1.5488,1.0000,1
1,643,1.198186,0.199201,0.998985,6.6991,1.0000,1
1,644,1.303158,0.316021,0.987137,1.6067,1.0000,1
1,645,1.623158,0.631843,0.991314,8.0814,1.0000,1
1,646,1.245528,0.253615,0.991914,2.8338,1.0000,1
1,647,1.634956,0.640391,0.994565,10.1314,1.0000,1
1,648,1.639624,0.675710,0.963913,11.6247,1.0000,1
1,649,1.776990,0.806717,0.970273,17.6269,1.0000,1
1,650,1.552935,0.575160,0.977775,9.0520,1.0000,1
1,651,1.524589,0.528740,0.995849,10.5868,1.0000,1
1,652,1.309589,0.312634,0.996955,8.8731,1.0000,1
1,653,1.732941,0.740282,0.992659,19.2128,1.0000,1
1,654,1.430510,0.453263,0.977247,8.0300,1.0000,1
1,655,1.453251,0.460247,0.993004,8.9662,1.0000,1
1,656,1.535035,0.540767,0.994269,5.9698,1.0000,1
1,657,1.143291,0.144134,0.999158,4.1861,1.0000,1
1,658,1.424666,0.433828,0.990838,5.3264,1.0000,1
1,659,1.701587,0.722208,0.979379,12.0101,1.0000,1
1,660,1.425529,0.432546,0.992982,3.2183,1.0000,1
1,661,1.444925,0.451983,0.992942,3.6455,1.0000,1
1,662,1.516253,0.536222,0.980031,4.4268,1.0000,1
1,663,1.419895,0.423579,0.996317,9.5391,1.0000,1
1,664,1.250949,0.251699,0.999251,4.9303,1.0000,1
1,665,1.447730,0.459184,0.988546,6.4859,1.0000,1
1,666,1.508881,0.530143,0.978739,2.6312,1.0000,1
1,667,1.156366,0.157037,0.999329,6.9777,1.0000,1
1,668,1.346967,0.359345,0.987622,6.5183,1.0000,1
1,669,1.450937,0.461488,0.989449,1.8310,1.0000,1
1,670,1.414865,0.425771,0.989094,7.7684,1.0000,1
1,671,1.229102,0.231378,0.997724,12.0355,1.0000,1
1,672,1.298185,0.302315,0.995870,2.4686,1.0000,1
1,673,1.216152,0.217483,0.998669,3.6472,1.0000,1
1,674,1.531256,0.535897,0.995360,10.7713,1.0000,1
1,675,1.645112,0.652954,0.992158,16.5556,1.0000,1
1,676,1.276207,0.279869,0.996338,3.4957,1.0000,1
1,677,1.507849,0.522248,0.985601,5.7393,1.0000,1
1,678,1.230645,0.235563,0.995082,4.1786,1.0000,1
1,679,1.196368,0.199896,0.996472,1.9298,1.0000,1
1,680,1.504942,0.513374,0.991569,6.8783,1.0000,1
1,681,1.545655,0.556744,0.988910,5.7066,1.0000,1
1,682,1.280316,0.290390,0.989926,2.6538,1.0000,1
1,683,1.088838,0.089309,0.999529,2.8218,1.0000,1
1,684,1.208064,0.214391,0.993673,1.7613,1.0000,1
1,685,1.473265,0.481390,0.991875,3.4041,1.0000,1
1,686,1.268598,0.273090,0.995508,0.8633,0.8633,0
1,687,1.211912,0.218750,0.993162,1.4952,1.0000,1
1,688,1.111894,0.112017,0.999878,4.0432,1.0000,1
1,689,1.340021,0.345339,0.994682,1.2222,1.0000,1
1,690,1.086047,0.090649,0.995398,1.5262,1.0000,1
1,691,1.990649,1.009306,0.981343,18.2315,1.0000,1
1,692,1.981620,0.998589,0.983032,20.3903,1.0000,1
1,693,1.151816,0.152632,0.999183,5.6397,1.0000,1
1,694,1.982749,0.993504,0.989245,29.5749,1.0000,1
1,695,1.201433,0.206459,0.994974,1.5896,1.0000,1
1,696,1.425050,0.443017,0.982033,14.0612,1.0000,1
1,697,1.390420,0.399225,0.991195,10.7058,1.0000,1
1,698,1.359139,0.363772,0.995367,4.0022,1.0000,1
1,699,1.297479,0.303056,0.994423,4.9924,1.0000,1
1,700,1.280139,0.281486,0.998653,4.5722,1.0000,1
1,701,1.277189,0.287727,0.989461,4.5577,1.0000,1
1,702,1.214853,0.217457,0.997396,1.7948,1.0000,1
1,703,1.236045,0.236934,0.999111,1.6234,1.0000,1
1,704,1.141483,0.142699,0.998784,1.7806,1.0000,1
1,705,1.320196,0.326326,0.993870,5.9114,1.0000,1
1,706,2.151167,1.178280,0.972887,43.4813,1.0000,1
1,707,1.427005,0.436375,0.990631,9.6385,1.0000,1
1,708,1.574278,0.598725,0.975554,23.0113,1.0000,1
1,709,1.334912,0.339243,0.995669,2.0319,1.0000,1
1,710,1.138213,0.141206,0.997007,0.8308,0.8308,0
1,711,1.450984,0.456810,0.994174,5.7310,1.0000,1
1,712,1.577147,0.596001,0.981146,11.8478,1.0000,1
1,713,1.154222,0.156400,0.997822,2.5515,1.0000,1
1,714,1.216238,0.218398,0.997840,7.0003,1.0000,1
1,715,1.096895,0.097204,0.999690,2.6887,1.0000,1
1,716,1.558209,0.578266,0.979943,7.4344,1.0000,1
1,717,1.223491,0.226131,0.997360,2.0267,1.0000,1
1,718,1.451174,0.456030,0.995144,5.0449,1.0000,1
1,719,1.999237,1.012167,0.987070,18.1063,1.0000,1
1,720,1.766330,0.779489,0.986841,14.5771,1.0000,1
1,721,1.093471,0.094328,0.999142,1.7429,1.0000,1
1,722,1.310136,0.317093,0.993043,5.0454,1.0000,1
1,723,1.658251,0.667416,0.990835,12.3068,1.0000,1
1,724,1.392734,0.399177,0.993557,1.9035,1.0000,1
1,725,1.307712,0.316588,0.991124,4.8023,1.0000,1
1,726,1.702740,0.712163,0.990577,4.3427,1.0000,1
1,727,1.136714,0.137512,0.999202,3.3587,1.0000,1
1,728,1.419974,0.429710,0.990264,7.9162,1.0000,1
1,729,1.440739,0.446020,0.994719,2.4876,1.0000,1
1,730,1.424187,0.439256,0.984931,5.8517,1.0000,1
1,731,1.302217,0.307399,0.994818,5.4729,1.0000,1
1,732,1.392065,0.398752,0.993313,3.8427,1.0000,1
1,733,1.410477,0.430542,0.979935,3.1473,1.0000,1
1,734,1.533988,0.554389,0.979598,11.1888,1.0000,1
1,735,1.370902,0.381998,0.988904,5.6511,1.0000,1
1,736,1.117003,0.117445,0.999558,1.8288,1.0000,1
1,737,1.412284,0.422518,0.989766,8.6918,1.0000,1
1,738,1.244069,0.247431,0.996638,2.0530,1.0000,1
1,739,1.116978,0.117600,0.999378,1.4644,1.0000,1
1,740,1.403897,0.407379,0.996518,5.1396,1.0000,1
1,741,1.425954,0.435960,0.989995,6.7096,1.0000,1
1,742,1.207914,0.213610,0.994304,2.5727,1.0000,1
1,743,1.204923,0.209242,0.995682,3.5167,1.0000,1
1,744,1.500131,0.562662,0.937470,23.8112,1.0000,1
1,745,1.425076,0.429463,0.995613,11.7868,1.0000,1
1,746,1.221610,0.248848,0.972762,8.7702,1.0000,1
1,747,1.632483,0.642717,0.989765,18.6336,1.0000,1
1,748,1.504620,0.514792,0.989828,16.0593,1.0000,1
1,749,1.540809,0.545977,0.994833,22.9321,1.0000,1
1,750,1.195727,0.206763,0.988964,3.0512,1.0000,1
1,751,1.844105,0.874431,0.969674,23.8883,1.0000,1
1,752,1.554543,0.583597,0.970946,4.9848,1.0000,1
1,753,1.581342,0.585901,0.995441,15.3016,1.0000,1
1,754,1.201287,0.202649,0.998638,6.0257,1.0000,1
1,755,1.531739,0.539500,0.992239,12.9840,1.0000,1
1,756,1.600181,0.610265,0.989916,12.0360,1.0000,1
1,757,1.333015,0.338548,0.994467,7.0766,1.0000,1
1,758,1.325945,0.331126,0.994819,3.4271,1.0000,1
1,759,1.727420,0.741572,0.985848,17.5293,1.0000,1
1,760,1.407312,0.413046,0.994266,10.7564,1.0000,1
1,761,1.387518,0.407110,0.980409,14.4725,1.0000,1
1,762,1.259501,0.264487,0.995013,1.7560,1.0000,1
1,763,1.645832,0.652211,0.993621,13.3094,1.0000,1
1,764,1.190369,0.204921,0.985448,3.8288,1.0000,1
1,765,1.414740,0.416554,0.998185,8.1037,1.0000,1
1,766,1.502515,0.511285,0.991230,3.5351,1.0000,1
1,767,1.218225,0.219276,0.998948,2.6026,1.0000,1
1,768,1.256648,0.260354,0.996294,5.4058,1.0000,1
1,769,1.506072,0.523849,0.982222,11.4691,1.0000,1
1,770,1.617217,0.652477,0.964740,19.3844,1.0000,1
1,771,1.175275,0.194330,0.980945,3.2985,1.0000,1
1,772,1.304371,0.307690,0.996681,4.0031,1.0000,1
1,773,1.601558,0.617186,0.984372,17.1334,1.0000,1
1,774,1.503819,0.518324,0.985495,3.0309,1.0000,1
1,775,1.439504,0.441600,0.997904,3.5933,1.0000,1
1,776,1.612466,0.623981,0.988485,8.6206,1.0000,1
1,777,1.195604,0.201972,0.993632,2.6765,1.0000,1
1,778,1.442695,0.456092,0.986603,12.3671,1.0000,1
1,779,1.413170,0.421301,0.991868,13.0367,1.0000,1
1,780,1.182982,0.189632,0.993351,2.9091,1.0000,1
1,781,1.211930,0.213053,0.998877,4.3502,1.0000,1
1,782,1.255695,0.271843,0.983852,5.4934,1.0000,1
1,783,1.056095,0.056734,0.999361,1.2876,1.0000,1
1,784,1.527218,0.539272,0.987946,9.4513,1.0000,1
1,785,1.251409,0.254075,0.997334,3.1999,1.0000,1
1,786,1.892642,0.904172,0.988469,17.1038,1.0000,1
1,787,1.978662,1.001095,0.977568,24.0854,1.0000,1
1,788,1.542548,0.557617,0.984931,12.4425,1.0000,1
1,789,1.343392,0.345797,0.997595,6.1315,1.0000,1
1,790,1.252113,0.255554,0.996560,2.5785,1.0000,1
1,791,1.465745,0.484813,0.980932,7.8061,1.0000,1
1,792,1.626318,0.643135,0.983184,8.7510,1.0000,1
1,793,2.237708,1.268212,0.969495,34.9779,1.0000,1
1,794,1.171901,0.180177,0.991724,2.9357,1.0000,1
1,795,2.376968,1.401421,0.975547,13.8218,1.0000,1
1,796,1.289227,0.305318,0.983909,10.9706,1.0000,1
1,797,1.282187,0.292823,0.989364,5.7004,1.0000,1
1,798,1.452815,0.467197,0.985617,6.3676,1.0000,1
1,799,1.505500,0.520387,0.985113,7.9637,1.0000,1
1,800,1.533174,0.539734,0.993440,14.2298,1.0000,1
1,801,1.361507,0.377998,0.983509,3.3361,1.0000,1
1,802,1.294600,0.298780,0.995820,5.6609,1.0000,1
1,803,1.404560,0.407756,0.996804,4.8950,1.0000,1
1,804,2.010294,1.041366,0.968928,36.7825,1.0000,1
1,805,1.231125,0.237474,0.993651,3.4237,1.0000,1
1,806,1.087450,0.092034,0.995416,1.8778,1.0000,1
1,807,1.123312,0.125398,0.997914,0.7540,0.7540,0
1,808,1.452354,0.483342,0.969012,8.1494,1.0000,1
1,809,2.016074,1.047972,0.968101,20.6115,1.0000,1
1,810,1.518830,0.534466,0.984364,5.3081,1.0000,1
1,811,1.363358,0.366950,0.996409,4.7041,1.0000,1
1,812,1.363922,0.370097,0.993826,11.2781,1.0000,1
1,813,1.246129,0.252303,0.993827,8.0806,1.0000,1
1,814,1.238687,0.242724,0.995963,5.5782,1.0000,1
1,815,1.467187,0.480408,0.986779,5.0957,1.0000,1
1,816,1.623378,0.642571,0.980806,16.5194,1.0000,1
1,817,1.187737,0.198326,0.989411,2.7367,1.0000,1
1,818,1.285648,0.289241,0.996406,1.7366,1.0000,1
1,819,1.487899,0.494294,0.993604,8.9867,1.0000,1
1,820,1.191883,0.203391,0.988492,2.1159,1.0000,1
1,821,1.201168,0.213474,0.987694,2.3388,1.0000,1
1,822,1.343145,0.350363,0.992782,1.1424,1.0000,1
1,823,1.345293,0.361653,0.983640,2.4034,1.0000,1
1,824,1.205695,0.207410,0.998284,2.8671,1.0000,1
1,825,1.210152,0.214973,0.995179,2.0654,1.0000,1
1,826,1.460690,0.462781,0.997908,10.8154,1.0000,1
1,827,1.160246,0.160597,0.999649,1.3794,1.0000,1
1,828,1.394656,0.399224,0.995432,2.8183,1.0000,1
1,829,1.271049,0.273560,0.997489,10.0635,1.0000,1
1,830,2.201731,1.207055,0.994676,31.0612,1.0000,1
1,831,1.386449,0.419114,0.967335,15.2537,1.0000,1
1,832,1.672928,0.695631,0.977297,12.8037,1.0000,1
1,833,1.524227,0.532881,0.991346,18.6084,1.0000,1
1,834,1.649295,0.690904,0.958392,12.9851,1.0000,1
1,835,1.137282,0.141781,0.995501,3.1984,1.0000,1
1,836,1.286284,0.295609,0.990674,2.5657,1.0000,1
1,837,1.588620,0.607987,0.980632,11.0561,1.0000,1
1,838,1.172094,0.173411,0.998683,0.8627,0.8627,0
1,839,1.791096,0.803449,0.987647,22.0323,1.0000,1
1,840,1.627846,0.633895,0.993952,14.8894,1.0000,1
1,841,1.205737,0.216726,0.989011,3.0481,1.0000,1
1,842,1.125182,0.125637,0.999545,4.8184,1.0000,1
1,843,1.197048,0.197497,0.999551,2.9086,1.0000,1
1,844,1.331426,0.353835,0.977591,2.3607,1.0000,1
1,845,1.869313,0.882223,0.987090,15.7337,1.0000,1
1,846,1.203034,0.208742,0.994292,4.8573,1.0000,1
1,847,1.372510,0.375589,0.996921,4.3172,1.0000,1
1,848,1.230917,0.233962,0.996955,3.4202,1.0000,1
1,849,1.298879,0.314661,0.984218,2.0169,1.0000,1
1,850,1.228366,0.237929,0.990437,2.0213,1.0000,1
1,851,1.494812,0.510905,0.983906,9.5045,1.0000,1
1,852,1.344211,0.350482,0.993729,11.9829,1.0000,1
1,853,1.679549,0.688804,0.990746,9.6016,1.0000,1
1,854,1.366137,0.388288,0.977850,4.4962,1.0000,1
1,855,1.220791,0.227180,0.993611,9.1758,1.0000,1
1,856,1.596300,0.608446,0.987855,7.9325,1.0000,1
1,857,1.280281,0.290184,0.990097,2.7653,1.0000,1
1,858,1.617333,0.628901,0.988432,13.4732,1.0000,1
1,859,1.169213,0.174923,0.994289,3.5438,1.0000,1
1,860,1.567470,0.600012,0.967458,13.2123,1.0000,1
1,861,1.407958,0.424716,0.983242,7.3024,1.0000,1
1,862,1.220956,0.222049,0.998907,2.3544,1.0000,1
1,863,1.655680,0.674233,0.981447,17.8640,1.0000,1
1,864,1.338164,0.356347,0.981817,1.0593,1.0000,1
1,865,1.309787,0.322226,0.987561,11.5135,1.0000,1
1,866,1.435340,0.447731,0.987609,11.7763,1.0000,1
1,867,1.212333,0.213316,0.999017,2.2972,1.0000,1
1,868,1.284814,0.296645,0.988168,4.8340,1.0000,1
1,869,1.398224,0.422270,0.975953,10.3513,1.0000,1
1,870,1.262354,0.278283,0.984071,4.3547,1.0000,1
1,871,1.114752,0.121472,0.993280,2.1562,1.0000,1
1,872,1.411986,0.419315,0.992671,7.5906,1.0000,1
1,873,1.191125,0.197266,0.993859,1.5762,1.0000,1
1,874,1.403085,0.406380,0.996705,6.5174,1.0000,1
1,875,1.529727,0.540899,0.988828,7.7901,1.0000,1
1,876,1.200139,0.203607,0.996533,1.2815,1.0000,1
1,877,1.936365,0.947937,0.988428,21.1165,1.0000,1
1,878,1.246421,0.256110,0.990311,2.8982,1.0000,1
1,879,1.254811,0.264481,0.990331,8.1174,1.0000,1
1,880,1.350931,0.353164,0.997767,4.4599,1.0000,1
1,881,1.453318,0.459428,0.993891,10.2138,1.0000,1
1,882,1.523526,0.526165,0.997361,8.4576,1.0000,1
1,883,1.372643,0.380571,0.992071,10.7523,1.0000,1
1,884,1.438294,0.442327,0.995967,13.3643,1.0000,1
1,885,1.436393,0.443060,0.993332,9.5701,1.0000,1
1,886,1.504444,0.524144,0.980300,4.7961,1.0000,1
1,887,1.164474,0.165912,0.998562,2.9045,1.0000,1
1,888,1.257750,0.268528,0.989222,1.8785,1.0000,1
1,889,1.837451,0.861495,0.975955,34.5485,1.0000,1
1,890,2.001224,1.007941,0.993283,38.4263,1.0000,1
1,891,1.520258,0.524704,0.995553,6.4114,1.0000,1
1,892,1.151125,0.152445,0.998680,1.4243,1.0000,1
1,893,1.651893,0.663179,0.988714,8.6952,1.0000,1
1,894,1.724660,0.762473,0.962187,16.7358,1.0000,1
1,895,1.308692,0.311749,0.996943,3.0977,1.0000,1
1,896,1.342019,0.344821,0.997198,1.9115,1.0000,1
1,897,1.178663,0.181667,0.996996,2.1145,1.0000,1
1,898,1.355837,0.358269,0.997568,2.4149,1.0000,1
1,899,1.646378,0.669484,0.976894,16.6746,1.0000,1
1,900,1.182832,0.187300,0.995532,1.9647,1.0000,1
1,901,1.405732,0.414347,0.991386,5.2772,1.0000,1
1,902,1.306212,0.310667,0.995546,5.8099,1.0000,1
1,903,1.417146,0.424000,0.993146,5.0220,1.0000,1
1,904,1.347309,0.350577,0.996732,3.0632,1.0000,1
1,905,1.395736,0.404247,0.991488,6.6211,1.0000,1
1,906,1.287136,0.296486,0.990649,7.2528,1.0000,1
1,907,1.160994,0.169425,0.991569,1.8547,1.0000,1
1,908,1.235274,0.251623,0.983652,3.5571,1.0000,1
1,909,1.709185,0.717040,0.992145,11.4256,1.0000,1
1,910,1.692268,0.704120,0.988148,16.0076,1.0000,1
1,911,1.545875,0.548518,0.997356,10.6786,1.0000,1
1,912,1.243515,0.247478,0.996037,3.8161,1.0000,1
1,913,1.263781,0.272208,0.991573,7.9905,1.0000,1
1,914,1.155474,0.157205,0.998269,3.2438,1.0000,1
1,915,1.249126,0.257526,0.991600,5.8695,1.0000,1
1,916,2.081396,1.097949,0.983446,27.6859,1.0000,1
1,917,1.465381,0.488382,0.977000,17.6623,1.0000,1
1,918,1.238097,0.241269,0.996828,2.4699,1.0000,1
1,919,1.221608,0.225188,0.996420,1.7393,1.0000,1
1,920,1.398444,0.411032,0.987413,10.3086,1.0000,1
1,921,1.236501,0.243940,0.992561,1.4101,1.0000,1
1,922,1.674291,0.680333,0.993958,15.6863,1.0000,1
1,923,1.154770,0.155921,0.998849,2.1860,1.0000,1
1,924,1.173640,0.178047,0.995593,1.4015,1.0000,1
1,925,1.555866,0.566471,0.989395,15.5011,1.0000,1
1,926,1.268665,0.293376,0.975288,9.5236,1.0000,1
1,927,1.183336,0.187051,0.996285,2.5084,1.0000,1
1,928,1.426808,0.442914,0.983893,3.4528,1.0000,1
1,929,1.157822,0.183441,0.974381,10.7644,1.0000,1
1,930,2.619712,1.643857,0.975855,50.8267,1.0000,1
1,931,1.327820,0.336997,0.990823,5.6823,1.0000,1
1,932,1.222323,0.226453,0.995870,5.9936,1.0000,1
1,933,1.433867,0.439355,0.994511,10.7146,1.0000,1
1,934,1.257114,0.263156,0.993958,6.2698,1.0000,1
1,935,1.162284,0.167945,0.994339,6.1032,1.0000,1
1,936,1.177590,0.179739,0.997851,3.0170,1.0000,1
1,937,1.666053,0.680529,0.985525,17.2948,1.0000,1
1,938,1.579595,0.648038,0.931557,20.7065,1.0000,1
1,939,1.314131,0.358581,0.955550,7.6956,1.0000,1
1,940,1.308497,0.335230,0.973267,5.3718,1.0000,1
1,941,1.079393,0.085205,0.994187,1.7807,1.0000,1
1,942,1.272556,0.274219,0.998337,7.7784,1.0000,1
1,943,1.159380,0.166471,0.992909,2.1184,1.0000,1
1,944,2.185071,1.198238,0.986833,69.5083,1.0000,1
1,945,1.214726,0.228002,0.986724,4.4628,1.0000,1
1,946,1.402560,0.421034,0.981526,4.3586,1.0000,1
1,947,1.513763,0.538340,0.975423,35.8035,1.0000,1
1,948,1.343692,0.351600,0.992092,3.8315,1.0000,1
1,949,1.120966,0.122583,0.998383,6.6587,1.0000,1
1,950,1.400432,0.418113,0.982319,37.9703,1.0000,1
1,951,1.569927,0.594985,0.974942,33.4267,1.0000,1
1,952,1.604593,0.625262,0.979331,14.2328,1.0000,1
1,953,1.286998,0.295305,0.991693,10.2512,1.0000,1
1,954,1.244780,0.247811,0.996969,13.6124,1.0000,1
1,955,1.355933,0.373545,0.982388,2.7001,1.0000,1
1,956,1.525265,0.548907,0.976357,15.9097,1.0000,1
1,957,2.144823,1.204903,0.939920,35.6132,1.0000,1
1,958,1.397027,0.426400,0.970627,6.0895,1.0000,1
1,959,1.487626,0.516779,0.970847,12.8313,1.0000,1
1,960,1.321867,0.331079,0.990788,2.7641,1.0000,1
1,961,1.209517,0.228390,0.981127,2.2684,1.0000,1
1,962,1.237929,0.258685,0.979244,3.4870,1.0000,1
1,963,1.421597,0.431684,0.989913,9.7678,1.0000,1
1,964,1.263491,0.268375,0.995116,5.6580,1.0000,1
1,965,1.431766,0.435533,0.996233,7.2308,1.0000,1
1,966,1.426183,0.445277,0.980906,5.8732,1.0000,1
1,967,1.246704,0.252805,0.993899,2.7561,1.0000,1
1,968,1.444471,0.455848,0.988623,7.5820,1.0000,1
1,969,1.483587,0.542823,0.940763,19.2704,1.0000,1
1,970,1.176285,0.178153,0.998132,2.5453,1.0000,1
1,971,1.316188,0.370592,0.945597,6.8941,1.0000,1
1,972,1.429627,0.435958,0.993669,9.0222,1.0000,1
1,973,1.302368,0.315619,0.986749,4.3878,1.0000,1
1,974,1.562547,0.577670,0.984876,8.1325,1.0000,1
1,975,1.131571,0.132908,0.998663,1.8975,1.0000,1
1,976,1.233613,0.242956,0.990657,4.2932,1.0000,1
1,977,1.329880,0.341214,0.988667,4.1156,1.0000,1
1,978,1.333097,0.343042,0.990055,2.1545,1.0000,1
1,979,1.291649,0.300169,0.991480,1.4914,1.0000,1
1,980,1.348129,0.354347,0.993782,4.0316,1.0000,1
1,981,1.333462,0.342711,0.990751,1.5807,1.0000,1
1,982,1.127021,0.139160,0.987860,2.8350,1.0000,1
1,983,1.558957,0.574869,0.984088,16.4763,1.0000,1
1,984,1.186909,0.189523,0.997387,2.5630,1.0000,1
1,985,1.145921,0.153277,0.992644,2.3588,1.0000,1
1,986,1.192168,0.197632,0.994536,0.9386,0.9386,0
1,987,1.378610,0.406378,0.972232,23.7532,1.0000,1
1,988,1.484766,0.496600,0.988166,6.6634,1.0000,1
1,989,1.631862,0.641354,0.990508,15.7173,1.0000,1
1,990,1.369160,0.376574,0.992586,7.7021,1.0000,1
1,991,1.542395,0.558387,0.984007,3.9334,1.0000,1
1,992,1.329465,0.337740,0.991725,3.6598,1.0000,1
1,993,1.172589,0.179215,0.993374,4.9554,1.0000,1
1,994,1.307138,0.312513,0.994625,8.6750,1.0000,1
1,995,1.312780,0.322022,0.990759,7.9202,1.0000,1
1,996,1.310040,0.334441,0.975599,3.0718,1.0000,1
1,997,1.083272,0.083285,0.999987,3.1145,1.0000,1
1,998,1.100549,0.105443,0.995107,1.9659,1.0000,1
1,999,1.154980,0.161746,0.993234,3.5931,1.0000,1
1,1000,1.225872,0.252208,0.973664,4.1649,1.0000,1
1,1001,1.938230,0.951996,0.986234,20.9570,1.0000,1
1,1002,1.606062,0.617109,0.988953,13.1558,1.0000,1
1,1003,1.566113,0.603023,0.963090,15.2592,1.0000,1
1,1004,1.541767,0.576276,0.965491,22.5180,1.0000,1
1,1005,1.206208,0.208158,0.998050,3.0311,1.0000,1
1,1006,1.433983,0.445071,0.988912,7.2925,1.0000,1
1,1007,1.131851,0.137557,0.994294,1.1268,1.0000,1
1,1008,1.106235,0.108483,0.997752,2.7496,1.0000,1
1,1009,1.404477,0.412699,0.991777,4.6846,1.0000,1
1,1010,1.786732,0.822238,0.964494,28.5328,1.0000,1
1,1011,1.355158,0.365371,0.989788,6.8525,1.0000,1
1,1012,1.555600,0.566894,0.988706,7.1653,1.0000,1
1,1013,1.516292,0.526511,0.989782,10.9395,1.0000,1
1,1014,1.523674,0.532749,0.990926,9.0852,1.0000,1
1,1015,1.432549,0.434490,0.998059,8.8120,1.0000,1
1,1016,1.422283,0.437185,0.985097,8.6731,1.0000,1
1,1017,1.369118,0.400199,0.968919,4.9010,1.0000,1
1,1018,1.744198,0.757029,0.987169,10.6938,1.0000,1
1,1019,1.115353,0.115733,0.999620,2.4985,1.0000,1
1,1020,1.179764,0.183641,0.996123,3.6504,1.0000,1
1,1021,1.405047,0.441760,0.963287,4.6172,1.0000,1
1,1022,1.375768,0.389898,0.985870,8.4630,1.0000,1
1,1023,1.187880,0.192229,0.995651,3.0816,1.0000,1
1,1024,1.198905,0.199978,0.998927,5.5128,1.0000,1
1,1025,1.061360,0.061765,0.999594,5.4908,1.0000,1
1,1026,1.168369,0.173695,0.994674,3.5547,1.0000,1
1,1027,1.152892,0.156552,0.996339,3.7978,1.0000,1
1,1028,1.216619,0.245219,0.971400,2.1719,1.0000,1
1,1029,1.878499,0.897071,0.981428,19.8217,1.0000,1
1,1030,1.203210,0.213666,0.989544,8.0263,1.0000,1
1,1031,1.730902,0.768582,0.962321,23.5571,1.0000,1
1,1032,1.218029,0.228885,0.989144,4.8012,1.0000,1
1,1033,1.160371,0.161293,0.999078,5.7684,1.0000,1
1,1034,1.328380,0.353371,0.975010,7.6865,1.0000,1
1,1035,1.363653,0.374664,0.988989,5.9516,1.0000,1
1,1036,1.172273,0.178160,0.994113,5.9887,1.0000,1
1,1037,1.994232,1.026821,0.967412,29.5648,1.0000,1
1,1038,1.242348,0.248597,0.993751,5.3483,1.0000,1
1,1039,1.230375,0.242040,0.988335,5.1066,1.0000,1
1,1040,1.415874,0.436632,0.979242,10.2066,1.0000,1
1,1041,1.136838,0.144495,0.992343,1.5155,1.0000,1
1,1042,1.350686,0.355599,0.995087,6.6334,1.0000,1
1,1043,1.167477,0.169338,0.998139,2.9662,1.0000,1
1,1044,1.362348,0.376960,0.985388,5.6835,1.0000,1
1,1045,1.311287,0.321621,0.989666,3.2116,1.0000,1
1,1046,1.336242,0.346252,0.989991,2.6069,1.0000,1
1,1047,1.359825,0.368571,0.991253,7.8765,1.0000,1
1,1048,1.517526,0.550837,0.966689,5.6850,1.0000,1
1,1049,1.286584,0.301826,0.984758,6.2468,1.0000,1
1,1050,1.393378,0.404862,0.988516,5.1685,1.0000,1
1,1051,1.215668,0.220968,0.994700,6.2305,1.0000,1
1,1052,1.269366,0.298051,0.971315,4.9625,1.0000,1
1,1053,1.259831,0.273535,0.986296,4.2464,1.0000,1
1,1054,1.390023,0.427607,0.962416,15.5981,1.0000,1
1,1055,1.351773,0.360203,0.991570,3.3355,1.0000,1
1,1056,1.126868,0.127133,0.999736,5.8480,1.0000,1
1,1057,1.376717,0.395178,0.981539,15.3389,1.0000,1
1,1058,1.122667,0.140419,0.982248,1.2637,1.0000,1
1,1059,1.400197,0.439779,0.960418,16.7902,1.0000,1
1,1060,1.136366,0.141190,0.995176,3.5951,1.0000,1
1,1061,1.329830,0.386611,0.943219,11.7284,1.0000,1
1,1062,1.432242,0.437371,0.994871,5.8271,1.0000,1
1,1063,1.246698,0.248822,0.997876,5.9595,1.0000,1
1,1064,1.615586,0.640978,0.974608,7.3858,1.0000,1
1,1065,1.183390,0.186159,0.997231,13.8429,1.0000,1
1,1066,1.135586,0.142400,0.993186,9.9203,1.0000,1
1,1067,1.576979,0.611397,0.965581,6.5130,1.0000,1
1,1068,1.324369,0.331074,0.993295,18.8943,1.0000,1
1,1069,1.652710,0.669674,0.983036,12.4221,1.0000,1
1,1070,1.361377,0.377848,0.983529,20.6609,1.0000,1
1,1071,1.488371,0.526195,0.962176,11.8394,1.0000,1
1,1072,1.312011,0.320836,0.991176,3.1037,1.0000,1
1,1073,1.443722,0.469642,0.974080,3.7853,1.0000,1
1,1074,1.453505,0.486701,0.966804,12.0127,1.0000,1
1,1075,1.266218,0.284530,0.981688,6.8933,1.0000,1
1,1076,1.492312,0.520584,0.971729,15.2379,1.0000,1
1,1077,1.399471,0.414246,0.985225,9.2415,1.0000,1
1,1078,1.295932,0.305930,0.990002,7.7788,1.0000,1
1,1079,1.244950,0.251540,0.993410,9.9392,1.0000,1
1,1080,1.264638,0.272292,0.992345,6.2049,1.0000,1
1,1081,1.531925,0.546647,0.985278,7.1947,1.0000,1
1,1082,1.409949,0.438159,0.971789,4.3819,1.0000,1
1,1083,1.155475,0.160391,0.995083,2.6249,1.0000,1
1,1084,1.229058,0.241152,0.987906,2.9214,1.0000,1
1,1085,1.403546,0.417689,0.985857,7.8514,1.0000,1
1,1086,1.336501,0.348586,0.987915,3.7056,1.0000,1
1,1087,1.399065,0.402253,0.996812,4.5983,1.0000,1
1,1088,1.540662,0.554866,0.985796,31.8067,1.0000,1
1,1089,1.498663,0.507817,0.990846,18.1527,1.0000,1
1,1090,1.368766,0.374802,0.993964,7.5212,1.0000,1
1,1091,1.467173,0.487594,0.979579,9.4837,1.0000,1
1,1092,1.526272,0.578146,0.948126,7.4801,1.0000,1
1,1093,1.219277,0.225423,0.993853,5.2199,1.0000,1
1,1094,1.098400,0.104482,0.993918,1.9210,1.0000,1
1,1095,1.263985,0.289547,0.974438,8.6805,1.0000,1
1,1096,1.141305,0.145730,0.995575,2.0188,1.0000,1
1,1097,1.341222,0.357030,0.984192,11.0750,1.0000,1
1,1098,1.274234,0.309539,0.964694,6.2508,1.0000,1
1,1099,1.080877,0.091283,0.989594,1.8553,1.0000,1
1,1100,1.231408,0.242157,0.989251,17.1065,1.0000,1
1,1101,1.794683,0.802923,0.991760,19.5549,1.0000,1
1,1102,1.220312,0.224590,0.995722,5.6559,1.0000,1
1,1103,1.308441,0.312980,0.995461,7.6604,1.0000,1
1,1104,1.201482,0.217230,0.984252,7.1435,1.0000,1
1,1105,1.149082,0.164204,0.984878,4.2932,1.0000,1
1,1106,1.518563,0.552079,0.966484,8.4621,1.0000,1
1,1107,1.108883,0.112243,0.996640,3.6322,1.0000,1
1,1108,1.323174,0.332024,0.991150,11.0638,1.0000,1
1,1109,1.432568,0.498445,0.934123,6.1238,1.0000,1
1,1110,1.407289,0.425813,0.981476,7.8781,1.0000,1
1,1111,1.619715,0.651184,0.968531,26.6069,1.0000,1
1,1112,1.595388,0.635758,0.959630,10.3388,1.0000,1
1,1113,1.211291,0.217739,0.993552,4.7958,1.0000,1
1,1114,1.300813,0.310372,0.990441,3.9281,1.0000,1
1,1115,1.406256,0.430540,0.975716,7.8280,1.0000,1
1,1116,1.155104,0.159266,0.995837,4.0032,1.0000,1
1,1117,1.396148,0.430756,0.965392,6.2617,1.0000,1
1,1118,1.536636,0.547296,0.989340,4.3834,1.0000,1
1,1119,1.239483,0.244961,0.994521,5.7476,1.0000,1
1,1120,1.145638,0.157856,0.987782,1.4342,1.0000,1
1,1121,1.513156,0.533385,0.979772,14.1422,1.0000,1
1,1122,1.310898,0.322778,0.988120,3.6668,1.0000,1
1,1123,1.374997,0.396722,0.978275,8.1153,1.0000,1
1,1124,1.516559,0.527036,0.989522,8.9394,1.0000,1
1,1125,1.289890,0.305308,0.984582,2.6899,1.0000,1
1,1126,1.312351,0.331130,0.981221,7.1336,1.0000,1
1,1127,1.237803,0.256003,0.981799,3.2711,1.0000,1
1,1128,1.227800,0.238286,0.989513,4.3789,1.0000,1
1,1129,1.239049,0.249317,0.989732,2.2937,1.0000,1
1,1130,1.171650,0.176657,0.994993,5.4059,1.0000,1
1,1131,1.222345,0.231224,0.991121,1.4873,1.0000,1
1,1132,1.212329,0.217342,0.994986,3.0353,1.0000,1
1,1133,1.450006,0.475203,0.974802,17.7106,1.0000,1
1,1134,1.576002,0.586871,0.989131,16.7621,1.0000,1
1,1135,1.237636,0.285151,0.952485,4.6018,1.0000,1
1,1136,1.227013,0.230970,0.996043,1.7652,1.0000,1
1,1137,1.408340,0.421343,0.986997,5.2307,1.0000,1
1,1138,1.601384,0.615309,0.986075,15.6087,1.0000,1
1,1139,1.212955,0.231078,0.981876,4.4532,1.0000,1
1,1140,1.345621,0.381267,0.964354,13.4423,1.0000,1
1,1141,1.253061,0.265229,0.987833,5.1254,1.0000,1
1,1142,1.504060,0.519320,0.984741,3.2929,1.0000,1
1,1143,1.433003,0.440084,0.992919,14.2876,1.0000,1
1,1144,1.394502,0.397200,0.997302,9.5969,1.0000,1
1,1145,1.292445,0.305541,0.986903,8.7922,1.0000,1
1,1146,1.240829,0.256671,0.984158,6.6666,1.0000,1
1,1147,1.194957,0.204309,0.990648,2.4806,1.0000,1
1,1148,1.268627,0.275988,0.992638,12.5256,1.0000,1
1,1149,1.293406,0.299116,0.994290,6.6648,1.0000,1
1,1150,1.414417,0.427968,0.986449,9.1903,1.0000,1
1,1151,1.457943,0.463300,0.994644,9.0913,1.0000,1
1,1152,1.924093,0.979586,0.944507,28.3855,1.0000,1
1,1153,1.400250,0.419463,0.980787,11.8188,1.0000,1
1,1154,1.384915,0.390803,0.994112,3.7664,1.0000,1
1,1155,1.192315,0.199296,0.993019,1.8867,1.0000,1
1,1156,1.110019,0.111516,0.998503,1.6741,1.0000,1
1,1157,1.267726,0.274318,0.993407,4.6147,1.0000,1
1,1158,1.449301,0.455693,0.993608,8.6790,1.0000,1
1,1159,1.309286,0.335114,0.974171,5.0167,1.0000,1
1,1160,1.375631,0.392017,0.983614,3.1927,1.0000,1
1,1161,1.281383,0.285687,0.995696,13.7198,1.0000,1
1,1162,1.222355,0.222928,0.999427,4.7934,1.0000,1
1,1163,1.181921,0.183366,0.998555,4.6259,1.0000,1
1,1164,1.538966,0.540367,0.998599,14.4613,1.0000,1
1,1165,1.361606,0.363496,0.998110,2.7749,1.0000,1
1,1166,1.201642,0.215053,0.986589,7.8020,1.0000,1
1,1167,1.401566,0.407857,0.993709,2.0998,1.0000,1
1,1168,1.306202,0.311013,0.995189,3.5768,1.0000,1
1,1169,1.354228,0.364831,0.989397,6.4228,1.0000,1
1,1170,1.237870,0.246088,0.991781,3.3015,1.0000,1
1,1171,1.379550,0.387658,0.991891,5.1238,1.0000,1
1,1172,1.309646,0.318041,0.991605,4.3380,1.0000,1
1,1173,1.175394,0.178172,0.997222,5.5985,1.0000,1
1,1174,1.407088,0.419506,0.987582,6.2430,1.0000,1
1,1175,1.924022,0.950320,0.973702,12.2486,1.0000,1
1,1176,1.503600,0.524965,0.978635,3.9341,1.0000,1
1,1177,1.349423,0.361958,0.987466,2.5710,1.0000,1
1,1178,1.310296,0.320601,0.989695,5.7573,1.0000,1
1,1179,1.220286,0.227165,0.993122,2.4773,1.0000,1
1,1180,1.132929,0.132975,0.999955,3.8979,1.0000,1
1,1181,1.146507,0.151825,0.994682,3.6669,1.0000,1
1,1182,1.412297,0.444895,0.967401,5.6912,1.0000,1
1,1183,1.246726,0.276999,0.969727,6.5632,1.0000,1
1,1184,1.204413,0.209621,0.994793,2.6706,1.0000,1
1,1185,1.361789,0.393871,0.967919,7.9783,1.0000,1
1,1186,1.250003,0.266174,0.983830,6.2268,1.0000,1
1,1187,1.219813,0.231214,0.988599,4.4261,1.0000,1
1,1188,1.276198,0.293110,0.983088,5.1440,1.0000,1
1,1189,1.203240,0.207015,0.996224,2.4054,1.0000,1
1,1190,1.219747,0.235320,0.984426,2.7141,1.0000,1
1,1191,1.394091,0.404693,0.989398,3.4186,1.0000,1
1,1192,1.480934,0.514204,0.966730,6.0337,1.0000,1
1,1193,1.436866,0.454810,0.982056,9.1841,1.0000,1
1,1194,1.519745,0.545426,0.974318,7.9216,1.0000,1
1,1195,1.270224,0.275598,0.994625,3.6220,1.0000,1
1,1196,1.242986,0.252570,0.990416,1.2311,1.0000,1
1,1197,1.325470,0.342845,0.982625,8.2942,1.0000,1
1,1198,1.101711,0.115259,0.986452,2.4712,1.0000,1
1,1199,1.382266,0.405246,0.977020,6.7416,1.0000,1
1,1200,1.520584,0.536271,0.984313,10.1318,1.0000,1
1,1201,1.206518,0.223429,0.983088,2.8956,1.0000,1
1,1202,1.193737,0.220525,0.973212,5.0780,1.0000,1
1,1203,1.849183,0.859696,0.989487,32.3241,1.0000,1
1,1204,1.251848,0.253191,0.998656,5.0315,1.0000,1
1,1205,1.422519,0.458834,0.963684,3.2441,1.0000,1
1,1206,1.221199,0.232228,0.988971,5.2047,1.0000,1
1,1207,1.194133,0.246175,0.947958,1.9126,1.0000,1
1,1208,1.139602,0.161055,0.978547,2.5369,1.0000,1
1,1209,1.404290,0.424604,0.979686,17.7430,1.0000,1
1,1210,1.486832,0.518121,0.968711,32.8910,1.0000,1
1,1211,1.471760,0.523988,0.947772,24.2036,1.0000,1
1,1212,1.454559,0.462750,0.991810,9.4701,1.0000,1
1,1213,1.348058,0.386663,0.961395,4.5098,1.0000,1
1,1214,1.145364,0.153023,0.992342,6.4683,1.0000,1
1,1215,1.228043,0.233896,0.994147,6.3786,1.0000,1
1,1216,1.323658,0.334476,0.989182,6.7475,1.0000,1
1,1217,1.148391,0.150880,0.997511,4.9805,1.0000,1
1,1218,1.511778,0.542638,0.969140,13.5639,1.0000,1
1,1219,1.522206,0.540586,0.981620,7.5641,1.0000,1
1,1220,1.461880,0.520143,0.941737,11.4051,1.0000,1
1,1221,1.284736,0.292744,0.991991,4.4240,1.0000,1
1,1222,1.244316,0.252549,0.991767,3.6071,1.0000,1
1,1223,1.180349,0.185933,0.994415,3.1073,1.0000,1
1,1224,1.087267,0.094945,0.992322,1.6082,1.0000,1
1,1225,1.652181,0.666245,0.985936,10.7512,1.0000,1
1,1226,1.162559,0.183037,0.979522,4.0115,1.0000,1
1,1227,1.349164,0.388791,0.960373,10.6776,1.0000,1
1,1228,1.215481,0.230753,0.984728,5.2897,1.0000,1
1,1229,1.250468,0.282674,0.967794,2.4184,1.0000,1
1,1230,1.613082,0.665647,0.947435,11.4432,1.0000,1
1,1231,1.486835,0.534450,0.952385,32.0799,1.0000,1
1,1232,1.208604,0.299268,0.909336,9.4971,1.0000,1
1,1233,1.252740,0.255315,0.997425,6.0159,1.0000,1
1,1234,1.445104,0.475438,0.969667,5.4419,1.0000,1
1,1235,1.141774,0.144254,0.997520,1.3184,1.0000,1
1,1236,1.265261,0.295949,0.969312,3.0072,1.0000,1
1,1237,1.245480,0.261332,0.984148,4.1791,1.0000,1
2,1238,1.117898,0.136197,0.981700,1.3943,1.0000,1
2,1239,1.426746,0.464214,0.962532,20.5220,1.0000,1
2,1240,1.524269,0.550468,0.973800,15.0649,1.0000,1
2,1241,1.130463,0.134301,0.996162,1.5896,1.0000,1
2,1242,1.341924,0.381913,0.960011,10.0671,1.0000,1
2,1243,1.148767,0.154829,0.993938,1.5732,1.0000,1
2,1244,1.388575,0.398388,0.990187,5.2610,1.0000,1
2,1245,1.194417,0.206559,0.987858,5.1892,1.0000,1
2,1246,1.484944,0.531462,0.953483,11.0430,1.0000,1
2,1247,1.452193,0.462463,0.989730,8.7395,1.0000,1
2,1248,1.184413,0.200433,0.983980,5.0553,1.0000,1
2,1249,1.142719,0.143526,0.999193,4.6375,1.0000,1
2,1250,1.408587,0.418193,0.990393,3.7626,1.0000,1
2,1251,1.169312,0.177098,0.992214,2.9261,1.0000,1
2,1252,1.115577,0.123927,0.991650,1.8836,1.0000,1
2,1253,1.530990,0.580702,0.950287,16.7732,1.0000,1
2,1254,1.763833,0.766424,0.997409,15.7483,1.0000,1
2,1255,1.217563,0.220317,0.997246,2.4209,1.0000,1
2,1256,1.218500,0.219346,0.999153,1.4234,1.0000,1
2,1257,2.053847,1.077745,0.976102,36.1335,1.0000,1
2,1258,1.299268,0.313721,0.985547,3.1063,1.0000,1
2,1259,1.508960,0.519944,0.989016,6.9339,1.0000,1
2,1260,1.174997,0.178890,0.996108,1.2815,1.0000,1
2,1261,1.554445,0.568504,0.985942,6.7058,1.0000,1
2,1262,1.168900,0.176422,0.992478,4.3733,1.0000,1
2,1263,1.314966,0.333438,0.981528,5.2634,1.0000,1
2,1264,1.414567,0.431843,0.982724,2.7289,1.0000,1
2,1265,1.156598,0.159272,0.997326,4.0170,1.0000,1
2,1266,1.258560,0.273747,0.984813,3.3188,1.0000,1
2,1267,1.250840,0.264033,0.986807,6.1561,1.0000,1
2,1268,1.383708,0.417941,0.965766,3.7591,1.0000,1
2,1269,1.735054,0.759283,0.975771,13.0917,1.0000,1
2,1270,1.275188,0.287178,0.988010,4.3111,1.0000,1
2,1271,1.130555,0.134563,0.995991,1.8329,1.0000,1
2,1272,1.257053,0.274493,0.982560,2.1336,1.0000,1
2,1273,1.181744,0.191693,0.990051,3.0835,1.0000,1
2,1274,1.717217,0.766892,0.950325,13.7780,1.0000,1
2,1275,1.233161,0.262665,0.970496,6.0494,1.0000,1
2,1276,1.357615,0.372632,0.984983,8.3089,1.0000,1
2,1277,1.123957,0.124606,0.999351,5.0447,1.0000,1
2,1278,1.190130,0.195434,0.994696,2.8901,1.0000,1
2,1279,1.586582,0.631935,0.954647,19.2938,1.0000,1
2,1280,1.433956,0.480297,0.953659,12.5972,1.0000,1
2,1281,1.379454,0.393662,0.985791,9.7150,1.0000,1
2,1282,1.200376,0.207347,0.993029,6.5878,1.0000,1
2,1283,1.294661,0.307653,0.987009,4.6917,1.0000,1
2,1284,2.466974,1.476452,0.990522,43.4548,1.0000,1
2,1285,1.263536,0.280687,0.982849,3.3893,1.0000,1
2,1286,1.212370,0.215473,0.996897,5.1382,1.0000,1
2,1287,1.357028,0.391848,0.965181,7.3360,1.0000,1
2,1288,1.138934,0.148977,0.989957,3.5786,1.0000,1
2,1289,1.898579,0.955688,0.942892,29.5706,1.0000,1
2,1290,1.100311,0.105744,0.994567,2.8207,1.0000,1
2,1291,1.303006,0.309704,0.993303,2.9421,1.0000,1
2,1292,1.385861,0.455703,0.930157,13.3650,1.0000,1
2,1293,1.121929,0.137400,0.984529,6.2188,1.0000,1
2,1294,1.248599,0.255687,0.992912,3.4400,1.0000,1
2,1295,1.307953,0.325178,0.982774,5.1838,1.0000,1
2,1296,1.251469,0.256488,0.994980,5.6606,1.0000,1
2,1297,1.360842,0.378378,0.982464,4.9479,1.0000,1
2,1298,1.608780,0.639757,0.969023,13.8296,1.0000,1
2,1299,1.276576,0.284165,0.992411,7.0763,1.0000,1
2,1300,1.180247,0.184590,0.995657,4.6028,1.0000,1
2,1301,1.192032,0.199616,0.992417,2.4636,1.0000,1
2,1302,1.373238,0.430425,0.942813,14.1471,1.0000,1
2,1303,1.269166,0.288862,0.980304,6.8487,1.0000,1
2,1304,1.165135,0.200471,0.964663,4.3064,1.0000,1
2,1305,1.241848,0.252343,0.989505,1.9647,1.0000,1
2,1306,1.272637,0.316556,0.956080,5.6106,1.0000,1
2,1307,1.655730,0.678537,0.977193,15.3744,1.0000,1
2,1308,1.497183,0.523559,0.973624,8.2872,1.0000,1
2,1309,1.312110,0.328668,0.983442,4.2563,1.0000,1
2,1310,1.132771,0.134635,0.998136,3.7354,1.0000,1
2,1311,1.296151,0.312545,0.983606,3.2111,1.0000,1
2,1312,1.156392,0.167375,0.989017,3.6455,1.0000,1
2,1313,1.329923,0.392885,0.937037,9.8307,1.0000,1
2,1314,1.402331,0.440419,0.961912,13.7022,1.0000,1
2,1315,1.358042,0.376914,0.981128,8.4305,1.0000,1
2,1316,1.305664,0.323766,0.981898,4.7159,1.0000,1
2,1317,1.459770,0.520705,0.939065,19.1285,1.0000,1
2,1318,1.235646,0.278527,0.957118,8.5535,1.0000,1
2,1319,1.481274,0.499949,0.981325,9.0021,1.0000,1
2,1320,1.359808,0.377726,0.982082,5.2399,1.0000,1
2,1321,1.198401,0.208528,0.989873,3.5994,1.0000,1
2,1322,1.393348,0.402645,0.990702,7.1009,1.0000,1
2,1323,1.272994,0.283571,0.989423,2.2591,1.0000,1
2,1324,1.249361,0.261858,0.987503,6.4427,1.0000,1
2,1325,1.265033,0.292602,0.972431,6.5277,1.0000,1
2,1326,1.249779,0.267879,0.981900,4.7824,1.0000,1
2,1327,1.243899,0.264075,0.979824,2.9042,1.0000,1
2,1328,1.356290,0.409335,0.946955,10.1653,1.0000,1
2,1329,1.416338,0.472335,0.944003,19.6423,1.0000,1
2,1330,1.361350,0.417202,0.944147,16.3682,1.0000,1
2,1331,1.081790,0.083741,0.998050,1.0064,1.0000,1
2,1332,1.521180,0.558946,0.962234,16.4061,1.0000,1
2,1333,1.739280,0.791339,0.947941,16.2374,1.0000,1
2,1334,1.308512,0.358064,0.950448,8.3363,1.0000,1
2,1335,1.769302,0.791673,0.977630,13.3299,1.0000,1
2,1336,1.202891,0.213259,0.989632,6.6788,1.0000,1
2,1337,1.194036,0.212425,0.981611,1.5662,1.0000,1
2,1338,1.302573,0.316406,0.986166,6.2159,1.0000,1
2,1339,1.686543,0.738214,0.948328,19.4689,1.0000,1
2,1340,1.172019,0.172270,0.999750,3.3117,1.0000,1
2,1341,1.461920,0.492686,0.969234,11.8053,1.0000,1
2,1342,1.336550,0.365363,0.971187,8.1928,1.0000,1
2,1343,1.352984,0.365142,0.987841,6.6642,1.0000,1
2,1344,1.225834,0.253684,0.972150,4.6722,1.0000,1
2,1345,1.365839,0.379927,0.985912,6.0094,1.0000,1
2,1346,1.341498,0.386525,0.954973,16.5166,1.0000,1
2,1347,1.321339,0.341098,0.980241,3.2117,1.0000,1
2,1348,1.262529,0.285069,0.977460,2.7195,1.0000,1
2,1349,1.383487,0.410557,0.972930,4.3720,1.0000,1
2,1350,1.324257,0.341972,0.982285,3.7058,1.0000,1
2,1351,1.170432,0.172808,0.997625,4.7730,1.0000,1
2,1352,1.375283,0.386601,0.988683,8.5818,1.0000,1
2,1353,1.133195,0.138301,0.994894,2.9389,1.0000,1
2,1354,1.474180,0.497409,0.976771,5.0266,1.0000,1
2,1355,1.136880,0.168833,0.968047,1.9996,1.0000,1
2,1356,1.083498,0.096122,0.987376,2.0088,1.0000,1
2,1357,1.521917,0.554114,0.967803,7.0323,1.0000,1
2,1358,1.465882,0.495713,0.970169,12.7816,1.0000,1
2,1359,1.326653,0.337573,0.989080,5.4239,1.0000,1
2,1360,1.317654,0.346919,0.970735,5.6754,1.0000,1
2,1361,1.112315,0.113917,0.998398,1.4353,1.0000,1
2,1362,1.333483,0.341257,0.992226,6.4730,1.0000,1
2,1363,1.092308,0.102946,0.989361,4.2225,1.0000,1
2,1364,1.319714,0.330994,0.988720,3.7550,1.0000,1
2,1365,1.208074,0.229101,0.978974,6.3048,1.0000,1
2,1366,1.141956,0.153728,0.988229,1.5818,1.0000,1
2,1367,1.191127,0.200651,0.990476,3.1030,1.0000,1
2,1368,1.158630,0.161524,0.997106,0.9961,0.9961,0
2,1369,1.106293,0.115804,0.990489,1.5456,1.0000,1
2,1370,1.429509,0.478134,0.951375,11.4579,1.0000,1
2,1371,1.470754,0.548152,0.922602,28.2558,1.0000,1
2,1372,1.990897,1.022167,0.968729,39.1071,1.0000,1
2,1373,1.284268,0.318414,0.965854,4.9567,1.0000,1
2,1374,1.415408,0.447476,0.967932,3.6273,1.0000,1
2,1375,1.186411,0.193734,0.992677,3.1002,1.0000,1
2,1376,1.321400,0.429047,0.892353,4.4657,1.0000,1
2,1377,1.375575,0.383398,0.992177,11.2039,1.0000,1
2,1378,1.392343,0.427557,0.964786,6.4616,1.0000,1
2,1379,1.269645,0.299474,0.970171,6.8116,1.0000,1
2,1380,1.249132,0.252754,0.996378,6.5468,1.0000,1
2,1381,1.198780,0.249499,0.949280,2.6021,1.0000,1
2,1382,1.426938,0.460047,0.966891,7.5047,1.0000,1
2,1383,1.361880,0.446045,0.915836,10.5778,1.0000,1
2,1384,1.626515,0.684946,0.941569,19.7054,1.0000,1
2,1385,1.609763,0.662213,0.947551,11.0754,1.0000,1
2,1386,1.182135,0.189716,0.992418,3.4760,1.0000,1
2,1387,1.609298,0.647665,0.961633,10.0891,1.0000,1
2,1388,1.221619,0.240213,0.981406,3.7359,1.0000,1
2,1389,1.270040,0.297672,0.972369,2.6013,1.0000,1
2,1390,1.159102,0.171141,0.987962,3.5892,1.0000,1
2,1391,1.302076,0.334238,0.967838,10.5904,1.0000,1
2,1392,1.213804,0.221675,0.992130,1.8176,1.0000,1
2,1393,1.448048,0.457673,0.990375,9.8751,1.0000,1
2,1394,1.239805,0.251847,0.987958,2.0146,1.0000,1
2,1395,1.561317,0.607694,0.953623,15.8014,1.0000,1
2,1396,1.063752,0.068128,0.995624,2.1080,1.0000,1
2,1397,1.318579,0.371481,0.947098,16.2622,1.0000,1
2,1398,1.338417,0.367282,0.971135,7.1726,1.0000,1
2,1399,1.301910,0.333096,0.968814,7.8282,1.0000,1
2,1400,1.539406,0.564222,0.975183,10.3022,1.0000,1
2,1401,1.185979,0.195934,0.990045,4.4537,1.0000,1
2,1402,1.282735,0.291247,0.991487,2.5653,1.0000,1
2,1403,1.242940,0.251626,0.991314,5.5790,1.0000,1
2,1404,1.290621,0.348638,0.941983,4.7177,1.0000,1
2,1405,1.295638,0.331488,0.964150,5.6839,1.0000,1
2,1406,1.285075,0.327150,0.957925,3.9385,1.0000,1
2,1407,1.228365,0.242393,0.985972,3.3154,1.0000,1
2,1408,1.149574,0.164117,0.985456,3.8480,1.0000,1
2,1409,1.802362,0.873980,0.928382,17.9661,1.0000,1
2,1410,1.259454,0.284132,0.975321,4.6016,1.0000,1
2,1411,1.402286,0.411902,0.990383,7.0562,1.0000,1
2,1412,1.024553,0.025878,0.998674,1.0682,1.0000,1
2,1413,1.229311,0.235173,0.994138,3.6045,1.0000,1
2,1414,1.199365,0.205772,0.993594,3.1873,1.0000,1
2,1415,1.151383,0.176366,0.975017,1.5115,1.0000,1
2,1416,1.287850,0.303544,0.984307,7.7234,1.0000,1
2,1417,1.386495,0.399867,0.986628,10.1210,1.0000,1
2,1418,2.380381,1.452312,0.928068,60.3488,1.0000,1
2,1419,1.383718,0.440021,0.943697,41.6027,1.0000,1
2,1420,1.170283,0.176747,0.993536,8.3533,1.0000,1
2,1421,1.617598,0.630086,0.987512,25.2988,1.0000,1
2,1422,1.185049,0.204804,0.980245,4.7963,1.0000,1
2,1423,1.473461,0.482432,0.991029,10.9756,1.0000,1
2,1424,1.236816,0.248617,0.988199,2.0792,1.0000,1
2,1425,1.334167,0.353905,0.980262,5.8154,1.0000,1
2,1426,1.470880,0.480572,0.990308,6.8079,1.0000,1
2,1427,1.231174,0.243344,0.987830,7.7835,1.0000,1
2,1428,1.199823,0.215554,0.984269,1.9885,1.0000,1
2,1429,1.265303,0.282957,0.982346,3.6212,1.0000,1
2,1430,1.444906,0.482542,0.962364,6.9367,1.0000,1
2,1431,1.512601,0.526055,0.986546,7.9741,1.0000,1
2,1432,1.254193,0.267976,0.986217,4.1635,1.0000,1
2,1433,1.269009,0.272590,0.996419,4.4262,1.0000,1
2,1434,1.360310,0.390787,0.969523,2.7290,1.0000,1
2,1435,1.106825,0.122461,0.984364,2.4342,1.0000,1
2,1436,1.501977,0.536094,0.965883,3.3692,1.0000,1
2,1437,1.146508,0.159974,0.986534,3.2661,1.0000,1
2,1438,1.191212,0.202372,0.988841,2.1048,1.0000,1
2,1439,1.149874,0.182271,0.967603,3.0889,1.0000,1
2,1440,1.226068,0.246814,0.979254,9.5162,1.0000,1
2,1441,1.151165,0.163190,0.987976,7.6891,1.0000,1
2,1442,1.115516,0.120927,0.994589,1.4459,1.0000,1
2,1443,1.569736,0.601345,0.968391,14.2209,1.0000,1
2,1444,1.079293,0.102369,0.976924,4.2783,1.0000,1
2,1445,1.228076,0.269049,0.959027,5.3329,1.0000,1
2,1446,1.599670,0.621545,0.978125,13.1462,1.0000,1
2,1447,1.409551,0.416839,0.992712,9.6404,1.0000,1
2,1448,1.114450,0.116715,0.997735,0.2624,0.2624,0
2,1449,1.263638,0.266987,0.996652,3.2147,1.0000,1
2,1450,1.337977,0.393183,0.944793,8.9826,1.0000,1
2,1451,1.152176,0.158607,0.993569,1.2845,1.0000,1
2,1452,1.167725,0.174912,0.992812,4.3028,1.0000,1
2,1453,1.183690,0.190830,0.992860,2.4618,1.0000,1
2,1454,1.616658,0.646292,0.970367,8.7812,1.0000,1
2,1455,1.261691,0.269150,0.992540,4.2127,1.0000,1
2,1456,1.412421,0.443340,0.969081,8.0671,1.0000,1
2,1457,1.348564,0.379946,0.968618,8.2547,1.0000,1
2,1458,1.447577,0.494384,0.953193,7.0189,1.0000,1
2,1459,1.214025,0.218461,0.995564,2.5842,1.0000,1
2,1460,1.170855,0.172149,0.998705,2.8847,1.0000,1
2,1461,1.172962,0.189566,0.983395,6.5848,1.0000,1
2,1462,1.693452,0.709438,0.984014,12.4831,1.0000,1
2,1463,1.233638,0.238988,0.994650,3.8696,1.0000,1
2,1464,1.359042,0.399901,0.959141,4.2311,1.0000,1
2,1465,1.574150,0.589346,0.984804,4.2351,1.0000,1
2,1466,1.156202,0.187920,0.968283,3.1402,1.0000,1
2,1467,1.143617,0.155478,0.988139,3.2137,1.0000,1
2,1468,1.528833,0.617506,0.911327,17.6850,1.0000,1
2,1469,1.457426,0.485355,0.972071,5.0660,1.0000,1
2,1470,1.103818,0.111804,0.992013,4.9331,1.0000,1
2,1471,1.127530,0.136704,0.990826,1.9860,1.0000,1
2,1472,1.342644,0.367155,0.975489,8.0497,1.0000,1
2,1473,1.202091,0.226392,0.975699,5.2111,1.0000,1
2,1474,1.210901,0.233316,0.977585,4.4301,1.0000,1
2,1475,1.503411,0.557189,0.946222,8.7033,1.0000,1
2,1476,1.454412,0.468377,0.986035,6.2933,1.0000,1
2,1477,1.250121,0.261388,0.988733,10.9060,1.0000,1
2,1478,1.378926,0.388801,0.990125,8.2680,1.0000,1
2,1479,1.214424,0.221194,0.993231,6.5162,1.0000,1
2,1480,1.441998,0.470739,0.971259,30.1434,1.0000,1
2,1481,1.139393,0.148765,0.990628,5.2003,1.0000,1
2,1482,1.277453,0.294550,0.982904,3.4180,1.0000,1
2,1483,1.460280,0.490809,0.969471,6.6792,1.0000,1
2,1484,1.140828,0.152530,0.988298,4.0407,1.0000,1
2,1485,1.072707,0.073362,0.999345,1.7886,1.0000,1
2,1486,1.315454,0.358696,0.956758,7.7397,1.0000,1
2,1487,1.104328,0.112696,0.991632,3.3403,1.0000,1
2,1488,1.141631,0.166928,0.974703,3.1551,1.0000,1
2,1489,1.165034,0.169614,0.995420,2.1631,1.0000,1
2,1490,1.244793,0.265167,0.979626,4.8824,1.0000,1
2,1491,1.162041,0.175660,0.986381,0.7459,0.7459,0
2,1492,1.449786,0.478386,0.971399,11.5322,1.0000,1
2,1493,1.037237,0.084603,0.952635,2.1452,1.0000,1
2,1494,1.363882,0.389067,0.974814,7.6285,1.0000,1
2,1495,1.326320,0.357248,0.969071,11.5954,1.0000,1
2,1496,1.112555,0.120872,0.991683,3.8451,1.0000,1
2,1497,1.031623,0.074606,0.957017,2.2465,1.0000,1
2,1498,1.123757,0.155709,0.968048,3.6257,1.0000,1
2,1499,1.356809,0.370036,0.986773,14.1692,1.0000,1
2,1500,1.035546,0.036527,0.999020,1.7961,1.0000,1
2,1501,1.112490,0.146804,0.965686,3.7157,1.0000,1
2,1502,1.369679,0.429121,0.940557,16.6860,1.0000,1
2,1503,1.268445,0.287645,0.980801,4.8237,1.0000,1
2,1504,1.652468,0.665885,0.986583,9.7593,1.0000,1
2,1505,1.520901,0.538045,0.982857,14.5045,1.0000,1
2,1506,1.136513,0.143101,0.993412,7.0031,1.0000,1
2,1507,1.238020,0.243451,0.994569,4.1615,1.0000,1
2,1508,1.128968,0.131087,0.997880,1.3970,1.0000,1
2,1509,1.260138,0.277500,0.982638,5.1845,1.0000,1
2,1510,2.022101,1.063156,0.958946,33.2093,1.0000,1
2,1511,1.304319,0.322877,0.981441,7.2158,1.0000,1
2,1512,1.387030,0.433034,0.953996,11.5514,1.0000,1
2,1513,1.126601,0.148208,0.978393,3.0863,1.0000,1
2,1514,1.194058,0.208209,0.985849,1.3130,1.0000,1
2,1515,1.180861,0.190610,0.990251,1.9313,1.0000,1
2,1516,1.193370,0.198629,0.994741,4.2853,1.0000,1
2,1517,1.473426,0.522782,0.950644,18.0500,1.0000,1
2,1518,1.334880,0.337666,0.997214,12.5539,1.0000,1
2,1519,1.263178,0.289874,0.973303,5.0953,1.0000,1
2,1520,1.293614,0.305203,0.988411,3.0912,1.0000,1
2,1521,1.519081,0.546695,0.972385,11.9415,1.0000,1
2,1522,1.361114,0.422323,0.938791,5.3627,1.0000,1
2,1523,1.243382,0.260506,0.982876,9.5420,1.0000,1
2,1524,1.368625,0.392492,0.976132,6.2979,1.0000,1
2,1525,1.117530,0.137446,0.980084,2.9068,1.0000,1
2,1526,1.158052,0.180451,0.977601,3.8214,1.0000,1
2,1527,1.299117,0.322457,0.976660,2.0749,1.0000,1
2,1528,1.113224,0.124658,0.988567,3.4976,1.0000,1
2,1529,1.173630,0.212747,0.960883,2.3283,1.0000,1
2,1530,1.259948,0.280108,0.979840,6.4819,1.0000,1
2,1531,1.178172,0.183862,0.994310,2.6204,1.0000,1
2,1532,1.453979,0.480611,0.973368,10.3247,1.0000,1
2,1533,1.863374,0.967146,0.896228,73.1209,1.0000,1
2,1534,1.363006,0.412160,0.950846,17.6386,1.0000,1
2,1535,1.410398,0.450248,0.960150,6.6979,1.0000,1
2,1536,1.660262,0.783032,0.877230,15.8659,1.0000,1
2,1537,1.474548,0.519227,0.955320,10.0791,1.0000,1
2,1538,1.446618,0.477640,0.968978,13.9336,1.0000,1
2,1539,1.287652,0.288042,0.999610,16.3604,1.0000,1
2,1540,1.242164,0.246874,0.995290,8.4964,1.0000,1
2,1541,1.396623,0.415928,0.980695,5.2367,1.0000,1
2,1542,1.244688,0.262841,0.981847,4.1615,1.0000,1
2,1543,1.595823,0.686015,0.909809,17.7312,1.0000,1
2,1544,1.430026,0.448877,0.981150,14.1488,1.0000,1
2,1545,1.345623,0.386678,0.958945,11.3764,1.0000,1
2,1546,1.121550,0.132520,0.989030,2.9936,1.0000,1
2,1547,1.101722,0.120772,0.980950,1.3610,1.0000,1
2,1548,1.371213,0.424813,0.946400,12.5966,1.0000,1
2,1549,1.067115,0.077507,0.989609,4.2560,1.0000,1
2,1550,1.233352,0.252819,0.980533,4.6114,1.0000,1
2,1551,1.171198,0.258120,0.913078,8.7134,1.0000,1
2,1552,1.118691,0.140917,0.977774,5.3866,1.0000,1
2,1553,1.111534,0.113784,0.997750,3.0063,1.0000,1
2,1554,1.256495,0.294641,0.961854,7.5100,1.0000,1
2,1555,1.107029,0.117570,0.989460,3.4036,1.0000,1
2,1556,1.408280,0.425881,0.982400,4.3527,1.0000,1
2,1557,1.199837,0.273325,0.926512,2.9615,1.0000,1
2,1558,1.192224,0.213262,0.978962,5.8984,1.0000,1
2,1559,1.212049,0.250860,0.961189,3.4950,1.0000,1
2,1560,1.560598,0.612054,0.948545,19.4606,1.0000,1
2,1561,1.242859,0.265588,0.977272,5.2552,1.0000,1
2,1562,1.259655,0.277165,0.982490,1.7196,1.0000,1
2,1563,1.429183,0.447188,0.981996,7.4649,1.0000,1
2,1564,1.145612,0.183121,0.962491,3.5829,1.0000,1
2,1565,1.283764,0.311727,0.972037,2.7455,1.0000,1
2,1566,1.065289,0.110287,0.955002,3.4068,1.0000,1
2,1567,1.165687,0.182851,0.982836,2.2411,1.0000,1
2,1568,1.184965,0.213144,0.971821,8.5064,1.0000,1
2,1569,1.216833,0.228144,0.988689,2.1646,1.0000,1
2,1570,1.128085,0.139102,0.988983,3.9306,1.0000,1
2,1571,1.266195,0.306494,0.959701,10.9366,1.0000,1
2,1572,1.300865,0.378958,0.921907,6.5433,1.0000,1
2,1573,1.066026,0.083814,0.982212,2.5992,1.0000,1
2,1574,1.583869,0.625314,0.958554,13.5835,1.0000,1
2,1575,1.459187,0.500353,0.958834,9.3365,1.0000,1
2,1576,1.347844,0.377872,0.969972,7.6764,1.0000,1
2,1577,1.496075,0.516592,0.979483,10.9881,1.0000,1
2,1578,1.353286,0.360175,0.993110,22.3284,1.0000,1
2,1579,1.215083,0.218602,0.996481,12.7199,1.0000,1
2,1580,1.307633,0.361047,0.946586,4.0884,1.0000,1
2,1581,1.470240,0.487154,0.983087,15.7669,1.0000,1
2,1582,1.218156,0.222988,0.995167,8.0038,1.0000,1
2,1583,1.184045,0.188350,0.995695,4.2504,1.0000,1
2,1584,1.068813,0.145492,0.923321,5.3336,1.0000,1
2,1585,1.266003,0.304823,0.961180,11.0744,1.0000,1
2,1586,1.093271,0.121515,0.971756,2.1583,1.0000,1
2,1587,1.322828,0.383204,0.939624,15.3377,1.0000,1
2,1588,1.142315,0.193187,0.949128,4.7550,1.0000,1
2,1589,1.630720,0.660280,0.970441,33.5698,1.0000,1
2,1590,1.300015,0.340381,0.959633,9.1416,1.0000,1
2,1591,1.186673,0.215092,0.971581,6.4751,1.0000,1
2,1592,1.763412,0.793663,0.969748,20.2737,1.0000,1
2,1593,1.859060,0.928587,0.930474,32.2103,1.0000,1
2,1594,1.303411,0.331203,0.972208,4.3166,1.0000,1
2,1595,1.396723,0.428930,0.967793,6.3886,1.0000,1
2,1596,1.280440,0.291309,0.989132,9.1692,1.0000,1
2,1597,1.375024,0.401126,0.973898,6.5526,1.0000,1
2,1598,1.309518,0.315998,0.993520,6.6622,1.0000,1
2,1599,1.298065,0.303282,0.994783,5.7966,1.0000,1
2,1600,1.140606,0.152459,0.988146,4.1354,1.0000,1
2,1601,1.239431,0.273063,0.966367,5.4363,1.0000,1
2,1602,1.050903,0.053994,0.996909,1.4148,1.0000,1
2,1603,1.231057,0.238117,0.992940,4.4898,1.0000,1
2,1604,1.083130,0.176673,0.906458,6.2339,1.0000,1
2,1605,1.195085,0.198948,0.996137,11.4634,1.0000,1
2,1606,1.590522,0.621072,0.969449,31.5639,1.0000,1
2,1607,1.373592,0.464024,0.909567,10.7935,1.0000,1
2,1608,1.075869,0.175098,0.900771,10.5660,1.0000,1
2,1609,1.234479,0.250676,0.983803,5.8126,1.0000,1
2,1610,1.191614,0.201947,0.989667,5.9719,1.0000,1
2,1611,1.137518,0.170512,0.967006,4.6194,1.0000,1
2,1612,1.122033,0.122564,0.999469,1.9945,1.0000,1
2,1613,1.697520,0.757214,0.940306,23.4552,1.0000,1
2,1614,1.045626,0.050596,0.995030,2.3970,1.0000,1
2,1615,1.103120,0.134510,0.968610,2.6861,1.0000,1
2,1616,1.237250,0.283954,0.953296,3.0489,1.0000,1
2,1617,1.352144,0.397317,0.954828,4.3569,1.0000,1
2,1618,1.694099,0.735089,0.959010,20.7481,1.0000,1
2,1619,1.122283,0.137961,0.984322,3.0524,1.0000,1
2,1620,1.102353,0.121805,0.980549,3.0652,1.0000,1
2,1621,1.123953,0.138609,0.985345,5.2932,1.0000,1
2,1622,1.127079,0.145188,0.981891,1.8472,1.0000,1
2,1623,1.442371,0.558546,0.883825,39.1360,1.0000,1
2,1624,1.227950,0.233875,0.994074,3.9596,1.0000,1
2,1625,1.275178,0.284912,0.990266,8.3616,1.0000,1
2,1626,1.602745,0.620438,0.982307,32.4356,1.0000,1
2,1627,1.797662,0.889990,0.907672,33.9127,1.0000,1
2,1628,1.208660,0.240043,0.968617,5.7071,1.0000,1
2,1629,1.103763,0.107562,0.996200,1.8803,1.0000,1
2,1630,1.040854,0.065563,0.975291,2.8376,1.0000,1
2,1631,1.222367,0.232705,0.989662,3.5625,1.0000,1
2,1632,1.222667,0.244081,0.978587,3.8226,1.0000,1
2,1633,1.356116,0.427436,0.928680,7.5225,1.0000,1
2,1634,1.162799,0.172080,0.990720,3.3086,1.0000,1
2,1635,1.140016,0.162047,0.977969,6.6576,1.0000,1
2,1636,1.330839,0.353017,0.977823,4.8157,1.0000,1
2,1637,1.200033,0.237208,0.962825,18.2159,1.0000,1
2,1638,1.095999,0.108693,0.987306,3.0065,1.0000,1
2,1639,1.343928,0.418292,0.925636,7.6192,1.0000,1
2,1640,1.402583,0.455135,0.947448,8.3523,1.0000,1
2,1641,1.260687,0.314064,0.946624,11.4351,1.0000,1
2,1642,1.137299,0.158155,0.979144,2.3382,1.0000,1
2,1643,1.106478,0.168976,0.937502,4.7369,1.0000,1
2,1644,1.154607,0.170449,0.984158,2.6435,1.0000,1
2,1645,1.277330,0.401735,0.875594,20.7275,1.0000,1
2,1646,1.062994,0.110594,0.952399,5.7044,1.0000,1
2,1647,1.128238,0.161649,0.966588,3.4450,1.0000,1
2,1648,1.345401,0.371771,0.973630,6.6850,1.0000,1
2,1649,1.150680,0.211480,0.939199,8.8928,1.0000,1
2,1650,1.128502,0.151339,0.977163,2.7280,1.0000,1
2,1651,1.173612,0.196390,0.977222,8.7304,1.0000,1
2,1652,1.116273,0.145868,0.970405,2.3817,1.0000,1
2,1653,1.232578,0.278926,0.953653,11.7296,1.0000,1
2,1654,1.445703,0.531799,0.913904,6.0382,1.0000,1
2,1655,1.028188,0.037147,0.991041,2.2371,1.0000,1
2,1656,1.178462,0.201338,0.977124,5.9473,1.0000,1
2,1657,1.499872,0.539447,0.960425,19.2118,1.0000,1
2,1658,1.466966,0.509049,0.957917,17.8379,1.0000,1
2,1659,1.193457,0.241591,0.951866,4.9290,1.0000,1
2,1660,1.503133,0.560620,0.942513,21.7741,1.0000,1
2,1661,1.310018,0.369839,0.940179,10.8493,1.0000,1
2,1662,1.235266,0.274863,0.960403,7.4011,1.0000,1
2,1663,1.109652,0.123445,0.986206,3.8803,1.0000,1
2,1664,1.567928,0.627901,0.940027,19.9626,1.0000,1
2,1665,1.127239,0.132589,0.994650,5.9037,1.0000,1
2,1666,1.299886,0.353642,0.946245,8.2242,1.0000,1
2,1667,1.526988,0.590330,0.936657,35.7537,1.0000,1
2,1668,1.250413,0.263697,0.986716,9.9938,1.0000,1
2,1669,1.309360,0.330665,0.978695,5.8906,1.0000,1
2,1670,1.212421,0.228142,0.984279,5.9724,1.0000,1
2,1671,1.089769,0.089890,0.999879,4.1892,1.0000,1
2,1672,1.172073,0.206140,0.965933,6.3853,1.0000,1
2,1673,1.187623,0.202860,0.984764,6.5432,1.0000,1
2,1674,1.543932,0.599541,0.944390,15.9439,1.0000,1
2,1675,1.116623,0.180147,0.936475,9.4122,1.0000,1
2,1676,1.147398,0.176835,0.970563,3.5141,1.0000,1
2,1677,1.203333,0.208400,0.994934,2.3371,1.0000,1
2,1678,1.144745,0.176800,0.967945,9.3223,1.0000,1
2,1679,1.163909,0.202894,0.961015,4.5291,1.0000,1
2,1680,1.233607,0.294680,0.938927,6.5494,1.0000,1
2,1681,1.262574,0.290277,0.972298,3.4513,1.0000,1
2,1682,1.196127,0.216175,0.979952,6.7999,1.0000,1
2,1683,1.391308,0.418519,0.972789,14.4880,1.0000,1
2,1684,1.282762,0.299325,0.983437,16.0411,1.0000,1
2,1685,1.306737,0.349256,0.957481,2.9443,1.0000,1
2,1686,1.551470,0.596856,0.954613,10.0244,1.0000,1
2,1687,1.290642,0.336437,0.954204,4.2678,1.0000,1
2,1688,1.384747,0.430684,0.954063,8.9960,1.0000,1
2,1689,1.305095,0.350397,0.954698,7.6206,1.0000,1
2,1690,1.453052,0.566074,0.886977,20.6405,1.0000,1
2,1691,1.273286,0.295021,0.978264,6.4259,1.0000,1
2,1692,1.086722,0.096078,0.990644,2.3988,1.0000,1
2,1693,1.219473,0.243253,0.976221,4.0971,1.0000,1
2,1694,1.200774,0.214657,0.986117,6.1712,1.0000,1
2,1695,1.046736,0.065014,0.981723,5.9653,1.0000,1
2,1696,1.332184,0.364691,0.967493,6.5272,1.0000,1
2,1697,1.268471,0.287705,0.980766,8.4863,1.0000,1
2,1698,1.326797,0.367042,0.959755,3.1141,1.0000,1
2,1699,1.307976,0.323831,0.984145,4.9469,1.0000,1
2,1700,1.080435,0.089265,0.991171,5.5341,1.0000,1
2,1701,1.291700,0.331250,0.960450,9.4254,1.0000,1
2,1702,1.254069,0.318931,0.935138,7.3073,1.0000,1
2,1703,1.232185,0.253961,0.978224,4.1763,1.0000,1
2,1704,1.318335,0.426343,0.891992,12.5775,1.0000,1
2,1705,1.020881,0.049435,0.971447,4.1040,1.0000,1
2,1706,1.177803,0.244172,0.933631,11.4600,1.0000,1
2,1707,1.184493,0.249195,0.935298,5.4334,1.0000,1
2,1708,1.101775,0.120832,0.980942,3.3688,1.0000,1
2,1709,1.119025,0.129292,0.989733,4.3528,1.0000,1
2,1710,1.045597,0.059301,0.986296,2.9587,1.0000,1
2,1711,1.307102,0.411956,0.895146,15.8385,1.0000,1
2,1712,1.186636,0.277529,0.909107,13.9895,1.0000,1
2,1713,1.099973,0.120932,0.979041,4.4888,1.0000,1
2,1714,1.101246,0.140661,0.960585,2.2814,1.0000,1
2,1715,0.994862,0.135857,0.859005,4.7253,1.0000,1
2,1716,1.166754,0.218150,0.948604,4.1830,1.0000,1
2,1717,1.277960,0.410878,0.867082,34.1370,1.0000,1
2,1718,1.110750,0.217342,0.893409,35.2573,1.0000,1
2,1719,1.267790,0.303959,0.963831,12.5728,1.0000,1
2,1720,1.416151,0.471480,0.944671,18.7981,1.0000,1
2,1721,1.054064,0.081076,0.972989,3.4374,1.0000,1
2,1722,1.159716,0.208386,0.951331,6.5015,1.0000,1
2,1723,1.017726,0.073292,0.944434,3.6555,1.0000,1
2,1724,1.173813,0.185117,0.988696,4.8314,1.0000,1
2,1725,1.163230,0.184305,0.978925,7.1356,1.0000,1
2,1726,1.040199,0.080994,0.959205,5.4781,1.0000,1
2,1727,1.428452,0.450737,0.977716,12.9309,1.0000,1
2,1728,1.312767,0.329769,0.982998,13.6353,1.0000,1
2,1729,1.264848,0.310129,0.954719,41.3258,1.0000,1
2,1730,1.121242,0.142530,0.978712,1.8855,1.0000,1
2,1731,0.995663,0.094883,0.900779,5.0873,1.0000,1
2,1732,1.289195,0.370424,0.918771,8.4125,1.0000,1
2,1733,1.177481,0.241933,0.935548,6.3276,1.0000,1
2,1734,1.026775,0.095485,0.931290,2.6137,1.0000,1
2,1735,1.090178,0.105391,0.984787,2.8047,1.0000,1
2,1736,1.039844,0.040647,0.999197,1.7328,1.0000,1
2,1737,1.478095,0.518095,0.960000,17.1833,1.0000,1
2,1738,1.161749,0.173544,0.988205,5.0321,1.0000,1
2,1739,1.117972,0.134766,0.983206,4.8919,1.0000,1
2,1740,1.054724,0.060605,0.994119,1.5704,1.0000,1
2,1741,1.073215,0.105274,0.967942,7.1294,1.0000,1
2,1742,1.126073,0.133017,0.993055,2.7800,1.0000,1
2,1743,1.212180,0.267557,0.944623,9.0736,1.0000,1
2,1744,1.344028,0.385938,0.958090,12.5306,1.0000,1
2,1745,1.253050,0.310844,0.942206,7.8995,1.0000,1
2,1746,1.189472,0.221635,0.967838,4.8836,1.0000,1
2,1747,1.318697,0.405267,0.913430,5.2536,1.0000,1
2,1748,1.168059,0.184499,0.983560,5.5691,1.0000,1
2,1749,1.067848,0.105388,0.962460,3.6106,1.0000,1
2,1750,1.192861,0.213694,0.979167,12.7437,1.0000,1
2,1751,1.072170,0.072988,0.999182,3.0046,1.0000,1
2,1752,1.141344,0.204553,0.936791,5.4317,1.0000,1
2,1753,1.895711,0.970303,0.925408,45.7597,1.0000,1
2,1754,1.305348,0.360298,0.945050,39.6775,1.0000,1
2,1755,1.479166,0.506736,0.972430,28.6184,1.0000,1
2,1756,1.105194,0.175648,0.929546,10.2265,1.0000,1
2,1757,1.266958,0.272579,0.994378,9.7198,1.0000,1
2,1758,1.252699,0.322362,0.930337,7.1624,1.0000,1
2,1759,1.233093,0.291928,0.941165,9.3097,1.0000,1
2,1760,1.094304,0.149495,0.944809,7.3639,1.0000,1
2,1761,1.292691,0.344385,0.948306,4.8921,1.0000,1
2,1762,1.365918,0.400043,0.965875,10.3754,1.0000,1
2,1763,1.140305,0.200869,0.939436,3.8658,1.0000,1
2,1764,1.146433,0.178075,0.968358,6.7505,1.0000,1
2,1765,1.114655,0.118367,0.996288,1.2521,1.0000,1
2,1766,1.157749,0.163297,0.994452,3.1568,1.0000,1
2,1767,1.353854,0.416320,0.937534,16.1153,1.0000,1
2,1768,1.067325,0.107187,0.960138,3.0906,1.0000,1
2,1769,1.191114,0.217159,0.973956,3.3356,1.0000,1
2,1770,1.129219,0.137021,0.992198,2.4438,1.0000,1
2,1771,1.373820,0.489736,0.884084,13.7107,1.0000,1
2,1772,1.077509,0.092974,0.984535,5.5561,1.0000,1
2,1773,1.119907,0.322715,0.797191,17.4660,1.0000,1
2,1774,1.013267,0.068047,0.945220,3.9967,1.0000,1
2,1775,1.076540,0.102250,0.974290,6.0671,1.0000,1
2,1776,1.150775,0.189076,0.961699,4.5825,1.0000,1
2,1777,1.183526,0.194836,0.988690,2.5432,1.0000,1
2,1778,1.106415,0.238920,0.867495,11.0013,1.0000,1
2,1779,1.348918,0.423300,0.925618,13.2233,1.0000,1
2,1780,1.413649,0.511425,0.902224,24.1818,1.0000,1
2,1781,1.537206,0.614727,0.922478,16.7243,1.0000,1
2,1782,1.113588,0.138082,0.975506,3.3785,1.0000,1
2,1783,1.671013,0.696278,0.974734,9.2074,1.0000,1
2,1784,1.172882,0.208840,0.964043,4.7881,1.0000,1
2,1785,1.338584,0.355780,0.982804,5.2924,1.0000,1
2,1786,1.062892,0.077014,0.985878,3.3290,1.0000,1
2,1787,1.182113,0.289364,0.892750,11.4439,1.0000,1
2,1788,1.463717,0.504267,0.959450,11.3156,1.0000,1
2,1789,1.929992,0.981341,0.948651,24.7468,1.0000,1
2,1790,1.142622,0.177386,0.965236,3.4753,1.0000,1
2,1791,1.110455,0.146243,0.964212,3.9271,1.0000,1
2,1792,1.091586,0.163467,0.928119,8.8217,1.0000,1
2,1793,1.090273,0.104436,0.985837,1.9071,1.0000,1
2,1794,1.527702,0.610463,0.917239,12.1319,1.0000,1
2,1795,1.128968,0.141350,0.987618,3.7243,1.0000,1
2,1796,1.202612,0.215536,0.987076,6.3205,1.0000,1
2,1797,1.226123,0.237124,0.988999,2.7825,1.0000,1
2,1798,1.316351,0.341899,0.974452,7.5819,1.0000,1
2,1799,1.238561,0.272284,0.966277,11.5234,1.0000,1
2,1800,1.233454,0.249108,0.984345,4.5786,1.0000,1
2,1801,1.315840,0.345008,0.970831,5.2687,1.0000,1
2,1802,1.153958,0.168296,0.985662,4.4139,1.0000,1
2,1803,1.137257,0.184776,0.952481,7.6726,1.0000,1
2,1804,1.213995,0.258071,0.955924,2.8510,1.0000,1
2,1805,1.116766,0.205974,0.910792,6.5871,1.0000,1
2,1806,1.259364,0.317487,0.941876,8.4803,1.0000,1
2,1807,1.096538,0.118009,0.978530,3.3738,1.0000,1
2,1808,1.093603,0.145369,0.948234,4.0838,1.0000,1
2,1809,1.187065,0.210312,0.976753,5.1456,1.0000,1
2,1810,1.052662,0.089289,0.963373,4.8314,1.0000,1
2,1811,1.051691,0.077157,0.974534,5.2085,1.0000,1
2,1812,1.316489,0.454297,0.862192,6.6523,1.0000,1
2,1813,1.081571,0.095332,0.986239,2.3274,1.0000,1
2,1814,1.283392,0.341692,0.941700,10.6286,1.0000,1
2,1815,1.641036,0.720469,0.920568,56.3015,1.0000,1
2,1816,1.031354,0.161490,0.869864,4.7442,1.0000,1
2,1817,1.559310,0.696636,0.862674,71.1808,1.0000,1
2,1818,0.983938,0.066110,0.917828,5.9203,1.0000,1
2,1819,1.052961,0.152492,0.900469,7.0029,1.0000,1
2,1820,1.237823,0.376042,0.861781,59.6550,1.0000,1
2,1821,1.461966,0.568659,0.893307,27.4733,1.0000,1
2,1822,1.116159,0.145577,0.970582,14.0976,1.0000,1
2,1823,1.381039,0.505741,0.875298,43.9486,1.0000,1
2,1824,0.991429,0.035631,0.955798,3.2729,1.0000,1
2,1825,1.036395,0.036429,0.999966,2.3518,1.0000,1
2,1826,1.171530,0.239658,0.931872,7.3188,1.0000,1
2,1827,1.087287,0.254087,0.833201,14.3017,1.0000,1
2,1828,1.919359,1.042788,0.876571,49.8708,1.0000,1
2,1829,1.120426,0.226393,0.894033,6.6728,1.0000,1
2,1830,1.305079,0.467096,0.837983,18.3701,1.0000,1
2,1831,1.269745,0.270573,0.999172,4.2065,1.0000,1
2,1832,1.036478,0.076583,0.959894,3.1912,1.0000,1
2,1833,1.116466,0.183513,0.932953,5.9950,1.0000,1
2,1834,1.244442,0.255327,0.989115,19.2814,1.0000,1
2,1835,0.999212,0.059059,0.940153,4.6792,1.0000,1
2,1836,1.332083,0.422224,0.909859,13.2988,1.0000,1
2,1837,0.953891,0.041679,0.912211,9.6345,1.0000,1
2,1838,1.223494,0.406255,0.817239,12.3962,1.0000,1
2,1839,1.352726,0.621796,0.730930,74.6663,1.0000,1
2,1840,1.090309,0.251159,0.839150,15.9723,1.0000,1
2,1841,1.251315,0.321951,0.929364,14.4412,1.0000,1
2,1842,1.076858,0.184528,0.892330,3.7624,1.0000,1
2,1843,1.312372,0.328839,0.983532,9.6979,1.0000,1
2,1844,1.061905,0.128640,0.933265,6.4643,1.0000,1
2,1845,1.164068,0.269744,0.894324,13.3156,1.0000,1
2,1846,1.049938,0.067615,0.982323,1.4385,1.0000,1
2,1847,1.115533,0.121382,0.994151,0.9273,0.9273,0
2,1848,1.060749,0.179590,0.881160,4.3530,1.0000,1
2,1849,1.549879,0.673047,0.876832,29.3223,1.0000,1
2,1850,1.021876,0.148486,0.873390,7.3984,1.0000,1
2,1851,1.091098,0.138429,0.952669,4.1163,1.0000,1
2,1852,1.348737,0.452530,0.896207,17.1520,1.0000,1
2,1853,0.983193,0.087193,0.896000,6.5772,1.0000,1
2,1854,1.411945,0.488703,0.923242,15.4615,1.0000,1
2,1855,1.189136,0.189396,0.999740,3.3435,1.0000,1
2,1856,1.165409,0.326408,0.839000,24.7280,1.0000,1
2,1857,1.129522,0.187568,0.941954,10.8496,1.0000,1
2,1858,1.168108,0.240829,0.927279,6.2729,1.0000,1
2,1859,0.933054,0.130453,0.802601,8.8398,1.0000,1
2,1860,1.011168,0.118278,0.892890,6.3705,1.0000,1
2,1861,0.936639,0.057441,0.879198,12.9538,1.0000,1
2,1862,1.311863,0.514783,0.797080,56.3005,1.0000,1
2,1863,1.291877,0.370761,0.921116,37.1835,1.0000,1
2,1864,0.986008,0.074807,0.911202,12.2050,1.0000,1
2,1865,1.107631,0.121199,0.986432,8.7855,1.0000,1
2,1866,1.737628,0.791510,0.946118,43.6455,1.0000,1
2,1867,1.153793,0.162264,0.991529,7.7114,1.0000,1
2,1868,1.045399,0.063366,0.982033,0.8648,0.8648,0
2,1869,1.244621,0.311958,0.932662,10.4963,1.0000,1
2,1870,1.105080,0.169809,0.935271,6.4201,1.0000,1
2,1871,0.960850,0.046708,0.914142,4.1535,1.0000,1
2,1872,1.503966,0.531728,0.972238,8.9765,1.0000,1
2,1873,1.094614,0.146050,0.948564,17.5981,1.0000,1
2,1874,1.425784,0.483266,0.942518,7.2840,1.0000,1
2,1875,1.242211,0.283791,0.958420,9.2780,1.0000,1
2,1876,0.988725,0.116250,0.872475,6.7081,1.0000,1
2,1877,1.090682,0.174512,0.916170,4.4499,1.0000,1
2,1878,1.117185,0.190334,0.926851,4.9226,1.0000,1
2,1879,1.170037,0.198109,0.971928,6.2310,1.0000,1
2,1880,1.101538,0.160490,0.941048,8.4769,1.0000,1
2,1881,1.201934,0.344682,0.857252,12.5372,1.0000,1
2,1882,1.039612,0.040691,0.998922,1.8775,1.0000,1
2,1883,1.026494,0.222254,0.804240,8.8620,1.0000,1
2,1884,1.030070,0.060941,0.969129,2.5118,1.0000,1
2,1885,1.039289,0.167999,0.871290,10.8383,1.0000,1
2,1886,1.349806,0.351021,0.998785,7.5211,1.0000,1
2,1887,0.944463,0.076514,0.867949,9.0977,1.0000,1
2,1888,0.935360,0.096829,0.838531,8.7821,1.0000,1
2,1889,1.113791,0.333515,0.780276,23.4200,1.0000,1
2,1890,1.032193,0.043847,0.988347,4.9319,1.0000,1
2,1891,1.470435,0.544497,0.925937,52.0179,1.0000,1
2,1892,0.763606,0.123633,0.639973,7.8396,1.0000,1
2,1893,1.067629,0.434981,0.632647,10.8813,1.0000,1
2,1894,1.059639,0.396781,0.662858,18.6066,1.0000,1
2,1895,0.953468,0.052643,0.900825,4.6117,1.0000,1
2,1896,0.799058,0.092307,0.706751,16.1231,1.0000,1
2,1897,2.573786,1.737589,0.836197,114.8140,1.0000,1
2,1898,0.432069,0.002094,0.429974,20.1126,1.0000,1
2,1899,0.961856,0.146466,0.815390,16.4744,1.0000,1
2,1900,1.128015,0.132215,0.995800,4.7552,1.0000,1
2,1901,3.535285,2.682544,0.852740,172.7717,1.0000,1
2,1902,2.582176,1.583057,0.999119,28.1250,1.0000,1
2,1903,6.900235,5.901804,0.998431,166.1541,1.0000,1
2,1904,1.624847,0.920772,0.704074,63.0148,1.0000,1
2,1905,0.982783,0.141644,0.841140,13.6633,1.0000,1
2,1906,0.999965,0.033809,0.966156,2.9488,1.0000,1
2,1907,1.689970,0.807239,0.882731,27.6864,1.0000,1
2,1908,2.027279,1.327417,0.699862,39.5616,1.0000,1
2,1909,0.906134,0.108019,0.798115,14.1498,1.0000,1
2,1910,0.957654,0.151428,0.806226,10.0613,1.0000,1
2,1911,1.052882,0.160902,0.891980,7.0957,1.0000,1
2,1912,1.317330,0.573743,0.743588,13.7089,1.0000,1
2,1913,1.070065,0.210524,0.859541,5.6501,1.0000,1
2,1914,1.035262,0.261782,0.773480,10.3154,1.0000,1
2,1915,1.045879,0.401799,0.644080,52.5936,1.0000,1
2,1916,1.065268,0.081692,0.983576,5.9514,1.0000,1
2,1917,2.448138,1.769384,0.678755,177.6605,1.0000,1
2,1918,1.060974,0.074934,0.986039,3.9655,1.0000,1
2,1919,0.936302,0.143686,0.792616,6.9590,1.0000,1
2,1920,0.995319,0.118273,0.877046,12.2061,1.0000,1
2,1921,1.369887,0.461319,0.908569,46.1724,1.0000,1
2,1922,1.330127,0.388373,0.941754,6.6835,1.0000,1
2,1923,1.451299,0.543523,0.907776,12.4484,1.0000,1
2,1924,1.039582,0.197277,0.842305,7.5225,1.0000,1
2,1925,1.051329,0.121878,0.929451,5.7919,1.0000,1
2,1926,1.156740,0.213598,0.943142,6.4344,1.0000,1
2,1927,1.273996,0.288751,0.985244,5.2516,1.0000,1
2,1928,1.133584,0.202866,0.930718,8.9941,1.0000,1
2,1929,1.064437,0.077783,0.986654,1.2353,1.0000,1
2,1930,1.020457,0.235138,0.785319,6.1005,1.0000,1
2,1931,1.074672,0.157196,0.917476,4.8836,1.0000,1
2,1932,1.022961,0.077531,0.945429,3.4121,1.0000,1
2,1933,1.165304,0.176746,0.988559,7.9792,1.0000,1
2,1934,1.011675,0.085192,0.926483,3.7260,1.0000,1
2,1935,1.271491,0.374621,0.896870,40.2790,1.0000,1
2,1936,1.964975,1.179049,0.785925,86.9945,1.0000,1
2,1937,1.158835,0.286967,0.871867,12.5265,1.0000,1
2,1938,1.203138,0.439461,0.763677,20.8840,1.0000,1
2,1939,1.323769,0.440853,0.882916,17.0400,1.0000,1
2,1940,1.229940,0.287891,0.942049,14.9828,1.0000,1
2,1941,1.098190,0.183018,0.915173,5.8514,1.0000,1
2,1942,1.195227,0.227469,0.967758,8.2252,1.0000,1
2,1943,1.116809,0.194568,0.922241,3.7916,1.0000,1
2,1944,1.328205,0.383639,0.944565,7.5899,1.0000,1
2,1945,1.096164,0.133944,0.962221,3.0433,1.0000,1
2,1946,1.421596,0.455307,0.966288,11.1053,1.0000,1
2,1947,0.958589,0.095783,0.862806,7.5991,1.0000,1
2,1948,1.308664,0.344946,0.963718,9.0366,1.0000,1
2,1949,0.990126,0.110180,0.879945,4.5410,1.0000,1
2,1950,1.250322,0.284317,0.966005,10.3614,1.0000,1
2,1951,1.355255,0.416034,0.939220,12.8138,1.0000,1
2,1952,1.758771,0.954114,0.804657,23.9225,1.0000,1
2,1953,1.010489,0.105893,0.904596,15.3317,1.0000,1
2,1954,1.057232,0.109043,0.948189,3.8834,1.0000,1
2,1955,1.264273,0.372554,0.891718,22.0021,1.0000,1
2,1956,1.202807,0.231953,0.970854,5.4118,1.0000,1
2,1957,1.119406,0.145742,0.973665,2.6137,1.0000,1
2,1958,1.287008,0.337016,0.949992,7.5147,1.0000,1
2,1959,1.166933,0.243363,0.923571,4.5808,1.0000,1
2,1960,1.078784,0.103854,0.974929,4.6266,1.0000,1
2,1961,1.039656,0.066040,0.973616,3.5762,1.0000,1
2,1962,1.090436,0.143199,0.947236,9.4137,1.0000,1
2,1963,1.142228,0.194933,0.947294,5.3117,1.0000,1
2,1964,1.018403,0.083337,0.935066,4.7549,1.0000,1
2,1965,1.061808,0.185614,0.876194,10.2927,1.0000,1
2,1966,1.349326,0.554583,0.794743,52.6700,1.0000,1
2,1967,1.241197,0.444673,0.796525,17.0175,1.0000,1
2,1968,1.227343,0.253174,0.974169,10.9208,1.0000,1
2,1969,1.153877,0.341559,0.812317,12.3345,1.0000,1
2,1970,1.420925,0.570761,0.850164,32.0664,1.0000,1
2,1971,1.159393,0.238754,0.920639,7.0499,1.0000,1
2,1972,0.995238,0.023262,0.971976,2.3929,1.0000,1
2,1973,0.975820,0.049427,0.926393,3.9508,1.0000,1
2,1974,1.266704,0.267328,0.999376,6.7330,1.0000,1
2,1975,1.338637,0.379846,0.958791,35.2574,1.0000,1
2,1976,1.177803,0.405606,0.772197,6.6884,1.0000,1
2,1977,1.079154,0.290963,0.788191,8.1531,1.0000,1
2,1978,1.139149,0.413851,0.725298,8.8314,1.0000,1
2,1979,1.247890,0.324260,0.923630,16.6167,1.0000,1
2,1980,1.125013,0.299009,0.826004,10.1618,1.0000,1
2,1981,2.079799,1.140472,0.939327,23.6446,1.0000,1
2,1982,1.040079,0.101603,0.938476,2.4792,1.0000,1
2,1983,1.213852,0.285683,0.928169,6.9538,1.0000,1
2,1984,1.235102,0.375116,0.859986,25.7574,1.0000,1
2,1985,1.215294,0.284795,0.930498,12.6560,1.0000,1
2,1986,1.065918,0.097458,0.968460,7.7997,1.0000,1
2,1987,1.090801,0.098346,0.992455,2.6168,1.0000,1
2,1988,1.566086,0.677684,0.888402,15.8233,1.0000,1
2,1989,1.107085,0.121865,0.985221,2.6948,1.0000,1
2,1990,1.273855,0.297514,0.976341,6.0526,1.0000,1
2,1991,0.995681,0.157792,0.837889,9.9664,1.0000,1
2,1992,1.305601,0.414429,0.891172,6.1009,1.0000,1
2,1993,1.047498,0.075919,0.971579,4.9231,1.0000,1
2,1994,1.182788,0.196593,0.986195,2.3921,1.0000,1
2,1995,1.129301,0.220908,0.908392,6.4658,1.0000,1
2,1996,1.345985,0.452495,0.893490,15.2199,1.0000,1
2,1997,1.185819,0.206427,0.979392,8.2564,1.0000,1
2,1998,1.015538,0.066616,0.948922,8.1000,1.0000,1
2,1999,1.311421,0.326708,0.984712,13.4277,1.0000,1
2,2000,1.182878,0.267787,0.915091,4.5301,1.0000,1
2,2001,1.075216,0.098530,0.976686,4.2635,1.0000,1
2,2002,1.184205,0.270162,0.914043,3.6381,1.0000,1
2,2003,1.047130,0.093983,0.953148,4.4943,1.0000,1
2,2004,1.123957,0.249916,0.874041,7.1763,1.0000,1
2,2005,0.991254,0.050939,0.940315,4.9220,1.0000,1
2,2006,0.982486,0.163680,0.818806,9.6602,1.0000,1
2,2007,1.241648,0.316171,0.925477,29.8023,1.0000,1
2,2008,0.928276,0.211287,0.716988,7.0991,1.0000,1
2,2009,2.092689,1.153453,0.939236,47.5426,1.0000,1
2,2010,1.116129,0.184233,0.931896,19.2653,1.0000,1
2,2011,1.065695,0.088377,0.977317,3.6551,1.0000,1
2,2012,1.047700,0.203395,0.844305,12.1435,1.0000,1
2,2013,1.238553,0.451746,0.786807,16.5460,1.0000,1
2,2014,1.061719,0.124265,0.937454,9.2769,1.0000,1
2,2015,1.287725,0.366599,0.921126,7.1951,1.0000,1
2,2016,1.310873,0.436618,0.874255,61.3971,1.0000,1
2,2017,1.324813,0.367448,0.957364,8.5014,1.0000,1
2,2018,1.003496,0.158514,0.844982,6.0004,1.0000,1
2,2019,1.105321,0.187811,0.917509,11.0267,1.0000,1
2,2020,1.361274,0.457127,0.904147,15.0041,1.0000,1
2,2021,1.315175,0.492710,0.822465,21.0681,1.0000,1
2,2022,1.206677,0.285825,0.920852,8.9158,1.0000,1
2,2023,1.211893,0.276194,0.935699,6.8061,1.0000,1
2,2024,1.262196,0.280608,0.981588,5.8463,1.0000,1
2,2025,1.180965,0.218925,0.962040,4.2556,1.0000,1
2,2026,1.121450,0.138151,0.983299,2.8860,1.0000,1
2,2027,1.557441,0.618843,0.938598,14.7375,1.0000,1
2,2028,1.127805,0.181858,0.945948,6.2694,1.0000,1
2,2029,1.155354,0.183796,0.971557,7.4178,1.0000,1
2,2030,1.250929,0.275908,0.975021,4.3731,1.0000,1
2,2031,1.181138,0.204682,0.976456,4.6216,1.0000,1
2,2032,1.046015,0.106045,0.939970,5.4511,1.0000,1
2,2033,1.674580,0.891556,0.783024,31.9497,1.0000,1
2,2034,1.140193,0.170747,0.969446,7.0770,1.0000,1
2,2035,1.252668,0.401269,0.851398,13.7381,1.0000,1
2,2036,1.074249,0.115321,0.958928,2.3990,1.0000,1
2,2037,1.265037,0.288773,0.976264,7.0163,1.0000,1
2,2038,0.987605,0.027188,0.960417,3.0070,1.0000,1
2,2039,1.310442,0.395259,0.915182,12.4106,1.0000,1
2,2040,1.188800,0.317474,0.871326,16.5257,1.0000,1
2,2041,1.114718,0.187398,0.927320,6.3146,1.0000,1
2,2042,1.177236,0.209988,0.967247,6.0847,1.0000,1
2,2043,1.053607,0.150229,0.903378,8.1485,1.0000,1
2,2044,0.895983,0.069893,0.826090,8.9141,1.0000,1
2,2045,1.268511,0.312685,0.955825,11.8037,1.0000,1
2,2046,1.012180,0.173295,0.838885,9.3650,1.0000,1
2,2047,1.047183,0.052063,0.995120,1.5129,1.0000,1
2,2048,1.092671,0.137488,0.955183,11.8699,1.0000,1
2,2049,0.996275,0.195988,0.800287,6.6047,1.0000,1
2,2050,1.265428,0.490288,0.775139,21.4877,1.0000,1
2,2051,0.898716,0.050156,0.848560,10.0043,1.0000,1
2,2052,1.181162,0.434794,0.746368,20.6431,1.0000,1
2,2053,1.103767,0.274261,0.829506,10.1899,1.0000,1
2,2054,1.176823,0.209112,0.967711,7.7040,1.0000,1
2,2055,0.982975,0.311060,0.671915,13.5957,1.0000,1
2,2056,1.019092,0.125510,0.893583,7.0226,1.0000,1
2,2057,1.028539,0.053555,0.974985,2.6492,1.0000,1
2,2058,1.019096,0.111360,0.907736,8.5453,1.0000,1
2,2059,1.166411,0.262966,0.903445,14.0275,1.0000,1
2,2060,1.052909,0.094086,0.958823,4.3657,1.0000,1
2,2061,1.211436,0.301588,0.909848,12.1749,1.0000,1
2,2062,1.060759,0.155979,0.904780,14.0544,1.0000,1
2,2063,1.201399,0.388099,0.813300,7.0779,1.0000,1
2,2064,0.874976,0.170821,0.704154,14.8197,1.0000,1
2,2065,1.025479,0.199290,0.826189,11.7441,1.0000,1
2,2066,0.862090,0.006950,0.855140,9.6530,1.0000,1
2,2067,1.120690,0.260681,0.860009,11.1759,1.0000,1
2,2068,1.950578,1.219339,0.731238,34.9820,1.0000,1
2,2069,1.184778,0.186926,0.997852,8.6676,1.0000,1
2,2070,1.340782,0.516726,0.824056,26.0285,1.0000,1
2,2071,1.010201,0.057226,0.952975,2.5200,1.0000,1
2,2072,1.038878,0.167561,0.871317,4.8604,1.0000,1
2,2073,1.070278,0.204311,0.865967,17.7874,1.0000,1
2,2074,0.944623,0.023384,0.921239,4.5401,1.0000,1
2,2075,0.678719,0.102682,0.576038,19.7120,1.0000,1
2,2076,1.148222,0.451951,0.696271,24.4750,1.0000,1
2,2077,1.222536,0.307297,0.915238,12.3470,1.0000,1
2,2078,0.907053,0.042891,0.864162,8.0436,1.0000,1
2,2079,1.429615,0.470495,0.959121,24.2093,1.0000,1
2,2080,1.120981,0.470269,0.650712,38.5584,1.0000,1
2,2081,1.707787,1.118346,0.589441,97.7525,1.0000,1
2,2082,0.845734,0.081980,0.763754,9.0681,1.0000,1
2,2083,1.075195,0.395552,0.679643,9.3883,1.0000,1
2,2084,1.178286,0.553317,0.624969,22.9775,1.0000,1
2,2085,1.496694,0.649167,0.847528,33.8647,1.0000,1
2,2086,1.284410,0.535492,0.748918,15.4662,1.0000,1
2,2087,1.304584,0.675781,0.628803,32.1393,1.0000,1
2,2088,1.063128,0.153059,0.910070,6.0064,1.0000,1
2,2089,0.945008,0.039241,0.905767,5.8200,1.0000,1
2,2090,0.756612,0.126398,0.630213,8.7831,1.0000,1
2,2091,0.970213,0.178941,0.791273,35.6436,1.0000,1
2,2092,0.759482,0.020401,0.739082,18.4761,1.0000,1
2,2093,1.043415,0.179750,0.863665,8.8074,1.0000,1
2,2094,0.974764,0.242361,0.732403,16.3806,1.0000,1
2,2095,2.000264,1.141180,0.859084,73.6798,1.0000,1
2,2096,1.397518,0.679329,0.718188,19.8642,1.0000,1
2,2097,0.923101,0.109182,0.813919,5.4668,1.0000,1
2,2098,1.095384,0.122196,0.973188,3.8790,1.0000,1
2,2099,1.164666,0.418796,0.745870,9.0048,1.0000,1
2,2100,1.122524,0.235209,0.887315,10.1427,1.0000,1
2,2101,1.010737,0.037400,0.973337,2.8768,1.0000,1
2,2102,1.177647,0.237618,0.940029,8.8165,1.0000,1
2,2103,1.086715,0.220203,0.866512,9.4464,1.0000,1
2,2104,1.081103,0.254644,0.826459,12.3563,1.0000,1
2,2105,1.352295,0.376482,0.975813,11.1702,1.0000,1
2,2106,1.179434,0.234444,0.944990,15.1856,1.0000,1
2,2107,1.015793,0.064699,0.951094,4.5401,1.0000,1
2,2108,1.091685,0.134021,0.957664,10.3557,1.0000,1
2,2109,1.232651,0.338153,0.894498,7.3850,1.0000,1
2,2110,1.025506,0.034593,0.990913,1.5038,1.0000,1
2,2111,1.010053,0.113534,0.896519,6.5080,1.0000,1
2,2112,0.868815,0.048947,0.819868,11.5664,1.0000,1
2,2113,2.112006,1.372802,0.739204,86.2503,1.0000,1
2,2114,1.503530,0.608236,0.895294,37.2935,1.0000,1
2,2115,1.420757,0.450563,0.970194,23.9442,1.0000,1
2,2116,2.547593,1.647112,0.900482,99.9265,1.0000,1
2,2117,1.039102,0.132566,0.906536,8.3745,1.0000,1
2,2118,1.048601,0.135419,0.913182,6.0488,1.0000,1
2,2119,0.859016,0.057226,0.801790,11.2331,1.0000,1
2,2120,1.533875,0.755030,0.778845,33.9911,1.0000,1
2,2121,1.341647,0.445836,0.895811,15.0166,1.0000,1
2,2122,1.013471,0.015979,0.997493,0.8507,0.8507,0
2,2123,0.990398,0.037757,0.952641,5.5184,1.0000,1
2,2124,1.027681,0.173692,0.853990,7.9856,1.0000,1
2,2125,0.926644,0.034625,0.892020,7.5701,1.0000,1
2,2126,1.135038,0.300929,0.834108,9.4784,1.0000,1
2,2127,1.022645,0.072117,0.950528,12.8559,1.0000,1
2,2128,1.126444,0.320252,0.806193,19.4483,1.0000,1
2,2129,1.001668,0.188695,0.812973,6.5192,1.0000,1
2,2130,1.022675,0.283055,0.739620,11.9332,1.0000,1
2,2131,1.111943,0.339345,0.772597,10.4120,1.0000,1
2,2132,1.028115,0.408090,0.620026,8.2578,1.0000,1
2,2133,1.065229,0.290555,0.774674,10.7445,1.0000,1
2,2134,0.720778,0.052184,0.668594,11.8061,1.0000,1
2,2135,0.898254,0.133341,0.764913,6.4834,1.0000,1
2,2136,1.102211,0.467584,0.634627,11.2150,1.0000,1
2,2137,1.624096,0.761726,0.862370,82.2336,1.0000,1
2,2138,1.316052,0.601163,0.714888,20.2733,1.0000,1
2,2139,1.062583,0.313547,0.749036,13.3680,1.0000,1
2,2140,1.139229,0.442229,0.697000,31.5260,1.0000,1
2,2141,1.805960,0.973536,0.832423,49.8661,1.0000,1
2,2142,0.815338,0.126214,0.689124,10.3289,1.0000,1
2,2143,1.180808,0.365896,0.814912,7.5527,1.0000,1
2,2144,0.960527,0.118445,0.842082,23.5501,1.0000,1
2,2145,0.954854,0.051775,0.903080,14.8897,1.0000,1
2,2146,1.313130,0.480771,0.832360,8.4563,1.0000,1
2,2147,1.189600,0.349010,0.840590,9.1323,1.0000,1
2,2148,1.157352,0.211783,0.945570,4.5404,1.0000,1
2,2149,0.912985,0.120096,0.792889,13.4270,1.0000,1
2,2150,1.605568,0.682008,0.923560,12.5008,1.0000,1
2,2151,1.177540,0.224168,0.953372,18.2267,1.0000,1
2,2152,1.219260,0.274310,0.944950,10.6075,1.0000,1
2,2153,1.020656,0.069728,0.950928,3.4303,1.0000,1
2,2154,1.034028,0.063120,0.970908,3.5693,1.0000,1
2,2155,1.008184,0.048143,0.960042,3.5786,1.0000,1
2,2156,0.990475,0.160824,0.829651,12.2340,1.0000,1
2,2157,0.993972,0.125902,0.868071,6.6415,1.0000,1
2,2158,1.153507,0.262864,0.890643,8.6272,1.0000,1
2,2159,1.176901,0.385896,0.791006,8.3450,1.0000,1
2,2160,1.068113,0.190181,0.877932,13.4609,1.0000,1
2,2161,1.128583,0.243925,0.884658,5.7519,1.0000,1
2,2162,0.900443,0.143388,0.757055,12.7865,1.0000,1
2,2163,1.092421,0.467648,0.624772,27.3683,1.0000,1
2,2164,1.036162,0.155205,0.880957,4.7993,1.0000,1
2,2165,1.638381,0.670732,0.967649,17.6042,1.0000,1
2,2166,1.235092,0.484814,0.750278,22.8897,1.0000,1
2,2167,1.063449,0.194042,0.869408,8.2426,1.0000,1
2,2168,1.251238,0.397508,0.853730,8.9324,1.0000,1
2,2169,1.042814,0.160219,0.882595,5.0460,1.0000,1
2,2170,1.327736,0.564093,0.763643,22.5877,1.0000,1
2,2171,0.915304,0.132946,0.782358,9.7520,1.0000,1
2,2172,1.025944,0.082624,0.943319,4.7397,1.0000,1
2,2173,1.033155,0.328722,0.704433,30.8127,1.0000,1
2,2174,1.315701,0.528331,0.787369,33.4096,1.0000,1
2,2175,1.059276,0.231450,0.827826,8.3444,1.0000,1
2,2176,1.992328,1.050022,0.942306,65.6308,1.0000,1
2,2177,1.027815,0.247268,0.780547,4.0246,1.0000,1
2,2178,0.837604,0.222569,0.615035,7.2475,1.0000,1
2,2179,0.810130,0.186619,0.623511,20.8603,1.0000,1
2,2180,1.456657,0.747045,0.709612,16.4527,1.0000,1
2,2181,1.224871,0.374876,0.849994,12.2558,1.0000,1
2,2182,1.111373,0.301905,0.809467,36.1091,1.0000,1
2,2183,1.305954,0.540658,0.765296,44.0867,1.0000,1
2,2184,1.373600,0.588636,0.784964,19.3853,1.0000,1
2,2185,1.079851,0.143096,0.936755,4.2989,1.0000,1
2,2186,1.191533,0.314501,0.877032,7.4117,1.0000,1
2,2187,1.320274,0.412029,0.908246,16.1273,1.0000,1
2,2188,1.144105,0.195957,0.948148,7.3624,1.0000,1
2,2189,1.117904,0.130020,0.987884,4.6925,1.0000,1
2,2190,0.982089,0.220977,0.761113,13.5267,1.0000,1
2,2191,1.221230,0.373154,0.848076,30.8822,1.0000,1
2,2192,1.140817,0.198516,0.942301,5.4377,1.0000,1
2,2193,1.139256,0.237798,0.901458,5.0426,1.0000,1
2,2194,1.321133,0.371949,0.949184,15.1752,1.0000,1
2,2195,1.278890,0.371057,0.907833,5.7006,1.0000,1
2,2196,1.072572,0.234452,0.838120,14.8534,1.0000,1
2,2197,1.402081,0.508020,0.894062,21.9901,1.0000,1
2,2198,1.122867,0.169064,0.953803,5.1987,1.0000,1
2,2199,1.102015,0.186885,0.915131,8.2827,1.0000,1
2,2200,1.069534,0.161298,0.908236,7.7680,1.0000,1
2,2201,1.084103,0.143302,0.940801,17.0349,1.0000,1
2,2202,1.088920,0.189402,0.899518,5.7124,1.0000,1
2,2203,1.021488,0.062034,0.959454,4.4392,1.0000,1
2,2204,1.037374,0.079560,0.957813,4.9674,1.0000,1
2,2205,1.183674,0.260388,0.923286,10.2429,1.0000,1
2,2206,0.829333,0.072556,0.756778,14.3890,1.0000,1
2,2207,0.643670,0.201741,0.441930,34.7013,1.0000,1
2,2208,1.170710,0.272397,0.898313,32.6852,1.0000,1
2,2209,1.697538,0.718334,0.979204,31.2231,1.0000,1
2,2210,2.152113,1.155890,0.996223,35.9072,1.0000,1
2,2211,1.416318,0.577297,0.839021,42.6363,1.0000,1
2,2212,1.389787,0.402884,0.986903,11.7676,1.0000,1
2,2213,1.157779,0.262805,0.894973,16.2569,1.0000,1
2,2214,0.944946,0.044492,0.900453,6.2228,1.0000,1
2,2215,1.062557,0.265083,0.797475,5.5010,1.0000,1
2,2216,1.129048,0.245099,0.883949,23.1885,1.0000,1
2,2217,1.156852,0.406898,0.749954,10.5192,1.0000,1
2,2218,0.892988,0.148062,0.744926,7.6246,1.0000,1
2,2219,1.117699,0.241547,0.876151,8.2077,1.0000,1
2,2220,0.806379,0.015939,0.790440,11.7991,1.0000,1
2,2221,1.059169,0.061403,0.997766,1.1554,1.0000,1
2,2222,1.165385,0.224352,0.941032,23.8664,1.0000,1
2,2223,1.009091,0.009211,0.999880,0.9205,0.9205,0
2,2224,0.959481,0.147961,0.811520,6.6874,1.0000,1
2,2225,0.806376,0.170547,0.635829,10.5824,1.0000,1
2,2226,1.406552,0.784863,0.621689,137.4097,1.0000,1
2,2227,1.422369,0.678669,0.743700,64.7345,1.0000,1
2,2228,0.879057,0.238454,0.640603,19.8831,1.0000,1
2,2229,1.082467,0.093967,0.988499,5.5657,1.0000,1
2,2230,1.029964,0.094747,0.935217,5.5344,1.0000,1
2,2231,1.102926,0.194902,0.908024,7.0771,1.0000,1
2,2232,1.021752,0.271697,0.750055,7.3813,1.0000,1
2,2233,1.212832,0.422961,0.789871,10.9385,1.0000,1
2,2234,0.853417,0.084281,0.769136,11.6466,1.0000,1
2,2235,1.114783,0.199884,0.914899,43.7595,1.0000,1
2,2236,1.144387,0.534101,0.610286,30.3568,1.0000,1
2,2237,1.067729,0.342975,0.724754,24.6238,1.0000,1
2,2238,1.104016,0.177373,0.926643,3.0790,1.0000,1
2,2239,1.389097,0.611562,0.777535,13.5368,1.0000,1
2,2240,1.113913,0.362731,0.751182,16.9367,1.0000,1
2,2241,0.763205,0.107110,0.656096,10.4512,1.0000,1
2,2242,1.515558,0.739920,0.775638,18.0675,1.0000,1
2,2243,1.066769,0.067204,0.999565,2.3986,1.0000,1
2,2244,1.023144,0.291790,0.731354,22.6317,1.0000,1
2,2245,1.283045,0.451842,0.831203,7.1255,1.0000,1
2,2246,1.098188,0.268826,0.829362,5.8918,1.0000,1
2,2247,0.992741,0.128295,0.864446,7.1150,1.0000,1
2,2248,1.086107,0.229267,0.856839,9.3379,1.0000,1
2,2249,1.164954,0.246509,0.918445,15.9338,1.0000,1
2,2250,0.994495,0.081135,0.913360,10.9313,1.0000,1
2,2251,1.017877,0.029376,0.988501,2.0078,1.0000,1
2,2252,0.901904,0.047438,0.854466,12.2224,1.0000,1
2,2253,0.985982,0.093012,0.892970,9.3370,1.0000,1
2,2254,1.121473,0.167714,0.953759,3.6192,1.0000,1
2,2255,1.118391,0.535735,0.582656,14.3845,1.0000,1
2,2256,1.334632,0.596290,0.738342,47.8381,1.0000,1
2,2257,1.335477,0.515052,0.820425,62.0017,1.0000,1
2,2258,0.880775,0.099785,0.780990,9.1909,1.0000,1
2,2259,0.675288,0.106890,0.568398,12.1354,1.0000,1
2,2260,0.886392,0.075004,0.811388,11.1914,1.0000,1
2,2261,1.308982,0.324332,0.984650,27.4425,1.0000,1
2,2262,0.841113,0.043460,0.797653,9.7531,1.0000,1
2,2263,1.408760,0.791021,0.617739,62.0945,1.0000,1
2,2264,1.098647,0.180445,0.918202,12.5971,1.0000,1
2,2265,1.688943,1.062340,0.626603,66.7396,1.0000,1
2,2266,1.690652,1.073003,0.617649,89.5497,1.0000,1
2,2267,1.221323,0.610313,0.611010,25.9844,1.0000,1
2,2268,0.937652,0.108547,0.829105,15.5378,1.0000,1
2,2269,1.136056,0.260530,0.875527,13.2490,1.0000,1
2,2270,0.805272,0.058345,0.746926,12.6382,1.0000,1
2,2271,1.039920,0.214993,0.824927,11.2206,1.0000,1
2,2272,1.241011,0.245238,0.995773,10.3971,1.0000,1
2,2273,1.032632,0.123747,0.908885,15.5610,1.0000,1
2,2274,0.985502,0.326996,0.658506,12.6344,1.0000,1
2,2275,0.970662,0.065142,0.905520,4.4925,1.0000,1
2,2276,1.004269,0.173168,0.831101,39.8737,1.0000,1
2,2277,1.452370,0.534547,0.917823,36.9094,1.0000,1
2,2278,0.761019,0.114567,0.646451,10.5741,1.0000,1
2,2279,1.314767,0.509880,0.804887,17.4539,1.0000,1
2,2280,1.465981,0.873387,0.592594,35.9111,1.0000,1
2,2281,0.854933,0.101596,0.753337,8.1611,1.0000,1
2,2282,1.649775,0.885051,0.764724,22.7263,1.0000,1
2,2283,0.983776,0.228900,0.754876,8.2744,1.0000,1
2,2284,0.998757,0.162111,0.836646,7.2289,1.0000,1
2,2285,0.999487,0.112707,0.886781,5.1802,1.0000,1
2,2286,0.842250,0.168034,0.674217,27.1943,1.0000,1
2,2287,1.154455,0.590375,0.564081,20.5759,1.0000,1
2,2288,1.060367,0.393877,0.666490,29.8993,1.0000,1
2,2289,1.020607,0.391310,0.629298,32.6866,1.0000,1
2,2290,1.064251,0.430142,0.634109,36.5431,1.0000,1
2,2291,0.873571,0.103786,0.769785,10.7817,1.0000,1
2,2292,0.798537,0.281050,0.517487,17.4602,1.0000,1
2,2293,0.977794,0.021066,0.956728,2.7109,1.0000,1
2,2294,0.977627,0.029247,0.948380,3.2425,1.0000,1
2,2295,1.016942,0.058324,0.958618,7.9679,1.0000,1
2,2296,0.906258,0.082726,0.823533,7.2640,1.0000,1
2,2297,1.680822,0.917124,0.763698,31.0928,1.0000,1
2,2298,1.141517,0.446120,0.695397,31.6515,1.0000,1
2,2299,2.127051,1.271979,0.855072,35.6719,1.0000,1
2,2300,1.075150,0.076572,0.998578,1.5007,1.0000,1
2,2301,0.656716,0.013650,0.643066,25.0442,1.0000,1
2,2302,1.125861,0.389953,0.735908,9.7269,1.0000,1
2,2303,0.785141,0.061186,0.723955,7.8353,1.0000,1
2,2304,1.032782,0.286000,0.746782,38.8207,1.0000,1
2,2305,0.905309,0.079235,0.826075,26.2664,1.0000,1
2,2306,1.230265,0.684481,0.545784,50.8057,1.0000,1
2,2307,1.645299,0.658432,0.986867,17.0293,1.0000,1
2,2308,1.350186,0.531488,0.818698,76.0911,1.0000,1
2,2309,1.735400,0.993605,0.741795,94.4780,1.0000,1
2,2310,0.990600,0.202487,0.788113,25.9517,1.0000,1
2,2311,1.179347,0.290484,0.888863,6.3303,1.0000,1
2,2312,1.234923,0.599074,0.635849,21.1341,1.0000,1
2,2313,1.163581,0.337830,0.825751,8.6824,1.0000,1
2,2314,1.313509,0.456789,0.856720,12.7113,1.0000,1
2,2315,0.983046,0.034901,0.948145,3.6307,1.0000,1
2,2316,1.096754,0.239947,0.856807,6.3223,1.0000,1
2,2317,0.967480,0.114170,0.853310,6.3668,1.0000,1
2,2318,1.185616,0.230272,0.955344,16.3669,1.0000,1
2,2319,1.037807,0.107208,0.930599,2.9739,1.0000,1
2,2320,1.095889,0.247439,0.848451,9.6842,1.0000,1
2,2321,0.930165,0.143141,0.787024,11.4485,1.0000,1
2,2322,0.896852,0.106413,0.790439,7.6380,1.0000,1
2,2323,0.930058,0.059164,0.870894,9.2583,1.0000,1
2,2324,0.990687,0.186171,0.804516,5.0813,1.0000,1
2,2325,1.001602,0.201883,0.799719,14.9950,1.0000,1
2,2326,0.877765,0.218981,0.658784,20.4224,1.0000,1
2,2327,1.222223,0.269877,0.952346,15.9045,1.0000,1
2,2328,0.761418,0.200600,0.560818,8.5880,1.0000,1
2,2329,1.049937,0.485915,0.564021,22.0794,1.0000,1
2,2330,1.162531,0.501669,0.660862,11.3961,1.0000,1
2,2331,1.571363,0.597507,0.973856,21.2278,1.0000,1
2,2332,0.941545,0.476938,0.464607,8.0986,1.0000,1
2,2333,1.190642,0.558720,0.631922,29.0972,1.0000,1
2,2334,1.286277,0.554192,0.732085,13.2608,1.0000,1
2,2335,0.896809,0.167491,0.729317,6.6873,1.0000,1
2,2336,2.340116,1.714651,0.625465,79.6546,1.0000,1
2,2337,0.725206,0.069002,0.656204,10.6774,1.0000,1
2,2338,0.742583,0.146183,0.596400,20.5475,1.0000,1
2,2339,1.091930,0.196215,0.895715,3.9436,1.0000,1
2,2340,1.182740,0.192235,0.990505,6.0972,1.0000,1
2,2341,1.507384,0.750499,0.756885,20.0167,1.0000,1
2,2342,1.398005,0.718481,0.679525,20.2938,1.0000,1
2,2343,1.077095,0.407129,0.669966,11.0064,1.0000,1
2,2344,1.141521,0.203125,0.938396,15.7901,1.0000,1
2,2345,0.991299,0.044128,0.947171,3.5136,1.0000,1
2,2346,0.922517,0.130563,0.791954,20.3213,1.0000,1
2,2347,1.382756,0.525535,0.857220,21.2218,1.0000,1
2,2348,1.391619,0.538722,0.852897,28.3967,1.0000,1
2,2349,0.982329,0.149329,0.833000,11.0790,1.0000,1
2,2350,1.167556,0.325605,0.841951,12.1011,1.0000,1
2,2351,0.970836,0.042058,0.928778,6.0663,1.0000,1
2,2352,1.118219,0.286805,0.831414,18.8589,1.0000,1
2,2353,1.012477,0.089249,0.923229,4.4301,1.0000,1
2,2354,0.960437,0.253258,0.707179,7.2103,1.0000,1
2,2355,1.028354,0.063058,0.965296,2.7821,1.0000,1
2,2356,0.969044,0.157957,0.811087,6.2293,1.0000,1
2,2357,0.840865,0.090371,0.750494,10.0462,1.0000,1
2,2358,0.769571,0.190019,0.579552,51.0164,1.0000,1
2,2359,2.241941,1.516224,0.725718,90.7781,1.0000,1
2,2360,1.495555,0.846193,0.649362,75.3762,1.0000,1
2,2361,4.001743,3.249831,0.751911,191.7571,1.0000,1
2,2362,1.650947,0.764135,0.886812,89.4256,1.0000,1
2,2363,1.548588,0.914172,0.634416,52.4829,1.0000,1
2,2364,0.918154,0.276232,0.641922,30.5096,1.0000,1
2,2365,1.007568,0.343076,0.664492,9.7239,1.0000,1
2,2366,0.772404,0.169869,0.602535,12.4531,1.0000,1
2,2367,0.821707,0.059995,0.761712,19.5102,1.0000,1
2,2368,1.220682,0.268130,0.952552,5.4531,1.0000,1
2,2369,0.891115,0.239381,0.651734,21.3916,1.0000,1
2,2370,0.918212,0.196595,0.721616,11.8494,1.0000,1
2,2371,1.237123,0.396969,0.840153,13.1106,1.0000,1
2,2372,0.993832,0.214871,0.778961,8.6285,1.0000,1
2,2373,0.865559,0.081871,0.783688,12.4686,1.0000,1
2,2374,0.749596,0.090201,0.659395,10.8176,1.0000,1
2,2375,1.240768,0.242256,0.998512,6.0799,1.0000,1
2,2376,0.619962,0.038368,0.581594,16.6231,1.0000,1
2,2377,1.162404,0.613140,0.549264,20.9126,1.0000,1
2,2378,0.534659,0.051551,0.483108,13.6909,1.0000,1
2,2379,1.169767,0.555043,0.614725,52.7634,1.0000,1
2,2380,2.447950,1.679926,0.768024,112.3265,1.0000,1
2,2381,1.311348,0.869259,0.442089,63.4666,1.0000,1
2,2382,1.567441,0.632001,0.935440,28.5114,1.0000,1
2,2383,1.578371,0.853234,0.725137,25.9722,1.0000,1
2,2384,0.974284,0.129209,0.845075,10.1246,1.0000,1
2,2385,1.233160,0.436723,0.796436,11.0276,1.0000,1
2,2386,3.080981,2.151110,0.929870,53.0610,1.0000,1
2,2387,1.181271,0.375491,0.805780,13.9629,1.0000,1
2,2388,1.000373,0.249820,0.750553,24.1876,1.0000,1
2,2389,0.981238,0.261760,0.719478,5.1514,1.0000,1
2,2390,0.992958,0.029271,0.963687,2.7843,1.0000,1
2,2391,1.211879,0.350935,0.860944,18.0330,1.0000,1
2,2392,1.093687,0.176290,0.917397,3.0253,1.0000,1
2,2393,1.042431,0.098479,0.943952,7.5010,1.0000,1
2,2394,1.009028,0.127350,0.881678,9.9780,1.0000,1
2,2395,0.930496,0.069663,0.860833,7.8614,1.0000,1
2,2396,1.016903,0.083850,0.933053,4.0596,1.0000,1
2,2397,1.114023,0.418211,0.695812,40.0566,1.0000,1
2,2398,0.943812,0.166824,0.776988,13.4405,1.0000,1
2,2399,1.000269,0.198347,0.801922,7.8588,1.0000,1
2,2400,1.072484,0.680088,0.392396,43.9178,1.0000,1
2,2401,0.907114,0.387617,0.519497,26.8043,1.0000,1
2,2402,0.780303,0.193557,0.586746,17.6590,1.0000,1
2,2403,0.932077,0.243420,0.688658,15.6825,1.0000,1
2,2404,1.693466,1.097810,0.595656,64.4244,1.0000,1
2,2405,0.684432,0.029873,0.654558,10.7478,1.0000,1
2,2406,0.815907,0.137675,0.678231,20.0361,1.0000,1
2,2407,1.624020,0.716157,0.907863,24.2335,1.0000,1
2,2408,0.940303,0.276683,0.663620,20.1507,1.0000,1
2,2409,0.976399,0.048340,0.928058,7.5111,1.0000,1
2,2410,0.902605,0.212533,0.690072,18.4918,1.0000,1
2,2411,1.120271,0.606970,0.513301,22.4614,1.0000,1
2,2412,1.139931,0.272207,0.867724,27.9144,1.0000,1
2,2413,1.525056,0.626239,0.898817,32.3477,1.0000,1
2,2414,1.139708,0.539860,0.599849,8.6050,1.0000,1
2,2415,0.921432,0.038801,0.882630,6.7160,1.0000,1
2,2416,1.012123,0.225754,0.786370,11.5871,1.0000,1
2,2417,1.116668,0.181234,0.935434,11.5268,1.0000,1
2,2418,1.010809,0.150107,0.860703,7.8079,1.0000,1
2,2419,0.961824,0.188829,0.772995,15.0768,1.0000,1
2,2420,1.025694,0.135766,0.889929,5.9591,1.0000,1
2,2421,0.935253,0.084272,0.850981,6.2560,1.0000,1
2,2422,0.975142,0.062965,0.912177,7.5548,1.0000,1
2,2423,1.082626,0.182975,0.899651,8.8937,1.0000,1
2,2424,0.855365,0.284069,0.571296,30.9944,1.0000,1
2,2425,1.005899,0.369656,0.636244,8.4397,1.0000,1
2,2426,0.924792,0.325617,0.599176,36.5435,1.0000,1
2,2427,1.566735,0.616320,0.950415,39.0961,1.0000,1
2,2428,1.396245,0.635978,0.760267,45.5194,1.0000,1
2,2429,1.173830,0.414340,0.759489,9.8113,1.0000,1
2,2430,0.850155,0.104200,0.745955,8.2203,1.0000,1
2,2431,0.946420,0.041439,0.904981,42.4840,1.0000,1
2,2432,0.973813,0.108969,0.864843,15.7848,1.0000,1
2,2433,1.236398,0.316188,0.920210,6.8731,1.0000,1
2,2434,1.135923,0.321670,0.814252,22.3772,1.0000,1
2,2435,0.841344,0.035529,0.805815,10.1203,1.0000,1
2,2436,0.920860,0.143033,0.777828,4.3163,1.0000,1
2,2437,1.197505,0.370109,0.827396,16.8390,1.0000,1
2,2438,1.038897,0.369879,0.669018,19.8251,1.0000,1
2,2439,0.764412,0.079028,0.685384,33.1140,1.0000,1
2,2440,1.419195,0.581527,0.837668,27.0644,1.0000,1
2,2441,0.936799,0.213298,0.723501,9.4352,1.0000,1
2,2442,0.870531,0.053822,0.816709,8.9293,1.0000,1
2,2443,0.924122,0.308891,0.615231,9.7530,1.0000,1
2,2444,0.910135,0.097936,0.812199,14.5258,1.0000,1
2,2445,1.300624,0.655316,0.645308,20.6537,1.0000,1
2,2446,1.146327,0.504069,0.642258,15.1523,1.0000,1
2,2447,1.197927,0.466391,0.731536,9.9350,1.0000,1
2,2448,0.900189,0.178848,0.721340,6.3354,1.0000,1
2,2449,0.818650,0.127939,0.690711,11.7966,1.0000,1
2,2450,0.996122,0.137023,0.859099,4.7617,1.0000,1
2,2451,0.872218,0.291909,0.580309,15.9869,1.0000,1
2,2452,1.881601,1.075298,0.806303,55.3572,1.0000,1
2,2453,0.598024,0.075354,0.522670,15.4717,1.0000,1
2,2454,0.934119,0.273180,0.660939,16.0887,1.0000,1
2,2455,1.044439,0.210209,0.834229,71.5151,1.0000,1
2,2456,1.534413,0.773848,0.760566,33.3583,1.0000,1
2,2457,1.332332,0.728346,0.603986,21.0876,1.0000,1
2,2458,0.894101,0.277850,0.616251,17.6677,1.0000,1
2,2459,1.046260,0.046941,0.999319,0.8649,0.8649,0
2,2460,0.904750,0.019417,0.885333,8.8199,1.0000,1
2,2461,1.102934,0.293552,0.809383,8.1051,1.0000,1
2,2462,0.970987,0.108629,0.862358,11.2568,1.0000,1
2,2463,0.890868,0.043771,0.847097,7.7425,1.0000,1
2,2464,0.871237,0.265691,0.605546,17.5073,1.0000,1
2,2465,0.772769,0.209028,0.563741,16.2343,1.0000,1
2,2466,1.784148,1.045767,0.738380,52.7389,1.0000,1
2,2467,1.000713,0.362549,0.638163,6.7698,1.0000,1
2,2468,1.028501,0.240235,0.788266,6.9494,1.0000,1
2,2469,1.328837,0.598754,0.730083,14.1775,1.0000,1
2,2470,0.888046,0.132962,0.755084,20.0334,1.0000,1
2,2471,0.954780,0.200575,0.754205,10.1751,1.0000,1
2,2472,0.819404,0.105449,0.713954,8.4536,1.0000,1
2,2473,1.241321,0.656210,0.585110,28.5929,1.0000,1
2,2474,1.742134,1.150162,0.591972,52.7789,1.0000,1
3,2475,1.289904,0.664463,0.625441,38.9633,1.0000,1
3,2476,0.996183,0.022071,0.974112,1.9963,1.0000,1
3,2477,1.004063,0.223343,0.780719,5.4966,1.0000,1
3,2478,1.302540,0.470155,0.832385,12.2947,1.0000,1
3,2479,0.861834,0.163953,0.697881,8.5427,1.0000,1
3,2480,0.966172,0.109552,0.856620,5.7602,1.0000,1
3,2481,0.790112,0.030807,0.759304,9.5277,1.0000,1
3,2482,0.914457,0.211839,0.702619,7.6169,1.0000,1
3,2483,1.049267,0.259959,0.789308,4.7810,1.0000,1
3,2484,0.802389,0.209522,0.592867,14.6587,1.0000,1
3,2485,1.105248,0.146573,0.958675,20.7449,1.0000,1
3,2486,1.822665,1.241686,0.580979,28.6003,1.0000,1
3,2487,1.117625,0.474652,0.642973,9.3573,1.0000,1
3,2488,0.841097,0.327012,0.514085,19.6548,1.0000,1
3,2489,1.527817,0.741744,0.786073,33.8780,1.0000,1
3,2490,1.357794,0.680605,0.677189,10.3737,1.0000,1
3,2491,0.662149,0.010215,0.651934,16.7885,1.0000,1
3,2492,0.836705,0.058255,0.778450,16.6151,1.0000,1
3,2493,1.266112,0.586586,0.679527,21.8632,1.0000,1
3,2494,2.011966,1.432557,0.579408,29.8094,1.0000,1
3,2495,0.749937,0.194477,0.555461,21.5291,1.0000,1
3,2496,0.797953,0.102366,0.695587,10.1978,1.0000,1
3,2497,0.888337,0.058331,0.830006,9.5097,1.0000,1
3,2498,1.152972,0.449039,0.703933,9.7807,1.0000,1
3,2499,1.600338,0.601326,0.999012,13.4492,1.0000,1
3,2500,1.361801,0.406193,0.955607,9.5215,1.0000,1
3,2501,0.755577,0.244125,0.511452,10.2070,1.0000,1
3,2502,0.927819,0.019054,0.908765,4.8603,1.0000,1
3,2503,1.020561,0.023528,0.997032,0.6870,0.6870,0
3,2504,1.038587,0.109861,0.928726,2.7132,1.0000,1
3,2505,0.756755,0.097327,0.659428,15.7045,1.0000,1
3,2506,1.792075,1.057400,0.734675,39.0454,1.0000,1
3,2507,1.310457,0.622314,0.688143,30.4583,1.0000,1
3,2508,1.094217,0.159830,0.934386,3.5407,1.0000,1
3,2509,0.833680,0.345577,0.488102,15.7349,1.0000,1
3,2510,1.072186,0.320582,0.751605,20.4283,1.0000,1
3,2511,0.834141,0.040044,0.794097,9.7755,1.0000,1
3,2512,1.022689,0.160253,0.862436,3.3356,1.0000,1
3,2513,0.972347,0.337937,0.634410,10.5392,1.0000,1
3,2514,0.877043,0.159959,0.717084,6.9772,1.0000,1
3,2515,1.037994,0.291759,0.746235,11.0068,1.0000,1
3,2516,0.978532,0.054336,0.924196,3.2088,1.0000,1
3,2517,1.239950,0.611580,0.628371,27.1769,1.0000,1
3,2518,0.939673,0.187672,0.752001,6.5443,1.0000,1
3,2519,0.924423,0.289566,0.634857,8.0070,1.0000,1
3,2520,0.740632,0.027632,0.713001,19.2241,1.0000,1
3,2521,1.129168,0.299605,0.829563,38.3347,1.0000,1
3,2522,1.245280,0.668147,0.577133,69.4567,1.0000,1
3,2523,1.032377,0.335756,0.696622,20.6163,1.0000,1
3,2524,1.035764,0.368945,0.666819,37.1477,1.0000,1
3,2525,0.986611,0.484010,0.502602,28.8972,1.0000,1
3,2526,1.029720,0.082585,0.947135,12.5904,1.0000,1
3,2527,0.707362,0.031138,0.676223,14.4232,1.0000,1
3,2528,1.321218,0.629780,0.691438,16.7394,1.0000,1
3,2529,1.553514,0.854716,0.698798,28.1645,1.0000,1
3,2530,1.171799,0.172501,0.999298,5.7199,1.0000,1
3,2531,1.016129,0.033706,0.982423,8.0346,1.0000,1
3,2532,1.012604,0.341579,0.671025,22.2931,1.0000,1
3,2533,1.614827,0.694596,0.920231,26.3947,1.0000,1
3,2534,1.156335,0.196500,0.959834,7.9188,1.0000,1
3,2535,1.161510,0.268935,0.892575,11.1369,1.0000,1
3,2536,1.197356,0.267174,0.930182,6.5172,1.0000,1
3,2537,1.057027,0.141159,0.915868,6.4324,1.0000,1
3,2538,1.310437,0.411501,0.898936,10.4006,1.0000,1
3,2539,1.083655,0.134634,0.949021,9.0944,1.0000,1
3,2540,1.038402,0.066660,0.971742,4.8449,1.0000,1
3,2541,1.018214,0.082218,0.935995,5.5753,1.0000,1
3,2542,0.997015,0.049563,0.947453,5.0126,1.0000,1
3,2543,1.640767,0.805946,0.834820,34.6821,1.0000,1
3,2544,1.134145,0.368520,0.765625,23.9391,1.0000,1
3,2545,1.002700,0.049846,0.952854,2.1795,1.0000,1
3,2546,0.802429,0.119979,0.682450,11.2926,1.0000,1
3,2547,0.798567,0.015014,0.783553,14.8307,1.0000,1
3,2548,1.027222,0.337101,0.690121,32.9289,1.0000,1
3,2549,3.368098,2.683845,0.684253,108.2079,1.0000,1
3,2550,1.708763,1.032669,0.676095,49.3203,1.0000,1
3,2551,0.649493,0.101054,0.548439,16.0987,1.0000,1
3,2552,1.410338,0.881626,0.528712,51.7340,1.0000,1
3,2553,1.001112,0.087449,0.913664,1.5942,1.0000,1
3,2554,0.836614,0.325565,0.511050,29.3854,1.0000,1
3,2555,0.772103,0.325809,0.446293,42.5512,1.0000,1
3,2556,1.998775,1.443168,0.555608,53.2691,1.0000,1
3,2557,1.004377,0.313583,0.690794,14.4803,1.0000,1
3,2558,1.380065,0.655364,0.724701,18.9588,1.0000,1
3,2559,1.078242,0.541818,0.536424,22.2028,1.0000,1
3,2560,0.949673,0.253672,0.696001,10.9249,1.0000,1
3,2561,0.720769,0.024074,0.696695,13.1022,1.0000,1
3,2562,1.340929,0.444856,0.896073,19.1755,1.0000,1
3,2563,0.700562,0.091461,0.609101,7.8725,1.0000,1
3,2564,0.876217,0.054031,0.822186,9.9622,1.0000,1
3,2565,0.841494,0.102468,0.739026,7.5620,1.0000,1
3,2566,0.768626,0.114169,0.654458,11.3878,1.0000,1
3,2567,1.548333,0.606034,0.942299,40.0830,1.0000,1
3,2568,0.878968,0.291740,0.587228,40.2371,1.0000,1
3,2569,1.147870,0.303328,0.844542,8.3745,1.0000,1
3,2570,0.649503,0.140956,0.508547,14.6210,1.0000,1
3,2571,1.146544,0.297962,0.848583,8.4351,1.0000,1
3,2572,0.855503,0.034986,0.820517,8.4292,1.0000,1
3,2573,0.756282,0.166207,0.590075,19.3854,1.0000,1
3,2574,0.933529,0.169849,0.763680,19.7161,1.0000,1
3,2575,0.916359,0.378534,0.537826,20.0118,1.0000,1
3,2576,1.662790,1.135791,0.526999,42.3613,1.0000,1
3,2577,1.348531,0.666094,0.682437,18.5886,1.0000,1
3,2578,1.589609,0.918031,0.671579,31.3043,1.0000,1
3,2579,0.979835,0.093040,0.886795,9.0148,1.0000,1
3,2580,1.047703,0.141617,0.906086,8.1990,1.0000,1
3,2581,1.171050,0.175128,0.995922,5.3967,1.0000,1
3,2582,1.716546,0.830416,0.886131,41.7142,1.0000,1
3,2583,1.117063,0.165349,0.951715,8.5392,1.0000,1
3,2584,1.019952,0.112662,0.907290,6.3177,1.0000,1
3,2585,1.556041,0.747612,0.808428,23.0299,1.0000,1
3,2586,1.126900,0.235450,0.891451,4.7796,1.0000,1
3,2587,1.041063,0.113973,0.927090,5.1642,1.0000,1
3,2588,1.120038,0.271381,0.848657,8.1701,1.0000,1
3,2589,0.934742,0.049032,0.885710,7.0148,1.0000,1
3,2590,1.013941,0.076732,0.937209,4.0635,1.0000,1
3,2591,0.933481,0.042112,0.891369,6.6870,1.0000,1
3,2592,0.918718,0.139320,0.779398,13.3707,1.0000,1
3,2593,2.650983,1.955489,0.695494,112.0199,1.0000,1
3,2594,1.804307,0.963049,0.841258,67.0303,1.0000,1
3,2595,0.999895,0.132809,0.867087,30.2335,1.0000,1
3,2596,0.844831,0.304093,0.540738,14.6272,1.0000,1
3,2597,0.720316,0.266142,0.454175,16.7988,1.0000,1
3,2598,1.410622,0.661647,0.748974,31.0616,1.0000,1
3,2599,0.930412,0.298706,0.631706,7.0298,1.0000,1
3,2600,0.834211,0.134013,0.700198,11.7474,1.0000,1
3,2601,1.152857,0.417123,0.735734,24.6782,1.0000,1
3,2602,0.835242,0.018288,0.816954,19.8940,1.0000,1
3,2603,1.361995,0.661071,0.700924,61.8852,1.0000,1
3,2604,0.714659,0.004876,0.709783,21.7494,1.0000,1
3,2605,0.981994,0.340892,0.641102,24.8520,1.0000,1
3,2606,0.945250,0.293466,0.651784,8.3749,1.0000,1
3,2607,0.687878,0.012952,0.674926,35.7153,1.0000,1
3,2608,1.457975,0.757446,0.700528,58.9278,1.0000,1
3,2609,0.979625,0.225494,0.754131,18.8650,1.0000,1
3,2610,2.288944,1.535605,0.753339,119.7857,1.0000,1
3,2611,2.930768,2.162709,0.768060,170.2638,1.0000,1
3,2612,0.668691,0.112772,0.555920,28.0094,1.0000,1
3,2613,1.093576,0.259690,0.833886,26.0020,1.0000,1
3,2614,1.248174,0.605146,0.643028,43.0081,1.0000,1
3,2615,0.709840,0.225422,0.484418,14.0267,1.0000,1
3,2616,1.751199,1.159189,0.592010,43.1629,1.0000,1
3,2617,1.529199,0.958805,0.570395,95.5960,1.0000,1
3,2618,1.093379,0.221938,0.871441,9.9528,1.0000,1
3,2619,0.715695,0.062125,0.653570,20.5828,1.0000,1
3,2620,0.844024,0.082683,0.761341,13.8162,1.0000,1
3,2621,0.788571,0.118754,0.669817,7.0216,1.0000,1
3,2622,0.855854,0.163825,0.692029,15.0961,1.0000,1
3,2623,0.987451,0.340501,0.646949,22.2719,1.0000,1
3,2624,0.782696,0.138634,0.644062,20.7741,1.0000,1
3,2625,1.127580,0.174227,0.953353,10.1120,1.0000,1
3,2626,1.369553,0.671093,0.698460,18.3570,1.0000,1
3,2627,1.435827,0.932806,0.503020,47.2165,1.0000,1
3,2628,1.377344,0.494490,0.882854,14.7374,1.0000,1
3,2629,0.822985,0.131055,0.691929,10.8417,1.0000,1
3,2630,0.931235,0.121560,0.809675,8.3077,1.0000,1
3,2631,0.919751,0.076329,0.843422,11.8842,1.0000,1
3,2632,1.411242,0.576718,0.834524,20.8603,1.0000,1
3,2633,1.052743,0.178701,0.874042,2.7206,1.0000,1
3,2634,2.033616,1.191710,0.841906,63.4237,1.0000,1
3,2635,0.969511,0.241395,0.728115,18.2623,1.0000,1
3,2636,1.223619,0.420307,0.803312,11.7066,1.0000,1
3,2637,1.072447,0.239858,0.832589,9.2294,1.0000,1
3,2638,0.923943,0.054514,0.869429,4.8030,1.0000,1
3,2639,1.043586,0.043699,0.999888,1.5874,1.0000,1
3,2640,0.963064,0.087051,0.876013,5.0427,1.0000,1
3,2641,1.038090,0.119009,0.919080,6.8322,1.0000,1
3,2642,1.049536,0.093475,0.956061,2.8275,1.0000,1
3,2643,1.154411,0.512140,0.642271,22.9166,1.0000,1
3,2644,0.618720,0.110409,0.508311,19.6095,1.0000,1
3,2645,1.788492,1.037992,0.750499,63.8185,1.0000,1
3,2646,2.832009,1.920738,0.911272,93.3179,1.0000,1
3,2647,2.229840,1.328067,0.901772,92.4225,1.0000,1
3,2648,1.309248,0.317350,0.991899,14.9854,1.0000,1
3,2649,1.956162,1.029632,0.926530,104.8248,1.0000,1
3,2650,1.397075,0.628385,0.768691,30.3482,1.0000,1
3,2651,0.906662,0.223569,0.683092,12.1741,1.0000,1
3,2652,1.007671,0.283381,0.724290,21.1084,1.0000,1
3,2653,1.074552,0.097458,0.977094,6.0522,1.0000,1
3,2654,1.064124,0.125342,0.938782,3.5101,1.0000,1
3,2655,1.035595,0.277958,0.757637,4.2142,1.0000,1
3,2656,1.060393,0.210583,0.849810,4.6131,1.0000,1
3,2657,1.040435,0.080369,0.960066,5.7109,1.0000,1
3,2658,0.881172,0.076310,0.804862,8.9108,1.0000,1
3,2659,0.905358,0.148656,0.756702,9.3283,1.0000,1
3,2660,0.978917,0.089922,0.888994,6.4164,1.0000,1
3,2661,0.708522,0.034302,0.674220,16.3644,1.0000,1
3,2662,0.693494,0.032966,0.660528,13.3099,1.0000,1
3,2663,0.742130,0.149349,0.592781,36.1450,1.0000,1
3,2664,2.794046,2.051429,0.742618,115.0140,1.0000,1
3,2665,3.093101,2.347335,0.745766,72.8520,1.0000,1
3,2666,1.072546,0.449301,0.623245,31.6465,1.0000,1
3,2667,0.965421,0.426985,0.538436,17.0571,1.0000,1
3,2668,1.512618,0.907191,0.605427,34.9907,1.0000,1
3,2669,1.485443,0.864307,0.621137,38.1622,1.0000,1
3,2670,0.869536,0.009533,0.860003,14.1687,1.0000,1
3,2671,0.909288,0.250532,0.658756,7.4840,1.0000,1
3,2672,0.814850,0.056005,0.758845,6.9133,1.0000,1
3,2673,1.001244,0.240186,0.761059,18.3877,1.0000,1
3,2674,1.328406,0.558402,0.770003,28.0373,1.0000,1
3,2675,0.919925,0.235039,0.684887,8.7553,1.0000,1
3,2676,0.930541,0.088056,0.842485,6.3477,1.0000,1
3,2677,0.716025,0.149721,0.566305,7.8523,1.0000,1
3,2678,1.115351,0.363173,0.752178,16.7219,1.0000,1
3,2679,1.061141,0.517696,0.543445,24.8981,1.0000,1
3,2680,0.965401,0.038410,0.926991,2.6651,1.0000,1
3,2681,0.717150,0.056810,0.660340,12.3056,1.0000,1
3,2682,0.968367,0.141667,0.826700,24.1575,1.0000,1
3,2683,1.175892,0.225296,0.950596,14.3510,1.0000,1
3,2684,1.157077,0.350480,0.806596,29.6212,1.0000,1
3,2685,1.831111,0.878184,0.952927,53.0338,1.0000,1
3,2686,1.069987,0.569442,0.500545,24.8500,1.0000,1
3,2687,0.991135,0.269228,0.721907,13.5181,1.0000,1
3,2688,1.540419,0.763882,0.776537,20.3657,1.0000,1
3,2689,1.575567,0.942403,0.633164,41.5321,1.0000,1
3,2690,0.963786,0.246545,0.717242,8.7816,1.0000,1
3,2691,0.832891,0.163454,0.669437,13.2337,1.0000,1
3,2692,1.007818,0.307870,0.699948,6.0577,1.0000,1
3,2693,0.961575,0.085181,0.876394,3.9083,1.0000,1
3,2694,0.947785,0.047423,0.900362,7.4771,1.0000,1
3,2695,1.145089,0.302332,0.842757,7.3963,1.0000,1
3,2696,0.930853,0.139984,0.790869,6.9272,1.0000,1
3,2697,0.788959,0.099505,0.689453,13.8106,1.0000,1
3,2698,1.192951,0.401652,0.791300,31.0656,1.0000,1
3,2699,1.148013,0.408837,0.739176,10.9471,1.0000,1
3,2700,0.930641,0.095188,0.835453,13.2958,1.0000,1
3,2701,0.932879,0.315563,0.617317,17.6249,1.0000,1
3,2702,1.100138,0.521299,0.578839,37.9988,1.0000,1
3,2703,0.894331,0.020298,0.874033,11.5718,1.0000,1
3,2704,0.927955,0.244249,0.683706,6.1941,1.0000,1
3,2705,0.991834,0.080079,0.911755,12.3668,1.0000,1
3,2706,0.938698,0.283925,0.654772,23.2805,1.0000,1
3,2707,0.841621,0.140863,0.700758,15.0969,1.0000,1
3,2708,0.724494,0.077951,0.646544,18.6516,1.0000,1
3,2709,1.001894,0.040949,0.960945,18.6995,1.0000,1
3,2710,1.348853,0.630432,0.718421,14.0041,1.0000,1
3,2711,0.995853,0.000282,0.995571,0.8210,0.8210,0
3,2712,0.576948,0.178549,0.398399,32.0382,1.0000,1
3,2713,1.489287,0.619446,0.869841,13.1441,1.0000,1
3,2714,1.377096,0.788949,0.588146,62.7621,1.0000,1
3,2715,1.055809,0.320940,0.734868,13.9877,1.0000,1
3,2716,0.944493,0.203591,0.740902,6.6978,1.0000,1
3,2717,1.550645,0.795679,0.754966,49.2877,1.0000,1
3,2718,0.730728,0.113958,0.616770,6.3717,1.0000,1
3,2719,1.051280,0.117936,0.933343,4.7972,1.0000,1
3,2720,1.347186,0.513148,0.834039,23.8305,1.0000,1
3,2721,1.066974,0.226972,0.840002,40.2365,1.0000,1
3,2722,1.122599,0.125985,0.996614,3.8566,1.0000,1
3,2723,0.718703,0.138888,0.579815,7.5192,1.0000,1
3,2724,0.885589,0.076942,0.808647,8.3042,1.0000,1
3,2725,0.886538,0.245363,0.641175,29.5205,1.0000,1
3,2726,1.048468,0.125196,0.923272,6.6844,1.0000,1
3,2727,1.111428,0.137198,0.974229,1.0984,1.0000,1
3,2728,0.947385,0.044679,0.902706,5.9883,1.0000,1
3,2729,0.859928,0.029269,0.830658,18.6944,1.0000,1
3,2730,0.881608,0.282751,0.598857,112.9508,1.0000,1
3,2731,1.304704,0.567393,0.737311,90.5630,1.0000,1
3,2732,1.716015,1.000530,0.715485,115.7922,1.0000,1
3,2733,2.302795,1.370575,0.932220,67.9021,1.0000,1
3,2734,0.566493,0.061995,0.504498,18.2621,1.0000,1
3,2735,1.062654,0.353479,0.709175,17.8870,1.0000,1
3,2736,0.913703,0.283785,0.629918,10.8397,1.0000,1
3,2737,1.263839,0.272701,0.991138,15.6883,1.0000,1
3,2738,0.791105,0.189441,0.601664,12.5309,1.0000,1
3,2739,0.716009,0.076357,0.639652,8.2867,1.0000,1
3,2740,0.850489,0.152292,0.698197,10.4253,1.0000,1
3,2741,1.824097,1.144855,0.679242,61.9557,1.0000,1
3,2742,1.532362,0.717556,0.814806,29.0363,1.0000,1
3,2743,0.865028,0.168752,0.696276,30.0534,1.0000,1
3,2744,0.951441,0.080922,0.870519,50.1803,1.0000,1
3,2745,0.791506,0.121702,0.669804,9.7069,1.0000,1
3,2746,0.863257,0.389560,0.473697,16.3496,1.0000,1
3,2747,1.038712,0.299757,0.738956,5.6600,1.0000,1
3,2748,0.987655,0.346814,0.640841,5.7514,1.0000,1
3,2749,0.699318,0.210179,0.489139,6.8606,1.0000,1
3,2750,0.750167,0.100795,0.649372,10.5115,1.0000,1
3,2751,0.852131,0.280433,0.571698,8.4259,1.0000,1
3,2752,1.784146,1.048253,0.735893,42.3962,1.0000,1
3,2753,1.345822,0.518111,0.827711,10.1292,1.0000,1
3,2754,0.738354,0.186551,0.551803,23.5603,1.0000,1
3,2755,1.371096,0.553842,0.817253,31.0214,1.0000,1
3,2756,1.695418,0.871465,0.823953,23.0190,1.0000,1
3,2757,0.876630,0.265939,0.610691,5.9785,1.0000,1
3,2758,1.115088,0.182391,0.932698,7.6330,1.0000,1
3,2759,0.943096,0.131690,0.811406,11.4073,1.0000,1
3,2760,1.106426,0.318572,0.787855,9.0902,1.0000,1
3,2761,0.733608,0.080263,0.653345,10.4765,1.0000,1
3,2762,0.888813,0.141000,0.747813,23.3072,1.0000,1
3,2763,0.777096,0.066078,0.711017,10.5459,1.0000,1
3,2764,1.130691,0.195476,0.935215,12.4888,1.0000,1
3,2765,0.923112,0.268399,0.654714,54.4184,1.0000,1
3,2766,1.083867,0.509050,0.574818,21.8735,1.0000,1
3,2767,1.582294,0.978604,0.603690,49.9789,1.0000,1
3,2768,0.855042,0.169759,0.685283,14.2132,1.0000,1
3,2769,1.217649,0.348179,0.869470,8.8818,1.0000,1
3,2770,0.819088,0.293342,0.525746,10.0937,1.0000,1
3,2771,1.764414,0.963989,0.800425,44.4592,1.0000,1
3,2772,0.960496,0.173503,0.786994,18.3112,1.0000,1
3,2773,1.154008,0.396102,0.757906,14.8889,1.0000,1
3,2774,1.194113,0.499584,0.694529,18.5860,1.0000,1
3,2775,1.673370,0.881629,0.791742,43.5039,1.0000,1
3,2776,0.947569,0.093463,0.854107,7.9708,1.0000,1
3,2777,1.001056,0.038116,0.962940,3.3431,1.0000,1
3,2778,1.068727,0.202426,0.866301,6.6380,1.0000,1
3,2779,1.011975,0.179907,0.832068,29.1224,1.0000,1
3,2780,0.720336,0.025875,0.694461,16.9634,1.0000,1
3,2781,0.854427,0.059870,0.794558,10.3027,1.0000,1
3,2782,0.787595,0.082800,0.704795,12.9759,1.0000,1
3,2783,1.066115,0.272757,0.793358,97.0015,1.0000,1
3,2784,1.245602,0.520220,0.725382,78.4130,1.0000,1
3,2785,1.166775,0.181933,0.984842,13.3383,1.0000,1
3,2786,2.057362,1.517142,0.540220,89.3497,1.0000,1
3,2787,1.217194,0.235021,0.982174,25.5613,1.0000,1
3,2788,1.990350,1.213331,0.777019,122.6331,1.0000,1
3,2789,1.745374,1.168531,0.576843,85.9081,1.0000,1
3,2790,0.674404,0.023129,0.651275,17.4451,1.0000,1
3,2791,0.819197,0.220076,0.599121,7.5870,1.0000,1
3,2792,1.159245,0.491278,0.667966,34.1782,1.0000,1
3,2793,0.875309,0.030212,0.845097,7.8583,1.0000,1
3,2794,1.145591,0.214756,0.930835,10.7521,1.0000,1
3,2795,0.739539,0.009090,0.730449,13.4229,1.0000,1
3,2796,1.249682,0.627989,0.621693,33.8838,1.0000,1
3,2797,0.930391,0.112834,0.817557,5.3062,1.0000,1
3,2798,1.085477,0.196110,0.889367,36.9310,1.0000,1
3,2799,1.557755,0.837089,0.720666,48.9451,1.0000,1
3,2800,0.744272,0.312898,0.431374,19.9708,1.0000,1
3,2801,2.106138,1.559522,0.546616,48.1491,1.0000,1
3,2802,1.198733,0.683227,0.515507,15.2121,1.0000,1
3,2803,0.789577,0.048715,0.740863,8.9663,1.0000,1
3,2804,0.788836,0.075141,0.713694,13.0765,1.0000,1
3,2805,1.175277,0.340115,0.835163,9.3686,1.0000,1
3,2806,1.135172,0.136502,0.998670,2.6940,1.0000,1
3,2807,1.444265,0.762357,0.681908,49.8898,1.0000,1
3,2808,1.155362,0.372700,0.782662,26.5925,1.0000,1
3,2809,0.837688,0.168761,0.668927,31.0635,1.0000,1
3,2810,1.115729,0.376313,0.739416,20.1036,1.0000,1
3,2811,1.790240,0.983012,0.807228,22.3453,1.0000,1
3,2812,0.818944,0.074817,0.744126,10.5435,1.0000,1
3,2813,1.197276,0.349679,0.847597,5.8375,1.0000,1
3,2814,0.837777,0.175194,0.662583,8.8689,1.0000,1
3,2815,1.131952,0.226315,0.905637,6.0299,1.0000,1
3,2816,0.960422,0.246992,0.713430,8.3118,1.0000,1
3,2817,1.158381,0.416969,0.741411,7.5116,1.0000,1
3,2818,1.328979,0.428035,0.900944,25.5916,1.0000,1
3,2819,1.010091,0.040697,0.969394,3.6058,1.0000,1
3,2820,1.133914,0.237225,0.896689,5.9008,1.0000,1
3,2821,0.892221,0.184695,0.707526,7.6076,1.0000,1
3,2822,0.963371,0.243262,0.720108,8.2354,1.0000,1
3,2823,1.073310,0.186136,0.887174,7.1931,1.0000,1
3,2824,0.998487,0.111577,0.886910,20.9001,1.0000,1
3,2825,0.893646,0.069476,0.824170,8.2455,1.0000,1
3,2826,0.941670,0.057961,0.883709,8.0000,1.0000,1
3,2827,0.740732,0.080331,0.660402,9.2703,1.0000,1
3,2828,0.986337,0.060545,0.925792,5.9371,1.0000,1
3,2829,1.012911,0.372393,0.640518,15.2843,1.0000,1
3,2830,0.567049,0.083127,0.483922,6.9512,1.0000,1
3,2831,0.667409,0.028120,0.639289,16.7243,1.0000,1
3,2832,0.845446,0.353198,0.492248,38.6543,1.0000,1
3,2833,1.486612,0.495243,0.991368,19.5441,1.0000,1
3,2834,1.205393,0.688989,0.516404,62.6484,1.0000,1
3,2835,1.701622,0.707415,0.994207,26.2925,1.0000,1
3,2836,2.040744,1.042963,0.997781,16.7288,1.0000,1
3,2837,1.697246,1.053780,0.643466,56.5608,1.0000,1
3,2838,1.267676,0.628881,0.638796,28.5121,1.0000,1
3,2839,2.649586,1.948891,0.700695,64.9303,1.0000,1
3,2840,0.903347,0.220780,0.682567,5.9221,1.0000,1
3,2841,1.748569,1.164037,0.584532,28.7291,1.0000,1
3,2842,0.911431,0.319106,0.592325,15.1147,1.0000,1
3,2843,1.055399,0.254717,0.800682,8.0929,1.0000,1
3,2844,0.954151,0.044654,0.909497,7.4315,1.0000,1
3,2845,0.978426,0.028300,0.950126,2.9994,1.0000,1
3,2846,0.898907,0.073751,0.825156,8.2001,1.0000,1
3,2847,0.871797,0.098437,0.773360,7.2285,1.0000,1
3,2848,0.998890,0.242338,0.756552,12.8453,1.0000,1
3,2849,0.846326,0.233005,0.613321,8.2010,1.0000,1
3,2850,0.796419,0.068681,0.727738,9.8481,1.0000,1
3,2851,0.901953,0.223359,0.678594,12.4238,1.0000,1
3,2852,0.899285,0.169919,0.729366,9.8168,1.0000,1
3,2853,0.860951,0.288637,0.572314,11.8657,1.0000,1
3,2854,0.984744,0.267068,0.717676,28.5876,1.0000,1
3,2855,1.266415,0.329217,0.937197,41.2712,1.0000,1
3,2856,0.650006,0.143278,0.506728,46.0317,1.0000,1
3,2857,1.584708,0.876927,0.707781,26.5309,1.0000,1
3,2858,1.206283,0.471685,0.734599,40.8193,1.0000,1
3,2859,0.832982,0.079484,0.753498,5.9114,1.0000,1
3,2860,1.254578,0.524577,0.730001,10.9326,1.0000,1
3,2861,1.514459,0.793997,0.720462,30.9494,1.0000,1
3,2862,1.201843,0.432139,0.769704,30.1140,1.0000,1
3,2863,0.784033,0.030252,0.753781,11.5769,1.0000,1
3,2864,0.903869,0.064023,0.839845,9.3115,1.0000,1
3,2865,0.978406,0.038914,0.939492,3.1059,1.0000,1
3,2866,0.869530,0.173968,0.695563,7.4271,1.0000,1
3,2867,0.595848,0.045106,0.550742,20.8578,1.0000,1
3,2868,1.176644,0.513299,0.663345,26.6200,1.0000,1
3,2869,1.010428,0.379287,0.631142,36.7105,1.0000,1
3,2870,1.150044,0.664147,0.485897,15.5785,1.0000,1
3,2871,1.180205,0.184107,0.996098,5.3425,1.0000,1
3,2872,1.889209,1.234894,0.654315,82.7613,1.0000,1
3,2873,1.493790,0.786996,0.706794,22.6319,1.0000,1
3,2874,1.044095,0.422143,0.621952,31.7765,1.0000,1
3,2875,1.060592,0.268680,0.791913,22.0117,1.0000,1
3,2876,0.979077,0.202149,0.776928,11.9248,1.0000,1
3,2877,0.957305,0.282798,0.674507,11.4690,1.0000,1
3,2878,1.441115,0.632304,0.808812,23.4505,1.0000,1
3,2879,1.110982,0.140494,0.970487,3.0845,1.0000,1
3,2880,0.851962,0.114141,0.737821,6.8758,1.0000,1
3,2881,0.871931,0.229745,0.642186,11.6529,1.0000,1
3,2882,1.070431,0.338818,0.731613,17.1260,1.0000,1
3,2883,1.009234,0.034887,0.974347,2.1410,1.0000,1
3,2884,0.975996,0.070970,0.905026,3.9840,1.0000,1
3,2885,0.933828,0.192353,0.741475,12.0991,1.0000,1
3,2886,0.913818,0.138415,0.775404,7.5760,1.0000,1
3,2887,0.949038,0.129249,0.819790,6.1040,1.0000,1
3,2888,1.472788,0.817350,0.655438,33.3601,1.0000,1
3,2889,1.064905,0.284542,0.780362,17.8740,1.0000,1
3,2890,1.154231,0.430404,0.723827,20.0273,1.0000,1
3,2891,0.900146,0.247333,0.652813,6.7149,1.0000,1
3,2892,1.180777,0.569885,0.610893,13.1075,1.0000,1
3,2893,0.939631,0.175553,0.764078,10.7221,1.0000,1
3,2894,0.897404,0.088665,0.808738,12.1216,1.0000,1
3,2895,0.988613,0.370904,0.617709,42.4707,1.0000,1
3,2896,0.705259,0.060065,0.645194,21.1453,1.0000,1
3,2897,1.849247,1.052089,0.797158,57.4237,1.0000,1
3,2898,1.509444,0.883793,0.625651,38.6384,1.0000,1
3,2899,0.841428,0.114131,0.727297,10.5386,1.0000,1
3,2900,1.154606,0.483439,0.671167,15.0878,1.0000,1
3,2901,0.910514,0.337954,0.572560,11.5381,1.0000,1
3,2902,1.994743,1.201878,0.792865,43.0811,1.0000,1
3,2903,1.226360,0.564835,0.661525,33.4714,1.0000,1
3,2904,0.926144,0.193777,0.732367,7.4297,1.0000,1
3,2905,0.853910,0.200520,0.653390,9.5671,1.0000,1
3,2906,1.040577,0.218457,0.822120,8.2008,1.0000,1
3,2907,0.778926,0.171537,0.607389,12.5864,1.0000,1
3,2908,1.282209,0.493609,0.788599,15.3118,1.0000,1
3,2909,0.790925,0.024967,0.765958,12.2144,1.0000,1
3,2910,0.820969,0.103006,0.717963,9.5424,1.0000,1
3,2911,1.024495,0.516440,0.508055,17.7048,1.0000,1
3,2912,1.129674,0.234278,0.895396,7.3242,1.0000,1
3,2913,1.249015,0.511588,0.737428,27.7551,1.0000,1
3,2914,0.912690,0.193775,0.718915,19.4165,1.0000,1
3,2915,1.004574,0.037453,0.967122,2.3296,1.0000,1
3,2916,1.055452,0.229588,0.825864,9.2230,1.0000,1
3,2917,1.105703,0.114020,0.991683,5.0817,1.0000,1
3,2918,0.798774,0.082622,0.716152,8.3376,1.0000,1
3,2919,0.958247,0.131998,0.826249,9.0023,1.0000,1
3,2920,0.912495,0.053547,0.858948,7.0974,1.0000,1
3,2921,1.504652,0.800991,0.703661,34.2969,1.0000,1
3,2922,1.715807,0.876282,0.839525,24.5736,1.0000,1
3,2923,1.090371,0.637289,0.453081,10.2423,1.0000,1
3,2924,0.857667,0.030752,0.826915,7.0062,1.0000,1
3,2925,0.920069,0.326963,0.593105,10.7247,1.0000,1
3,2926,0.923744,0.050606,0.873138,6.2186,1.0000,1
3,2927,0.944126,0.411354,0.532772,10.1747,1.0000,1
3,2928,1.027033,0.127242,0.899791,25.0642,1.0000,1
3,2929,0.710558,0.010454,0.700103,14.0346,1.0000,1
3,2930,0.816615,0.030600,0.786015,8.3150,1.0000,1
3,2931,0.761869,0.168085,0.593784,16.9322,1.0000,1
3,2932,1.520290,0.712684,0.807605,22.2326,1.0000,1
3,2933,1.314826,0.739680,0.575145,45.6355,1.0000,1
3,2934,1.367617,0.756103,0.611513,46.3443,1.0000,1
3,2935,0.620232,0.246185,0.374047,8.3748,1.0000,1
3,2936,0.604191,0.143418,0.460773,7.9150,1.0000,1
3,2937,1.143468,0.212625,0.930843,23.6104,1.0000,1
3,2938,0.755275,0.259262,0.496014,7.1461,1.0000,1
3,2939,1.100835,0.333244,0.767591,12.4542,1.0000,1
3,2940,1.013046,0.241748,0.771297,9.2496,1.0000,1
3,2941,0.765496,0.089269,0.676227,7.4441,1.0000,1
3,2942,1.013996,0.358445,0.655551,19.6225,1.0000,1
3,2943,0.794538,0.203234,0.591304,11.5308,1.0000,1
3,2944,0.586200,0.113921,0.472278,18.1546,1.0000,1
3,2945,1.312194,0.762189,0.550005,37.1488,1.0000,1
3,2946,0.975863,0.296134,0.679728,32.7739,1.0000,1
3,2947,0.887494,0.023665,0.863829,9.4982,1.0000,1
3,2948,1.213332,0.576319,0.637014,49.0453,1.0000,1
3,2949,0.975940,0.213424,0.762516,14.0024,1.0000,1
3,2950,0.710027,0.199612,0.510414,15.7944,1.0000,1
3,2951,1.314004,0.705690,0.608314,39.0667,1.0000,1
3,2952,1.223927,0.754000,0.469926,58.8182,1.0000,1
3,2953,0.923798,0.144387,0.779411,10.6566,1.0000,1
3,2954,1.204219,0.418462,0.785757,19.1120,1.0000,1
3,2955,1.081722,0.332341,0.749380,17.3158,1.0000,1
3,2956,1.087156,0.260415,0.826741,7.8230,1.0000,1
3,2957,1.177861,0.256467,0.921394,17.7016,1.0000,1
3,2958,0.994465,0.164123,0.830342,7.5051,1.0000,1
3,2959,0.992935,0.311912,0.681024,19.3030,1.0000,1
3,2960,1.022185,0.193365,0.828820,6.7228,1.0000,1
3,2961,0.912888,0.042641,0.870247,6.3840,1.0000,1
3,2962,1.124161,0.211739,0.912422,8.6673,1.0000,1
3,2963,0.954170,0.107190,0.846980,6.8577,1.0000,1
3,2964,1.062238,0.373500,0.688738,13.5531,1.0000,1
3,2965,0.701749,0.024086,0.677663,16.4090,1.0000,1
3,2966,1.656708,0.976789,0.679919,36.6443,1.0000,1
3,2967,1.635491,0.868678,0.766814,44.2405,1.0000,1
3,2968,0.909813,0.233827,0.675986,9.7133,1.0000,1
3,2969,1.017386,0.063338,0.954048,2.5510,1.0000,1
3,2970,1.397375,0.651885,0.745490,34.5410,1.0000,1
3,2971,1.372499,0.505116,0.867382,16.3750,1.0000,1
3,2972,1.030894,0.300283,0.730611,6.6085,1.0000,1
3,2973,1.568383,0.859337,0.709046,37.2086,1.0000,1
3,2974,1.410104,0.546424,0.863680,19.4776,1.0000,1
3,2975,0.957359,0.024531,0.932828,4.6127,1.0000,1
3,2976,1.001973,0.008004,0.993969,1.0832,1.0000,1
3,2977,0.972342,0.149357,0.822985,12.0576,1.0000,1
3,2978,0.956316,0.112465,0.843851,5.8840,1.0000,1
3,2979,0.872864,0.187480,0.685384,8.5949,1.0000,1
3,2980,1.276032,0.449459,0.826573,11.6137,1.0000,1
3,2981,1.167860,0.321966,0.845894,7.1686,1.0000,1
3,2982,0.988136,0.220988,0.767148,6.6123,1.0000,1
3,2983,1.120841,0.237531,0.883310,6.7095,1.0000,1
3,2984,1.096596,0.232777,0.863818,10.6799,1.0000,1
3,2985,0.982602,0.092762,0.889840,8.8484,1.0000,1
3,2986,0.650855,0.070773,0.580082,10.9976,1.0000,1
3,2987,1.119929,0.357120,0.762809,13.5506,1.0000,1
3,2988,1.015049,0.177917,0.837132,6.9834,1.0000,1
3,2989,1.218820,0.289754,0.929066,24.0558,1.0000,1
3,2990,1.119898,0.327909,0.791989,12.8547,1.0000,1
3,2991,0.804051,0.241311,0.562740,9.8760,1.0000,1
3,2992,0.780236,0.087090,0.693146,9.2293,1.0000,1
3,2993,1.385598,0.553221,0.832377,32.3071,1.0000,1
3,2994,0.896666,0.118367,0.778299,20.9336,1.0000,1
3,2995,0.764636,0.157786,0.606849,10.2796,1.0000,1
3,2996,1.047765,0.064827,0.982938,6.6433,1.0000,1
3,2997,1.044288,0.297799,0.746490,20.9986,1.0000,1
3,2998,1.285561,0.353372,0.932189,10.7860,1.0000,1
3,2999,0.985352,0.426366,0.558985,33.8059,1.0000,1
3,3000,0.883177,0.030757,0.852420,3.9188,1.0000,1
3,3001,1.338879,0.590529,0.748350,13.8437,1.0000,1
3,3002,0.775614,0.219865,0.555749,12.2422,1.0000,1
3,3003,1.063034,0.413619,0.649415,12.3405,1.0000,1
3,3004,0.890971,0.031914,0.859057,6.9226,1.0000,1
3,3005,0.703845,0.092835,0.611009,12.1721,1.0000,1
3,3006,0.860354,0.206272,0.654082,12.5396,1.0000,1
3,3007,1.164067,0.567255,0.596811,15.7193,1.0000,1
3,3008,0.980410,0.422761,0.557648,15.9776,1.0000,1
3,3009,1.934528,1.301859,0.632669,54.1323,1.0000,1
3,3010,1.073196,0.370671,0.702525,29.1169,1.0000,1
3,3011,1.015370,0.027032,0.988338,2.8553,1.0000,1
3,3012,0.805023,0.069429,0.735593,10.7263,1.0000,1
3,3013,1.083981,0.383769,0.700212,9.6133,1.0000,1
3,3014,1.068170,0.346956,0.721214,18.9876,1.0000,1
3,3015,0.922070,0.130469,0.791601,6.1176,1.0000,1
3,3016,0.807436,0.075175,0.732260,7.7254,1.0000,1
3,3017,1.136694,0.457947,0.678747,16.2231,1.0000,1
3,3018,1.096150,0.397730,0.698421,22.2705,1.0000,1
3,3019,0.793257,0.101035,0.692222,7.9945,1.0000,1
3,3020,0.961370,0.019428,0.941943,4.3381,1.0000,1
3,3021,1.421523,0.561181,0.860341,15.8519,1.0000,1
3,3022,0.907999,0.296692,0.611307,14.9587,1.0000,1
3,3023,0.864143,0.288355,0.575788,26.9429,1.0000,1
3,3024,0.967599,0.250852,0.716747,83.8020,1.0000,1
3,3025,0.803347,0.086126,0.717222,24.8449,1.0000,1
3,3026,0.776603,0.254624,0.521979,27.9685,1.0000,1
3,3027,0.973853,0.261589,0.712264,12.3260,1.0000,1
3,3028,1.199698,0.380444,0.819254,18.5188,1.0000,1
3,3029,0.849394,0.211953,0.637440,10.2381,1.0000,1
3,3030,0.692249,0.128224,0.564025,8.3344,1.0000,1
3,3031,1.110036,0.216020,0.894016,8.4070,1.0000,1
3,3032,0.859337,0.221565,0.637772,7.0901,1.0000,1
3,3033,0.861518,0.067039,0.794479,7.5426,1.0000,1
3,3034,0.971371,0.185900,0.785471,14.8040,1.0000,1
3,3035,0.927377,0.154575,0.772801,7.0587,1.0000,1
3,3036,1.528463,0.846935,0.681528,25.4882,1.0000,1
3,3037,0.956928,0.060144,0.896784,5.0747,1.0000,1
3,3038,1.625538,0.783370,0.842167,24.0733,1.0000,1
3,3039,0.803039,0.095926,0.707113,12.0602,1.0000,1
3,3040,1.011805,0.179279,0.832525,5.1670,1.0000,1
3,3041,0.628773,0.106492,0.522281,10.0133,1.0000,1
3,3042,1.371644,0.483182,0.888462,39.7216,1.0000,1
3,3043,1.198476,0.599474,0.599002,36.9285,1.0000,1
3,3044,0.542375,0.030838,0.511537,18.5532,1.0000,1
3,3045,1.401537,0.931925,0.469612,62.2108,1.0000,1
3,3046,1.104786,0.470711,0.634075,42.0181,1.0000,1
3,3047,1.160165,0.532693,0.627472,24.8438,1.0000,1
3,3048,1.305978,0.627045,0.678933,28.5850,1.0000,1
3,3049,0.722316,0.100503,0.621814,21.6345,1.0000,1
3,3050,0.963582,0.088541,0.875042,3.9388,1.0000,1
3,3051,0.892390,0.152554,0.739837,8.4553,1.0000,1
3,3052,0.932466,0.232631,0.699835,22.3297,1.0000,1
3,3053,1.372127,0.524178,0.847949,21.0061,1.0000,1
3,3054,1.057424,0.284866,0.772558,33.9481,1.0000,1
3,3055,0.915386,0.094473,0.820913,5.3977,1.0000,1
3,3056,0.912580,0.093911,0.818669,5.9967,1.0000,1
3,3057,1.118527,0.122286,0.996240,4.4142,1.0000,1
3,3058,0.823664,0.101748,0.721916,7.7514,1.0000,1
3,3059,1.065498,0.319231,0.746267,17.7723,1.0000,1
3,3060,0.656027,0.067965,0.588062,11.5605,1.0000,1
3,3061,1.785752,1.084441,0.701311,30.5688,1.0000,1
3,3062,0.845830,0.198670,0.647159,10.6566,1.0000,1
3,3063,0.996367,0.000253,0.996114,0.7944,0.7944,0
3,3064,1.574542,0.683236,0.891306,44.6843,1.0000,1
3,3065,1.113806,0.656201,0.457605,43.7597,1.0000,1
3,3066,1.057863,0.065602,0.992261,3.5028,1.0000,1
3,3067,1.103827,0.259973,0.843854,49.4929,1.0000,1
3,3068,1.442220,0.617466,0.824754,32.0230,1.0000,1
3,3069,0.973077,0.204311,0.768766,13.0047,1.0000,1
3,3070,1.023178,0.176565,0.846612,7.2897,1.0000,1
3,3071,1.127002,0.418417,0.708584,25.2430,1.0000,1
3,3072,1.079954,0.329750,0.750205,8.1359,1.0000,1
3,3073,0.771514,0.106979,0.664536,7.5311,1.0000,1
3,3074,0.840288,0.029704,0.810584,8.4354,1.0000,1
3,3075,1.214271,0.544194,0.670077,28.8268,1.0000,1
3,3076,0.819796,0.089057,0.730739,14.9731,1.0000,1
3,3077,1.381922,0.601690,0.780232,10.9905,1.0000,1
3,3078,0.881083,0.097893,0.783190,5.9877,1.0000,1
3,3079,2.275589,1.482908,0.792681,66.6606,1.0000,1
3,3080,0.852905,0.178983,0.673921,9.3313,1.0000,1
3,3081,1.453784,0.771692,0.682092,26.7377,1.0000,1
3,3082,1.442429,0.609301,0.833128,32.7211,1.0000,1
3,3083,1.607573,1.031102,0.576471,30.3544,1.0000,1
3,3084,1.337445,0.446050,0.891395,18.7918,1.0000,1
3,3085,1.007947,0.307561,0.700386,14.7833,1.0000,1
3,3086,0.898424,0.035912,0.862512,6.8554,1.0000,1
3,3087,0.848881,0.109022,0.739859,6.2700,1.0000,1
3,3088,1.153225,0.257791,0.895434,10.7582,1.0000,1
3,3089,1.054310,0.128225,0.926085,6.2452,1.0000,1
3,3090,0.855803,0.119056,0.736747,6.7057,1.0000,1
3,3091,0.918706,0.095480,0.823225,12.8937,1.0000,1
3,3092,1.261146,0.527209,0.733937,25.3732,1.0000,1
3,3093,0.846427,0.232332,0.614095,12.5842,1.0000,1
3,3094,0.869630,0.212945,0.656685,8.9520,1.0000,1
3,3095,0.971681,0.056391,0.915290,23.9371,1.0000,1
3,3096,1.514598,0.957093,0.557505,84.2223,1.0000,1
3,3097,0.773414,0.134064,0.639350,21.3765,1.0000,1
3,3098,1.428842,0.867475,0.561367,51.3914,1.0000,1
3,3099,1.648306,0.871772,0.776534,42.9256,1.0000,1
3,3100,1.319336,0.688953,0.630383,20.0498,1.0000,1
3,3101,1.663614,0.981587,0.682027,39.9243,1.0000,1
3,3102,0.826917,0.068789,0.758128,5.5462,1.0000,1
3,3103,1.176717,0.460601,0.716116,9.8542,1.0000,1
3,3104,0.891759,0.105709,0.786050,6.6527,1.0000,1
3,3105,1.137858,0.168143,0.969715,2.4852,1.0000,1
3,3106,1.237418,0.443249,0.794169,12.8713,1.0000,1
3,3107,1.081494,0.264691,0.816804,9.7669,1.0000,1
3,3108,0.980568,0.350872,0.629697,11.6218,1.0000,1
3,3109,0.884163,0.097991,0.786172,6.4718,1.0000,1
3,3110,1.000889,0.162620,0.838270,9.2617,1.0000,1
3,3111,0.819153,0.074383,0.744770,13.2479,1.0000,1
3,3112,0.681229,0.092630,0.588599,8.5355,1.0000,1
3,3113,0.820068,0.096551,0.723518,8.3948,1.0000,1
3,3114,1.356381,0.570732,0.785649,39.5571,1.0000,1
3,3115,0.958888,0.283288,0.675600,10.3623,1.0000,1
3,3116,1.182724,0.294298,0.888426,33.7231,1.0000,1
3,3117,0.697505,0.090053,0.607451,11.8550,1.0000,1
3,3118,0.478409,0.029020,0.449389,10.9301,1.0000,1
3,3119,0.591249,0.113038,0.478211,28.0695,1.0000,1
3,3120,1.152390,0.374444,0.777946,14.2229,1.0000,1
3,3121,0.539125,0.107498,0.431627,9.5684,1.0000,1
3,3122,1.765292,1.063050,0.702242,60.8191,1.0000,1
3,3123,1.430818,0.470108,0.960710,14.2216,1.0000,1
3,3124,0.671317,0.153658,0.517659,16.0557,1.0000,1
3,3125,1.322777,0.868411,0.454366,22.0478,1.0000,1
3,3126,1.054336,0.268132,0.786204,23.3637,1.0000,1
3,3127,1.129637,0.506541,0.623097,31.8158,1.0000,1
3,3128,1.202695,0.488600,0.714095,7.0719,1.0000,1
3,3129,0.757788,0.040616,0.717172,17.4213,1.0000,1
3,3130,1.264822,0.662740,0.602081,23.8991,1.0000,1
3,3131,0.837085,0.163166,0.673918,9.7573,1.0000,1
3,3132,1.065364,0.259548,0.805816,5.3947,1.0000,1
3,3133,1.270679,0.698640,0.572040,27.8637,1.0000,1
3,3134,1.047164,0.175672,0.871493,15.9166,1.0000,1
3,3135,0.898508,0.217408,0.681100,12.3163,1.0000,1
3,3136,1.012681,0.041707,0.970975,2.0263,1.0000,1
3,3137,0.981044,0.150299,0.830745,7.9032,1.0000,1
3,3138,1.033302,0.108909,0.924393,3.7993,1.0000,1
3,3139,1.085006,0.363662,0.721344,10.2205,1.0000,1
3,3140,0.994040,0.089195,0.904845,4.8724,1.0000,1
3,3141,0.969180,0.082172,0.887007,6.9837,1.0000,1
3,3142,1.059770,0.272519,0.787252,7.3929,1.0000,1
3,3143,1.162645,0.238516,0.924129,7.7670,1.0000,1
3,3144,0.720494,0.007037,0.713457,12.1956,1.0000,1
3,3145,0.997885,0.135600,0.862285,4.2881,1.0000,1
3,3146,1.140566,0.422727,0.717839,28.6873,1.0000,1
3,3147,0.752408,0.054037,0.698371,13.8561,1.0000,1
3,3148,1.654625,1.073419,0.581207,48.3202,1.0000,1
3,3149,1.184433,0.535365,0.649068,23.8499,1.0000,1
3,3150,0.596336,0.017605,0.578731,11.3924,1.0000,1
3,3151,0.869430,0.452632,0.416798,30.6931,1.0000,1
3,3152,2.216938,1.488675,0.728263,88.7760,1.0000,1
3,3153,1.299750,0.655014,0.644736,17.5502,1.0000,1
3,3154,1.154549,0.467026,0.687523,24.6804,1.0000,1
3,3155,0.724329,0.090436,0.633893,10.5407,1.0000,1
3,3156,1.039378,0.178507,0.860871,9.5360,1.0000,1
3,3157,1.095005,0.575611,0.519393,19.6159,1.0000,1
3,3158,0.835144,0.443317,0.391827,13.8161,1.0000,1
3,3159,1.295187,0.643282,0.651905,30.2637,1.0000,1
3,3160,1.223401,0.628827,0.594574,20.7718,1.0000,1
3,3161,0.839708,0.091075,0.748633,7.1074,1.0000,1
3,3162,0.897801,0.088789,0.809012,10.4703,1.0000,1
3,3163,1.026580,0.157080,0.869500,5.0788,1.0000,1
3,3164,1.029431,0.120496,0.908935,3.4466,1.0000,1
3,3165,1.084963,0.273926,0.811037,10.1645,1.0000,1
3,3166,0.968865,0.073142,0.895722,10.1067,1.0000,1
3,3167,0.985907,0.101578,0.884329,4.7071,1.0000,1
3,3168,0.714115,0.088419,0.625696,12.2311,1.0000,1
3,3169,0.996349,0.280192,0.716157,11.9221,1.0000,1
3,3170,0.827949,0.079187,0.748762,11.4290,1.0000,1
3,3171,0.988212,0.401215,0.586997,29.1696,1.0000,1
3,3172,0.949187,0.425909,0.523279,26.0420,1.0000,1
3,3173,1.074269,0.346621,0.727647,33.6605,1.0000,1
3,3174,0.933010,0.296081,0.636929,10.9401,1.0000,1
3,3175,1.154162,0.679437,0.474725,23.4275,1.0000,1
3,3176,0.644310,0.154125,0.490184,14.1451,1.0000,1
3,3177,0.781837,0.027152,0.754685,9.8563,1.0000,1
3,3178,1.105253,0.497880,0.607374,21.1392,1.0000,1
3,3179,1.138458,0.545844,0.592613,26.5551,1.0000,1
3,3180,0.911866,0.156966,0.754900,16.6087,1.0000,1
3,3181,1.059601,0.132279,0.927322,16.4180,1.0000,1
3,3182,1.303337,0.506287,0.797050,21.7990,1.0000,1
3,3183,0.896762,0.165130,0.731632,7.0478,1.0000,1
3,3184,0.863361,0.201341,0.662020,13.3721,1.0000,1
3,3185,0.948388,0.150147,0.798241,6.0263,1.0000,1
3,3186,0.960999,0.249351,0.711648,9.1567,1.0000,1
3,3187,0.631174,0.085290,0.545883,14.0023,1.0000,1
3,3188,0.753636,0.029553,0.724083,9.4505,1.0000,1
3,3189,1.009333,0.256508,0.752825,12.4636,1.0000,1
3,3190,0.836442,0.155745,0.680697,19.0652,1.0000,1
3,3191,1.104987,0.106445,0.998543,3.1266,1.0000,1
3,3192,1.233064,0.414678,0.818386,37.7293,1.0000,1
3,3193,1.284952,0.604702,0.680250,36.3752,1.0000,1
3,3194,1.105152,0.376045,0.729108,74.5792,1.0000,1
3,3195,1.021525,0.482288,0.539237,17.0406,1.0000,1
3,3196,0.798526,0.144625,0.653902,17.3031,1.0000,1
3,3197,1.311089,0.592906,0.718183,22.0427,1.0000,1
3,3198,0.680950,0.157846,0.523104,36.2453,1.0000,1
3,3199,0.955420,0.193104,0.762316,22.6846,1.0000,1
3,3200,0.734236,0.013926,0.720310,15.3122,1.0000,1
3,3201,0.764873,0.080757,0.684116,16.2208,1.0000,1
3,3202,1.159403,0.391826,0.767577,12.3877,1.0000,1
3,3203,1.061227,0.308090,0.753137,17.1017,1.0000,1
3,3204,1.222796,0.524763,0.698032,22.0161,1.0000,1
3,3205,1.145123,0.477454,0.667669,14.5099,1.0000,1
3,3206,1.258429,0.508264,0.750165,27.3340,1.0000,1
3,3207,1.028754,0.489196,0.539558,11.5336,1.0000,1
3,3208,0.961564,0.093987,0.867578,5.4467,1.0000,1
3,3209,0.902037,0.013717,0.888320,9.8024,1.0000,1
3,3210,0.839304,0.084864,0.754440,10.8305,1.0000,1
3,3211,1.188643,0.704327,0.484317,91.1989,1.0000,1
3,3212,0.838814,0.326218,0.512596,31.8812,1.0000,1
3,3213,1.267646,0.602568,0.665078,68.1681,1.0000,1
3,3214,1.727440,0.916213,0.811227,61.4742,1.0000,1
3,3215,0.891258,0.328528,0.562730,5.8129,1.0000,1
3,3216,1.107406,0.580626,0.526780,42.7237,1.0000,1
3,3217,0.407399,0.007240,0.400159,23.1634,1.0000,1
3,3218,1.134126,0.434865,0.699261,22.1851,1.0000,1
3,3219,0.819693,0.120251,0.699443,55.6908,1.0000,1
3,3220,0.931077,0.540168,0.390909,39.1228,1.0000,1
3,3221,1.206210,0.405408,0.800802,44.5352,1.0000,1
3,3222,0.932414,0.258735,0.673679,11.1393,1.0000,1
3,3223,1.037169,0.141139,0.896030,4.5745,1.0000,1
3,3224,0.923597,0.164300,0.759297,6.1858,1.0000,1
3,3225,0.958461,0.098863,0.859597,5.1004,1.0000,1
3,3226,1.321897,0.641352,0.680546,43.3200,1.0000,1
3,3227,1.240552,0.483233,0.757319,26.6610,1.0000,1
3,3228,1.217982,0.324188,0.893794,17.6222,1.0000,1
3,3229,0.985629,0.160894,0.824735,6.0062,1.0000,1
3,3230,0.874690,0.016793,0.857896,7.8000,1.0000,1
3,3231,1.272912,0.653044,0.619869,30.2151,1.0000,1
3,3232,0.688337,0.137476,0.550861,15.2946,1.0000,1
3,3233,0.634362,0.023482,0.610880,11.9577,1.0000,1
3,3234,1.115649,0.332818,0.782831,10.4330,1.0000,1
3,3235,0.737368,0.053678,0.683689,29.3040,1.0000,1
3,3236,1.814111,1.222325,0.591786,41.7235,1.0000,1
3,3237,2.031201,1.366470,0.664731,78.3532,1.0000,1
3,3238,1.244340,0.688498,0.555842,40.3248,1.0000,1
3,3239,1.603669,0.861783,0.741886,46.4180,1.0000,1
3,3240,0.829563,0.080774,0.748789,12.5008,1.0000,1
3,3241,0.936674,0.056591,0.880083,12.1380,1.0000,1
3,3242,1.556677,0.690152,0.866525,21.9434,1.0000,1
3,3243,1.037044,0.148509,0.888535,10.0458,1.0000,1
3,3244,0.863289,0.082743,0.780547,12.3516,1.0000,1
3,3245,0.930286,0.149318,0.780968,7.4131,1.0000,1
3,3246,0.966736,0.148326,0.818410,12.0984,1.0000,1
3,3247,1.166084,0.378750,0.787334,17.9407,1.0000,1
3,3248,0.973760,0.357619,0.616141,11.6064,1.0000,1
3,3249,0.869280,0.040441,0.828839,24.9581,1.0000,1
3,3250,0.847125,0.177677,0.669449,18.6737,1.0000,1
3,3251,1.179902,0.352328,0.827574,18.0807,1.0000,1
3,3252,1.096288,0.380468,0.715820,20.9174,1.0000,1
3,3253,1.025467,0.178313,0.847154,7.3503,1.0000,1
3,3254,0.939604,0.320434,0.619170,19.4699,1.0000,1
3,3255,0.885191,0.112463,0.772728,7.8143,1.0000,1
3,3256,0.866099,0.255176,0.610922,10.8997,1.0000,1
3,3257,0.901375,0.100639,0.800735,6.3413,1.0000,1
3,3258,0.984639,0.078317,0.906322,7.3248,1.0000,1
3,3259,1.152249,0.273513,0.878735,7.4878,1.0000,1
3,3260,0.899778,0.033761,0.866017,7.7322,1.0000,1
3,3261,0.858839,0.109942,0.748897,4.2043,1.0000,1
3,3262,0.967601,0.222355,0.745245,11.2426,1.0000,1
3,3263,0.916069,0.290056,0.626013,18.0764,1.0000,1
3,3264,1.002060,0.091274,0.910787,11.8973,1.0000,1
3,3265,1.026187,0.253252,0.772935,16.9448,1.0000,1
3,3266,1.335731,0.885590,0.450140,78.2070,1.0000,1
3,3267,0.750442,0.107224,0.643217,9.5976,1.0000,1
3,3268,1.446513,0.840939,0.605573,26.8937,1.0000,1
3,3269,0.749832,0.181576,0.568256,40.7237,1.0000,1
3,3270,1.003089,0.008522,0.994568,0.5833,0.5833,0
3,3271,0.744205,0.135639,0.608567,10.1733,1.0000,1
3,3272,1.619591,0.879939,0.739652,30.8204,1.0000,1
3,3273,0.721534,0.185060,0.536474,7.8442,1.0000,1
3,3274,1.380596,0.601555,0.779041,21.0196,1.0000,1
3,3275,0.851928,0.070129,0.781800,7.6489,1.0000,1
3,3276,0.989304,0.262762,0.726542,20.7016,1.0000,1
3,3277,1.311388,0.492152,0.819236,13.6385,1.0000,1
3,3278,0.871784,0.176525,0.695260,18.9172,1.0000,1
3,3279,1.079737,0.158867,0.920870,8.5850,1.0000,1
3,3280,0.872603,0.264209,0.608394,18.2727,1.0000,1
3,3281,0.847271,0.036397,0.810874,7.3779,1.0000,1
3,3282,0.680314,0.085884,0.594430,16.0849,1.0000,1
3,3283,0.711963,0.098584,0.613379,17.6715,1.0000,1
3,3284,0.761393,0.112732,0.648661,8.4863,1.0000,1
3,3285,0.861145,0.232310,0.628836,17.2412,1.0000,1
3,3286,0.936690,0.075748,0.860943,17.9105,1.0000,1
3,3287,0.996277,0.015038,0.981239,1.2073,1.0000,1
3,3288,0.851641,0.247534,0.604107,12.1763,1.0000,1
3,3289,0.396593,0.017073,0.379521,10.7590,1.0000,1
3,3290,1.381297,0.743831,0.637466,64.3211,1.0000,1
3,3291,1.682106,1.087066,0.595040,146.0776,1.0000,1
3,3292,1.088554,0.740571,0.347983,62.0251,1.0000,1
3,3293,2.268701,1.806345,0.462357,112.5588,1.0000,1
3,3294,1.238093,0.464771,0.773322,81.8008,1.0000,1
3,3295,1.506243,0.902460,0.603783,44.6373,1.0000,1
3,3296,0.546245,0.052229,0.494015,22.7645,1.0000,1
3,3297,1.041239,0.163277,0.877961,30.5056,1.0000,1
3,3298,0.628867,0.025746,0.603120,16.5470,1.0000,1
3,3299,0.976918,0.380912,0.596006,61.0049,1.0000,1
3,3300,0.545905,0.052005,0.493900,12.9467,1.0000,1
3,3301,0.894053,0.020261,0.873792,5.6037,1.0000,1
3,3302,0.707926,0.180445,0.527481,16.3322,1.0000,1
3,3303,0.564463,0.181222,0.383241,15.3890,1.0000,1
3,3304,0.915728,0.101209,0.814520,20.8293,1.0000,1
3,3305,2.157027,1.309699,0.847328,64.0634,1.0000,1
3,3306,0.806046,0.243238,0.562807,7.7471,1.0000,1
3,3307,0.759560,0.125760,0.633800,5.9597,1.0000,1
3,3308,0.907581,0.311961,0.595620,25.1572,1.0000,1
3,3309,0.782735,0.322264,0.460472,14.0370,1.0000,1
3,3310,1.348389,0.646565,0.701824,18.8052,1.0000,1
3,3311,1.385303,0.950651,0.434653,46.3113,1.0000,1
3,3312,1.269100,0.744912,0.524188,36.1731,1.0000,1
3,3313,0.676172,0.018166,0.658005,17.7249,1.0000,1
3,3314,1.087306,0.555123,0.532184,25.2295,1.0000,1
3,3315,1.248316,0.458533,0.789782,15.6359,1.0000,1
3,3316,0.855776,0.240214,0.615562,13.0586,1.0000,1
3,3317,0.915495,0.100348,0.815147,6.9665,1.0000,1
3,3318,0.655532,0.034148,0.621384,9.0619,1.0000,1
3,3319,0.970569,0.313135,0.657434,12.7166,1.0000,1
3,3320,0.877574,0.162510,0.715064,6.1414,1.0000,1
3,3321,0.997752,0.031840,0.965913,1.9024,1.0000,1
3,3322,0.613256,0.061879,0.551377,15.2809,1.0000,1
3,3323,0.904131,0.163942,0.740189,6.9078,1.0000,1
3,3324,1.032924,0.374943,0.657981,25.5258,1.0000,1
3,3325,1.359349,0.452155,0.907194,16.1995,1.0000,1
3,3326,0.626221,0.019704,0.606517,14.3799,1.0000,1
3,3327,0.589277,0.164034,0.425244,9.4857,1.0000,1
3,3328,0.879117,0.482374,0.396744,21.4405,1.0000,1
3,3329,0.889415,0.450811,0.438603,26.6084,1.0000,1
3,3330,1.084122,0.530111,0.554012,17.1660,1.0000,1
3,3331,0.704160,0.122621,0.581540,9.4054,1.0000,1
3,3332,1.657521,0.818626,0.838894,14.0340,1.0000,1
3,3333,2.543444,2.015509,0.527935,91.9181,1.0000,1
3,3334,1.075611,0.448778,0.626833,17.6094,1.0000,1
3,3335,1.025543,0.298801,0.726742,15.6692,1.0000,1
3,3336,0.780428,0.022199,0.758229,8.5372,1.0000,1
3,3337,0.892749,0.053887,0.838862,6.2232,1.0000,1
3,3338,0.948867,0.268319,0.680548,6.7334,1.0000,1
3,3339,0.932235,0.048377,0.883858,7.8038,1.0000,1
3,3340,0.916824,0.061531,0.855293,4.7729,1.0000,1
3,3341,1.581073,0.767985,0.813088,32.2173,1.0000,1
3,3342,0.696716,0.107127,0.589589,8.9119,1.0000,1
3,3343,0.897444,0.335531,0.561913,9.0655,1.0000,1
3,3344,1.432944,0.633798,0.799146,33.4099,1.0000,1
3,3345,1.071061,0.508877,0.562184,16.6755,1.0000,1
3,3346,1.434300,0.589219,0.845081,25.4275,1.0000,1
3,3347,0.860076,0.089082,0.770994,6.2138,1.0000,1
3,3348,0.684971,0.004570,0.680401,14.7932,1.0000,1
3,3349,0.763831,0.039383,0.724449,7.0256,1.0000,1
3,3350,0.814028,0.178234,0.635793,9.5265,1.0000,1
3,3351,0.873512,0.327199,0.546314,23.0216,1.0000,1
3,3352,2.230336,1.243033,0.987303,38.6484,1.0000,1
3,3353,1.270435,0.727921,0.542513,26.2099,1.0000,1
3,3354,1.111623,0.434941,0.676682,22.0964,1.0000,1
3,3355,0.473803,0.096105,0.377698,12.9079,1.0000,1
3,3356,1.360755,0.723692,0.637063,44.1842,1.0000,1
3,3357,1.105709,0.406059,0.699649,16.1861,1.0000,1
3,3358,0.931734,0.076104,0.855630,10.0119,1.0000,1
3,3359,0.966929,0.258410,0.708519,12.2638,1.0000,1
3,3360,0.880889,0.049714,0.831175,13.3664,1.0000,1
3,3361,0.879915,0.224543,0.655372,10.7716,1.0000,1
3,3362,1.085842,0.138684,0.947158,5.5371,1.0000,1
3,3363,1.280754,0.401462,0.879292,18.8392,1.0000,1
3,3364,1.071056,0.329204,0.741852,8.2120,1.0000,1
3,3365,1.240359,0.438995,0.801364,8.7287,1.0000,1
3,3366,0.990957,0.216413,0.774544,10.2826,1.0000,1
3,3367,0.970056,0.256854,0.713202,12.2356,1.0000,1
3,3368,0.963792,0.132232,0.831560,4.2988,1.0000,1
3,3369,0.915668,0.081090,0.834579,6.2692,1.0000,1
3,3370,1.083064,0.144405,0.938659,8.3793,1.0000,1
3,3371,1.031876,0.255408,0.776468,10.6518,1.0000,1
3,3372,1.044474,0.060492,0.983982,2.0097,1.0000,1
3,3373,0.914169,0.156397,0.757773,6.3723,1.0000,1
3,3374,0.831480,0.032030,0.799450,8.0912,1.0000,1
3,3375,0.714478,0.061530,0.652948,14.3221,1.0000,1
3,3376,1.134880,0.583041,0.551839,60.7116,1.0000,1
3,3377,1.070104,0.438741,0.631363,17.8201,1.0000,1
3,3378,0.817227,0.055344,0.761884,44.4611,1.0000,1
3,3379,0.967373,0.506921,0.460452,33.7368,1.0000,1
3,3380,0.727667,0.095464,0.632203,10.8876,1.0000,1
3,3381,0.878391,0.406128,0.472263,23.4515,1.0000,1
3,3382,0.776457,0.045590,0.730868,6.7960,1.0000,1
3,3383,1.154109,0.154762,0.999347,3.1621,1.0000,1
3,3384,0.977699,0.362457,0.615242,11.9305,1.0000,1
3,3385,1.478678,0.761846,0.716832,28.0012,1.0000,1
3,3386,1.389496,0.532765,0.856731,12.5533,1.0000,1
3,3387,1.054160,0.339378,0.714781,14.0000,1.0000,1
3,3388,0.921865,0.150562,0.771303,15.8503,1.0000,1
3,3389,1.078466,0.218218,0.860249,13.2102,1.0000,1
3,3390,0.702849,0.019223,0.683627,14.1075,1.0000,1
3,3391,1.049306,0.226277,0.823029,7.1707,1.0000,1
3,3392,0.799825,0.030988,0.768836,7.2885,1.0000,1
3,3393,0.973121,0.167941,0.805180,5.4441,1.0000,1
3,3394,0.965623,0.449677,0.515946,10.2311,1.0000,1
3,3395,0.955518,0.456085,0.499433,10.8090,1.0000,1
3,3396,0.764296,0.307273,0.457023,9.9280,1.0000,1
3,3397,1.165791,0.443299,0.722491,27.9535,1.0000,1
3,3398,0.949339,0.141019,0.808320,8.7464,1.0000,1
3,3399,0.883399,0.256646,0.626753,9.6498,1.0000,1
3,3400,0.828301,0.072251,0.756049,11.4944,1.0000,1
3,3401,0.678357,0.216313,0.462044,14.0711,1.0000,1
3,3402,1.162594,0.368782,0.793812,11.5281,1.0000,1
3,3403,1.221633,0.392920,0.828713,12.2055,1.0000,1
3,3404,1.270540,0.519987,0.750553,9.3163,1.0000,1
3,3405,0.861383,0.047046,0.814336,7.1258,1.0000,1
3,3406,0.828168,0.109627,0.718541,10.2402,1.0000,1
3,3407,0.943228,0.157392,0.785836,6.2546,1.0000,1
3,3408,1.076314,0.269148,0.807166,8.0748,1.0000,1
3,3409,0.821949,0.189473,0.632475,7.9596,1.0000,1
3,3410,0.839640,0.191889,0.647750,14.2632,1.0000,1
3,3411,1.064783,0.300146,0.764637,7.0593,1.0000,1
3,3412,1.117004,0.403441,0.713563,21.0599,1.0000,1
3,3413,0.755160,0.064771,0.690390,11.5476,1.0000,1
3,3414,0.973258,0.038899,0.934359,3.0451,1.0000,1
3,3415,0.744695,0.097506,0.647190,11.7762,1.0000,1
3,3416,0.857935,0.075941,0.781994,22.2492,1.0000,1
3,3417,1.119848,0.603206,0.516642,30.8074,1.0000,1
3,3418,1.475879,0.645932,0.829947,65.1190,1.0000,1
3,3419,1.512293,0.712431,0.799862,74.9472,1.0000,1
3,3420,1.000862,0.215855,0.785007,68.7650,1.0000,1
3,3421,0.905536,0.097623,0.807913,29.9358,1.0000,1
3,3422,0.883380,0.251906,0.631474,20.4685,1.0000,1
3,3423,0.483264,0.045571,0.437694,10.8669,1.0000,1
3,3424,1.551068,0.905193,0.645874,44.8040,1.0000,1
3,3425,2.487712,1.638347,0.849365,60.9148,1.0000,1
3,3426,1.077432,0.546465,0.530967,24.3066,1.0000,1
3,3427,0.686502,0.023704,0.662798,12.3798,1.0000,1
3,3428,0.798383,0.254797,0.543586,18.6720,1.0000,1
3,3429,1.712310,0.932716,0.779593,35.3469,1.0000,1
3,3430,0.710678,0.063885,0.646793,15.1982,1.0000,1
3,3431,1.169339,0.381901,0.787438,14.2248,1.0000,1
3,3432,1.093507,0.439372,0.654135,11.5985,1.0000,1
3,3433,1.091554,0.311365,0.780189,37.0790,1.0000,1
3,3434,0.886536,0.156699,0.729836,10.1792,1.0000,1
3,3435,0.790122,0.080397,0.709725,13.9804,1.0000,1
3,3436,1.328180,0.481968,0.846213,17.3051,1.0000,1
3,3437,1.132935,0.134956,0.997979,4.2661,1.0000,1
3,3438,1.501911,0.862941,0.638969,28.1270,1.0000,1
3,3439,1.024916,0.044058,0.980859,2.0174,1.0000,1
3,3440,0.828118,0.136456,0.691662,20.4437,1.0000,1
3,3441,0.992782,0.155488,0.837294,5.0608,1.0000,1
3,3442,0.947434,0.104817,0.842618,4.6823,1.0000,1
3,3443,0.766267,0.187515,0.578752,52.7606,1.0000,1
3,3444,1.305097,0.624109,0.680987,24.7029,1.0000,1
3,3445,0.969115,0.242775,0.726341,10.0659,1.0000,1
3,3446,1.022528,0.244373,0.778155,9.0418,1.0000,1
3,3447,1.043523,0.354183,0.689340,15.5287,1.0000,1
3,3448,0.987407,0.473601,0.513807,13.8086,1.0000,1
3,3449,0.723792,0.014260,0.709532,14.6252,1.0000,1
3,3450,1.625490,1.004067,0.621423,38.5522,1.0000,1
3,3451,0.943202,0.429072,0.514129,13.1846,1.0000,1
3,3452,0.871079,0.245495,0.625584,10.4339,1.0000,1
3,3453,0.742438,0.111143,0.631295,17.2989,1.0000,1
3,3454,0.824812,0.099217,0.725595,27.9862,1.0000,1
3,3455,0.950244,0.129919,0.820325,11.8424,1.0000,1
3,3456,1.016804,0.227512,0.789293,8.0925,1.0000,1
3,3457,0.809305,0.062429,0.746877,7.0148,1.0000,1
3,3458,1.459167,0.668493,0.790674,31.0030,1.0000,1
3,3459,0.826848,0.172561,0.654287,5.9438,1.0000,1
3,3460,1.167718,0.301306,0.866412,16.5638,1.0000,1
3,3461,0.879016,0.100124,0.778893,20.5396,1.0000,1
3,3462,0.855010,0.241777,0.613233,6.9582,1.0000,1
3,3463,1.453479,0.852142,0.601337,26.6999,1.0000,1
3,3464,0.715326,0.087134,0.628192,12.0796,1.0000,1
3,3465,0.833612,0.105858,0.727754,7.4015,1.0000,1
3,3466,1.055355,0.257421,0.797934,5.0779,1.0000,1
3,3467,0.762143,0.098896,0.663247,8.6264,1.0000,1
3,3468,0.979302,0.060450,0.918853,3.5293,1.0000,1
3,3469,0.861095,0.392326,0.468769,13.7538,1.0000,1
3,3470,1.298093,0.647052,0.651041,20.7747,1.0000,1
3,3471,0.811770,0.293659,0.518111,16.5353,1.0000,1
3,3472,0.538724,0.104952,0.433771,9.0548,1.0000,1
3,3473,0.450480,0.011611,0.438869,13.8580,1.0000,1
3,3474,1.562226,0.883537,0.678689,49.9208,1.0000,1
3,3475,1.069766,0.285489,0.784278,13.8571,1.0000,1
3,3476,0.730983,0.224500,0.506483,9.4734,1.0000,1
3,3477,0.563225,0.254412,0.308813,12.0107,1.0000,1
3,3478,0.577480,0.089096,0.488384,15.0132,1.0000,1
3,3479,1.344377,0.701059,0.643318,33.8850,1.0000,1
3,3480,0.736507,0.047596,0.688911,10.0075,1.0000,1
3,3481,0.647793,0.117494,0.530299,12.8631,1.0000,1
3,3482,0.867953,0.002441,0.865512,16.3514,1.0000,1
3,3483,0.817236,0.139560,0.677675,18.9904,1.0000,1
3,3484,0.792274,0.135920,0.656355,28.0954,1.0000,1
3,3485,1.613460,0.627318,0.986143,26.1602,1.0000,1
3,3486,1.268640,0.596709,0.671932,19.2311,1.0000,1
3,3487,0.737251,0.089306,0.647945,30.0797,1.0000,1
3,3488,1.531000,0.704450,0.826550,30.0622,1.0000,1
3,3489,0.769104,0.135021,0.634083,16.0680,1.0000,1
3,3490,1.799465,1.013931,0.785534,47.6417,1.0000,1
3,3491,0.959105,0.126961,0.832144,4.1441,1.0000,1
3,3492,1.096944,0.100790,0.996154,6.8195,1.0000,1
3,3493,0.989182,0.191276,0.797907,16.6899,1.0000,1
3,3494,1.330270,0.642240,0.688029,41.7058,1.0000,1
3,3495,0.948865,0.154742,0.794123,4.8787,1.0000,1
3,3496,0.870148,0.050542,0.819607,6.7789,1.0000,1
3,3497,1.261746,0.730840,0.530906,43.7919,1.0000,1
3,3498,0.876465,0.004029,0.872436,7.1966,1.0000,1
3,3499,0.919055,0.168279,0.750776,9.6815,1.0000,1
3,3500,0.867467,0.222556,0.644911,19.2020,1.0000,1
3,3501,0.975649,0.068343,0.907306,8.4630,1.0000,1
3,3502,1.511747,0.575213,0.936534,14.8988,1.0000,1
3,3503,0.920519,0.212079,0.708440,27.7323,1.0000,1
3,3504,0.943340,0.222674,0.720666,9.0947,1.0000,1
3,3505,1.186569,0.339674,0.846895,17.4472,1.0000,1
3,3506,1.224139,0.387673,0.836466,23.5900,1.0000,1
3,3507,0.764130,0.066345,0.697785,10.5454,1.0000,1
3,3508,1.193153,0.371370,0.821783,24.9343,1.0000,1
3,3509,0.804188,0.180375,0.623814,6.8248,1.0000,1
3,3510,0.693233,0.036660,0.656573,11.1647,1.0000,1
3,3511,0.862446,0.179647,0.682799,6.7037,1.0000,1
3,3512,0.919976,0.142122,0.777854,18.3763,1.0000,1
3,3513,0.989241,0.446947,0.542293,26.4853,1.0000,1
3,3514,1.384338,0.664681,0.719658,41.2293,1.0000,1
3,3515,0.633139,0.127813,0.505327,9.9464,1.0000,1
3,3516,1.637674,1.105280,0.532394,83.7581,1.0000,1
3,3517,0.741720,0.204212,0.537509,7.9269,1.0000,1
3,3518,0.776947,0.280831,0.496116,7.3342,1.0000,1
3,3519,1.083563,0.223131,0.860432,5.6633,1.0000,1
3,3520,0.977293,0.250922,0.726371,6.7171,1.0000,1
3,3521,0.973673,0.374344,0.599329,24.8216,1.0000,1
3,3522,0.904583,0.029532,0.875050,18.1895,1.0000,1
3,3523,1.164319,0.317395,0.846923,7.7952,1.0000,1
3,3524,0.870222,0.070243,0.799979,6.9379,1.0000,1
3,3525,0.933450,0.274063,0.659388,10.7597,1.0000,1
3,3526,0.942637,0.288137,0.654500,25.5823,1.0000,1
3,3527,0.904520,0.168064,0.736456,18.9811,1.0000,1
3,3528,0.802124,0.149390,0.652734,8.4200,1.0000,1
3,3529,0.749668,0.059071,0.690597,18.0876,1.0000,1
3,3530,0.638254,0.190114,0.448140,8.5765,1.0000,1
3,3531,0.576173,0.022177,0.553997,16.4177,1.0000,1
3,3532,0.843888,0.108675,0.735214,8.0810,1.0000,1
3,3533,0.375542,0.092743,0.282799,8.2157,1.0000,1
3,3534,1.311049,0.716911,0.594138,52.8142,1.0000,1
3,3535,0.827673,0.304001,0.523672,8.7840,1.0000,1
3,3536,1.002315,0.454691,0.547624,18.6653,1.0000,1
3,3537,1.207167,0.310291,0.896876,18.5214,1.0000,1
3,3538,0.895188,0.294007,0.601182,7.8589,1.0000,1
3,3539,0.508751,0.062165,0.446586,12.6270,1.0000,1
3,3540,0.559792,0.103565,0.456227,29.2375,1.0000,1
3,3541,0.469269,0.166895,0.302374,9.9437,1.0000,1
3,3542,0.475208,0.198304,0.276904,15.2462,1.0000,1
3,3543,1.463084,0.881842,0.581243,44.6299,1.0000,1
3,3544,1.614022,1.082573,0.531449,51.3023,1.0000,1
3,3545,0.521287,0.062619,0.458668,14.0386,1.0000,1
3,3546,2.294210,1.575457,0.718753,52.8964,1.0000,1
3,3547,1.212254,0.344429,0.867825,20.9548,1.0000,1
3,3548,1.047533,0.352594,0.694939,17.6264,1.0000,1
3,3549,0.892112,0.168520,0.723592,10.0878,1.0000,1
3,3550,1.039240,0.210676,0.828564,7.2847,1.0000,1
3,3551,0.886002,0.016034,0.869969,5.0331,1.0000,1
3,3552,1.288459,0.500405,0.788054,18.2013,1.0000,1
3,3553,1.007884,0.123402,0.884481,4.5401,1.0000,1
3,3554,0.802506,0.072513,0.729993,10.2069,1.0000,1
3,3555,1.181478,0.234522,0.946956,5.8271,1.0000,1
3,3556,0.652249,0.099615,0.552634,16.1734,1.0000,1
3,3557,0.748877,0.006281,0.742596,17.6014,1.0000,1
3,3558,0.933168,0.338200,0.594969,11.0371,1.0000,1
3,3559,0.823730,0.183736,0.639994,24.9929,1.0000,1
3,3560,1.118052,0.356042,0.762009,17.0648,1.0000,1
3,3561,0.791016,0.273243,0.517773,11.7694,1.0000,1
3,3562,2.189783,1.387921,0.801862,36.5289,1.0000,1
3,3563,1.018811,0.023579,0.995232,0.9802,0.9802,0
3,3564,0.762834,0.274839,0.487995,13.4273,1.0000,1
3,3565,0.619327,0.044094,0.575233,19.9023,1.0000,1
3,3566,0.773435,0.233436,0.539998,6.4884,1.0000,1
3,3567,0.998176,0.000425,0.997751,0.3346,0.3346,0
3,3568,0.986692,0.157124,0.829568,20.2890,1.0000,1
3,3569,1.144253,0.291583,0.852671,11.2208,1.0000,1
3,3570,0.813686,0.065737,0.747949,11.8009,1.0000,1
3,3571,0.932366,0.252647,0.679720,12.6797,1.0000,1
3,3572,1.072630,0.384643,0.687987,7.0509,1.0000,1
3,3573,0.916758,0.510507,0.406251,33.5971,1.0000,1
3,3574,0.886091,0.314175,0.571915,15.0589,1.0000,1
3,3575,0.706830,0.209521,0.497309,18.9703,1.0000,1
3,3576,0.727417,0.088854,0.638563,6.2557,1.0000,1
3,3577,1.135722,0.515586,0.620137,27.8177,1.0000,1
3,3578,0.998791,0.481667,0.517124,48.8792,1.0000,1
3,3579,0.739964,0.161980,0.577985,11.0845,1.0000,1
3,3580,0.996604,0.325107,0.671497,13.4704,1.0000,1
3,3581,0.794507,0.020948,0.773559,7.9290,1.0000,1
3,3582,0.825607,0.095246,0.730361,9.4841,1.0000,1
3,3583,0.628514,0.170238,0.458275,11.1270,1.0000,1
3,3584,0.756425,0.134001,0.622424,23.5819,1.0000,1
3,3585,0.876394,0.365582,0.510812,28.9294,1.0000,1
3,3586,1.492016,0.893046,0.598971,53.7334,1.0000,1
3,3587,1.019668,0.507473,0.512195,24.4084,1.0000,1
3,3588,2.463514,1.890341,0.573173,113.5658,1.0000,1
3,3589,1.771032,1.246372,0.524660,55.5484,1.0000,1
3,3590,0.361833,0.023852,0.337981,20.2211,1.0000,1
3,3591,1.323311,0.434311,0.888999,42.5561,1.0000,1
3,3592,0.731719,0.128079,0.603640,10.2862,1.0000,1
3,3593,1.529352,0.778307,0.751045,56.0908,1.0000,1
3,3594,2.169097,1.257522,0.911575,41.0791,1.0000,1
3,3595,0.944004,0.193311,0.750693,7.5160,1.0000,1
3,3596,0.822294,0.049818,0.772476,8.7092,1.0000,1
3,3597,1.008536,0.182885,0.825650,16.3931,1.0000,1
3,3598,1.128182,0.439530,0.688652,21.1719,1.0000,1
3,3599,0.940274,0.213888,0.726386,25.5230,1.0000,1
3,3600,0.728532,0.085418,0.643114,6.5645,1.0000,1
3,3601,0.957549,0.120344,0.837205,5.5188,1.0000,1
3,3602,0.729401,0.256936,0.472465,22.1999,1.0000,1
3,3603,1.155839,0.532198,0.623642,29.3948,1.0000,1
3,3604,0.654118,0.111605,0.542512,16.5839,1.0000,1
3,3605,0.543720,0.035246,0.508473,14.2786,1.0000,1
3,3606,1.426187,0.684237,0.741950,22.8988,1.0000,1
3,3607,0.785379,0.120293,0.665086,141.8193,1.0000,1
3,3608,0.636983,0.140863,0.496119,11.6386,1.0000,1
3,3609,1.684201,1.248077,0.436124,67.9036,1.0000,1
3,3610,1.500264,0.806642,0.693622,40.0005,1.0000,1
3,3611,0.681316,0.095393,0.585923,12.6972,1.0000,1
3,3612,0.539693,0.011112,0.528581,15.0293,1.0000,1
3,3613,0.803330,0.270797,0.532533,19.1395,1.0000,1
3,3614,1.411227,0.809486,0.601740,24.9223,1.0000,1
3,3615,1.168628,0.549501,0.619128,17.9466,1.0000,1
3,3616,0.906807,0.457657,0.449151,9.4374,1.0000,1
3,3617,0.828912,0.149841,0.679071,7.5667,1.0000,1
3,3618,0.622181,0.155306,0.466875,13.5072,1.0000,1
3,3619,1.777749,1.003796,0.773953,71.0840,1.0000,1
3,3620,1.029463,0.204001,0.825462,17.7651,1.0000,1
3,3621,0.861674,0.308604,0.553071,7.3002,1.0000,1
3,3622,0.940847,0.219437,0.721410,8.3168,1.0000,1
3,3623,0.773920,0.058036,0.715883,23.5935,1.0000,1
3,3624,0.970363,0.099818,0.870545,6.3986,1.0000,1
3,3625,1.193523,0.275980,0.917543,8.0510,1.0000,1
3,3626,1.021841,0.231936,0.789904,7.2749,1.0000,1
3,3627,1.126158,0.188970,0.937188,20.4995,1.0000,1
3,3628,1.114562,0.174690,0.939872,11.1304,1.0000,1
3,3629,1.137883,0.448045,0.689837,25.0445,1.0000,1
3,3630,0.916874,0.096443,0.820432,10.5396,1.0000,1
3,3631,1.143221,0.424371,0.718850,22.6624,1.0000,1
3,3632,0.827275,0.166947,0.660329,8.3814,1.0000,1
3,3633,0.928699,0.153884,0.774815,6.2665,1.0000,1
3,3634,1.055964,0.440254,0.615710,34.1756,1.0000,1
3,3635,1.225883,0.663438,0.562445,31.2206,1.0000,1
3,3636,1.121951,0.507520,0.614431,20.6244,1.0000,1
3,3637,0.909257,0.121241,0.788016,6.4482,1.0000,1
3,3638,1.099577,0.303209,0.796368,12.3488,1.0000,1
3,3639,1.034935,0.292927,0.742008,13.7718,1.0000,1
3,3640,0.909551,0.105690,0.803861,8.7807,1.0000,1
3,3641,0.654582,0.023258,0.631324,15.6892,1.0000,1
3,3642,0.850148,0.200425,0.649723,12.6408,1.0000,1
3,3643,1.232703,0.504149,0.728554,14.5082,1.0000,1
3,3644,0.712090,0.074473,0.637616,12.8220,1.0000,1
3,3645,1.829514,1.209379,0.620135,55.7542,1.0000,1
3,3646,1.030676,0.451425,0.579251,17.4989,1.0000,1
3,3647,0.909778,0.300552,0.609226,17.8854,1.0000,1
3,3648,0.925687,0.461647,0.464040,19.9786,1.0000,1
3,3649,1.008652,0.487617,0.521035,14.3863,1.0000,1
3,3650,0.933692,0.347001,0.586692,17.8444,1.0000,1
3,3651,1.350003,0.567888,0.782115,20.7592,1.0000,1
3,3652,0.630604,0.115910,0.514694,24.4933,1.0000,1
3,3653,1.077274,0.231914,0.845360,5.2736,1.0000,1
3,3654,0.849207,0.077531,0.771676,12.9492,1.0000,1
3,3655,0.843903,0.041464,0.802438,6.7004,1.0000,1
3,3656,0.892725,0.157861,0.734864,5.9078,1.0000,1
3,3657,0.969974,0.219614,0.750360,6.0162,1.0000,1
3,3658,0.762294,0.093531,0.668764,8.2744,1.0000,1
3,3659,0.959105,0.115909,0.843195,5.4201,1.0000,1
3,3660,1.179783,0.442227,0.737556,10.5432,1.0000,1
3,3661,0.486866,0.042387,0.444479,7.8101,1.0000,1
3,3662,2.861434,1.970678,0.890756,55.0794,1.0000,1
3,3663,1.355635,0.605632,0.750003,16.4585,1.0000,1
3,3664,1.082029,0.090711,0.991318,3.6322,1.0000,1
3,3665,0.783957,0.221738,0.562219,25.0594,1.0000,1
3,3666,0.785853,0.270719,0.515134,11.3432,1.0000,1
3,3667,1.323703,0.638795,0.684908,31.8338,1.0000,1
3,3668,1.227302,0.556773,0.670529,40.1413,1.0000,1
3,3669,1.058627,0.061307,0.997321,1.6084,1.0000,1
3,3670,1.046281,0.054347,0.991934,3.6318,1.0000,1
3,3671,0.893503,0.260953,0.632550,17.1100,1.0000,1
3,3672,0.631743,0.013327,0.618416,12.7548,1.0000,1
3,3673,0.817915,0.045940,0.771975,8.5006,1.0000,1
3,3674,0.925442,0.152185,0.773257,6.5650,1.0000,1
3,3675,0.881317,0.102544,0.778773,9.3640,1.0000,1
3,3676,0.758336,0.264096,0.494240,11.6438,1.0000,1
3,3677,0.648077,0.043162,0.604915,12.4134,1.0000,1
3,3678,0.774706,0.073863,0.700842,13.4306,1.0000,1
3,3679,0.586093,0.080663,0.505430,9.2104,1.0000,1
3,3680,1.550254,1.001322,0.548932,107.7956,1.0000,1
3,3681,1.496580,0.591543,0.905037,26.1648,1.0000,1
3,3682,1.543382,0.856142,0.687239,78.0646,1.0000,1
3,3683,1.188041,0.380860,0.807181,46.9879,1.0000,1
3,3684,0.969368,0.298970,0.670398,20.3053,1.0000,1
3,3685,1.098530,0.162211,0.936319,10.2684,1.0000,1
3,3686,0.784669,0.140740,0.643929,18.5466,1.0000,1
3,3687,0.729723,0.130398,0.599325,12.0629,1.0000,1
3,3688,0.932418,0.439601,0.492817,13.5818,1.0000,1
3,3689,1.561019,0.768425,0.792594,51.6707,1.0000,1
3,3690,1.187810,0.495017,0.692793,19.1001,1.0000,1
3,3691,0.542008,0.010271,0.531737,19.6619,1.0000,1
3,3692,0.880684,0.284717,0.595967,11.7965,1.0000,1
3,3693,0.732831,0.162214,0.570617,15.1767,1.0000,1
3,3694,2.083181,1.467465,0.615716,65.1813,1.0000,1
3,3695,0.906398,0.093749,0.812648,8.6642,1.0000,1
3,3696,0.597694,0.063152,0.534542,15.7342,1.0000,1
3,3697,0.837224,0.428625,0.408599,36.4278,1.0000,1
3,3698,1.833014,1.081418,0.751596,76.6289,1.0000,1
3,3699,1.873978,1.380694,0.493284,79.7978,1.0000,1
3,3700,1.432371,0.510341,0.922029,49.9599,1.0000,1
3,3701,1.010250,0.249881,0.760369,41.7961,1.0000,1
3,3702,1.582288,0.703048,0.879240,40.7230,1.0000,1
3,3703,1.226741,0.299476,0.927266,7.5009,1.0000,1
3,3704,1.049004,0.138221,0.910783,19.5367,1.0000,1
3,3705,1.520135,0.567310,0.952825,18.9542,1.0000,1
3,3706,1.056493,0.068999,0.987494,1.7293,1.0000,1
3,3707,0.853588,0.112835,0.740753,14.5858,1.0000,1
3,3708,0.940117,0.038767,0.901350,12.5988,1.0000,1
3,3709,0.959935,0.049310,0.910624,8.4901,1.0000,1
3,3710,1.055541,0.191220,0.864321,8.0468,1.0000,1
3,3711,1.268378,0.406293,0.862085,14.7245,1.0000,1
